area_id,native_key,district_number,area_name_fa,level,date,period_code,period_id,label,price_psm_median_toman,price_psm_smoothed_toman,price_psm_p25_toman,price_psm_p75_toman,price_total_median_toman,sample_size,trust,source,metraj_band,window_months
78a46ed6-4109-5285-6362-6dff361af0c0,272896:1,1,منطقه 1,MUNICIPAL_AREA,2021-08-23,1400-06,246,شهریور - 1400,45642201.83,32019397.42,37692307.69,60000000,9950000000,9,MODELED,listing,metraj_all,3
78a46ed6-4109-5285-6362-6dff361af0c0,272896:1,1,منطقه 1,MUNICIPAL_AREA,2021-09-23,1400-07,247,مهر - 1400,85930851.07,36131639.75,71250000,117021276.6,11000000000,4,MODELED,listing,metraj_all,3
78a46ed6-4109-5285-6362-6dff361af0c0,272896:1,1,منطقه 1,MUNICIPAL_AREA,2021-10-23,1400-08,248,آبان - 1400,66250000,31612678.81,46875000,84215425.53,13500000000,4,MODELED,listing,metraj_all,3
78a46ed6-4109-5285-6362-6dff361af0c0,272896:1,1,منطقه 1,MUNICIPAL_AREA,2021-11-22,1400-09,249,آذر - 1400,66250000,23074822.91,58125000,74375000,15750000000,2,MODELED,listing,metraj_all,3
78a46ed6-4109-5285-6362-6dff361af0c0,272896:1,1,منطقه 1,MUNICIPAL_AREA,2021-12-22,1400-10,250,دی - 1400,50000000,17246473.31,50000000,50000000,15000000000,1,MODELED,listing,metraj_all,3
78a46ed6-4109-5285-6362-6dff361af0c0,272896:1,1,منطقه 1,MUNICIPAL_AREA,2022-01-21,1400-11,251,بهمن - 1400,12000000,13356852.11,12000000,12000000,3600000000,1,MODELED,listing,metraj_all,3
78a46ed6-4109-5285-6362-6dff361af0c0,272896:1,1,منطقه 1,MUNICIPAL_AREA,2022-02-20,1400-12,252,اسفند - 1400,12000000,13670216.91,12000000,12000000,3600000000,1,MODELED,listing,metraj_all,3
78a46ed6-4109-5285-6362-6dff361af0c0,272896:1,1,منطقه 1,MUNICIPAL_AREA,2022-03-21,1401-01,253,فروردین - 1401,12030075.19,13966856.33,12015037.6,30534268.37,2550000000,3,MODELED,listing,metraj_all,3
78a46ed6-4109-5285-6362-6dff361af0c0,272896:1,1,منطقه 1,MUNICIPAL_AREA,2022-04-21,1401-02,254,اردیبهشت - 1401,44924293.79,44763847.89,40187407.53,50425000,3400000000,64,DIRECT,listing,metraj_all,3
78a46ed6-4109-5285-6362-6dff361af0c0,272896:1,1,منطقه 1,MUNICIPAL_AREA,2022-05-22,1401-03,255,خرداد - 1401,46262626.26,46255068.78,42105263.16,53225806.45,3600000000,145,DIRECT,listing,metraj_all,3
78a46ed6-4109-5285-6362-6dff361af0c0,272896:1,1,منطقه 1,MUNICIPAL_AREA,2022-06-22,1401-04,256,تیر - 1401,45426319.56,44885124.45,35000000,55701923.08,4200000000,346,DIRECT,listing,metraj_all,3
78a46ed6-4109-5285-6362-6dff361af0c0,272896:1,1,منطقه 1,MUNICIPAL_AREA,2022-07-23,1401-05,257,مرداد - 1401,41525735.3,41235479.08,30660714.28,55000000,4560000000,612,DIRECT,listing,metraj_all,3
78a46ed6-4109-5285-6362-6dff361af0c0,272896:1,1,منطقه 1,MUNICIPAL_AREA,2022-08-23,1401-06,258,شهریور - 1401,39027363.19,38863778.63,30476190.48,56025862.07,5100000000,1042,DIRECT,listing,metraj_all,3
78a46ed6-4109-5285-6362-6dff361af0c0,272896:1,1,منطقه 1,MUNICIPAL_AREA,2022-09-23,1401-07,259,مهر - 1401,38709677.42,38508782.31,30421341.32,55871794.88,5200000000,839,DIRECT,listing,metraj_all,3
78a46ed6-4109-5285-6362-6dff361af0c0,272896:1,1,منطقه 1,MUNICIPAL_AREA,2022-10-23,1401-08,260,آبان - 1401,40000000,39636335.18,31352699.53,57018518.52,5400000000,511,DIRECT,listing,metraj_all,3
78a46ed6-4109-5285-6362-6dff361af0c0,272896:1,1,منطقه 1,MUNICIPAL_AREA,2022-11-22,1401-09,261,آذر - 1401,34697452.23,33802989.48,29056211.59,44469696.97,5255000000,104,DIRECT,listing,metraj_all,3
78a46ed6-4109-5285-6362-6dff361af0c0,272896:1,1,منطقه 1,MUNICIPAL_AREA,2022-12-22,1401-10,262,دی - 1401,39877300.61,39740118.59,33333333.33,48780487.8,6000000000,953,DIRECT,listing,metraj_all,3
78a46ed6-4109-5285-6362-6dff361af0c0,272896:1,1,منطقه 1,MUNICIPAL_AREA,2023-01-21,1401-11,263,بهمن - 1401,41500000,41431157.58,34953750.49,52247596.16,6150000000,1951,DIRECT,listing,metraj_all,3
78a46ed6-4109-5285-6362-6dff361af0c0,272896:1,1,منطقه 1,MUNICIPAL_AREA,2023-02-20,1401-12,264,اسفند - 1401,43718750,43662490.54,35752016.13,54618945.87,6500000000,2480,DIRECT,listing,metraj_all,3
78a46ed6-4109-5285-6362-6dff361af0c0,272896:1,1,منطقه 1,MUNICIPAL_AREA,2023-03-21,1402-01,265,فروردین - 1402,45508620.69,45419815.77,37037037.04,56000000,6735000000,1634,DIRECT,listing,metraj_all,3
78a46ed6-4109-5285-6362-6dff361af0c0,272896:1,1,منطقه 1,MUNICIPAL_AREA,2023-04-21,1402-02,266,اردیبهشت - 1402,62500000,62420091,48275862.07,77777777.78,9800000000,3147,DIRECT,listing,metraj_all,3
78a46ed6-4109-5285-6362-6dff361af0c0,272896:1,1,منطقه 1,MUNICIPAL_AREA,2023-05-22,1402-03,267,خرداد - 1402,66000000,65947295.25,53608247.42,81666666.67,10600000000,5065,DIRECT,listing,metraj_all,3
78a46ed6-4109-5285-6362-6dff361af0c0,272896:1,1,منطقه 1,MUNICIPAL_AREA,2023-06-22,1402-04,268,تیر - 1402,66000000,65964276.26,52898573.2,82222222.22,10500000000,7548,DIRECT,listing,metraj_all,3
78a46ed6-4109-5285-6362-6dff361af0c0,272896:1,1,منطقه 1,MUNICIPAL_AREA,2023-07-23,1402-05,269,مرداد - 1402,66486486.49,66448775.43,52868852.46,84000000,10300000000,7345,DIRECT,listing,metraj_all,3
78a46ed6-4109-5285-6362-6dff361af0c0,272896:1,1,منطقه 1,MUNICIPAL_AREA,2023-08-23,1402-06,270,شهریور - 1402,65870639.67,65830131.72,52187500,83333333.33,10200000000,6788,DIRECT,listing,metraj_all,3
78a46ed6-4109-5285-6362-6dff361af0c0,272896:1,1,منطقه 1,MUNICIPAL_AREA,2023-09-23,1402-07,271,مهر - 1402,65500000,65454980.65,52187500,83076923.08,10200000000,6075,DIRECT,listing,metraj_all,3
78a46ed6-4109-5285-6362-6dff361af0c0,272896:1,1,منطقه 1,MUNICIPAL_AREA,2023-10-23,1402-08,272,آبان - 1402,65000000,64955261.83,50668918.92,80099442.15,10000000000,6030,DIRECT,listing,metraj_all,3
78a46ed6-4109-5285-6362-6dff361af0c0,272896:1,1,منطقه 1,MUNICIPAL_AREA,2023-11-22,1402-09,273,آذر - 1402,64393489.86,64348958.66,50000000,80000000,9700000000,5980,DIRECT,listing,metraj_all,3
78a46ed6-4109-5285-6362-6dff361af0c0,272896:1,1,منطقه 1,MUNICIPAL_AREA,2023-12-22,1402-10,274,دی - 1402,63846153.85,63792265.22,49802196.51,80000000,9500000000,4879,DIRECT,listing,metraj_all,3
78a46ed6-4109-5285-6362-6dff361af0c0,272896:1,1,منطقه 1,MUNICIPAL_AREA,2024-01-21,1402-11,275,بهمن - 1402,64000000,63898220.62,50000000,80260942.76,9486000000,2616,DIRECT,listing,metraj_all,3
78a46ed6-4109-5285-6362-6dff361af0c0,272896:1,1,منطقه 1,MUNICIPAL_AREA,2024-02-20,1402-12,276,اسفند - 1402,65298245.61,65170476.76,50086206.9,83149671.06,9600000000,1970,DIRECT,listing,metraj_all,3
78a46ed6-4109-5285-6362-6dff361af0c0,272896:1,1,منطقه 1,MUNICIPAL_AREA,2024-03-20,1403-01,277,فروردین - 1403,66000000,65903116.09,51482213.44,85000000,9700000000,2451,DIRECT,listing,metraj_all,3
78a46ed6-4109-5285-6362-6dff361af0c0,272896:1,1,منطقه 1,MUNICIPAL_AREA,2024-04-20,1403-02,278,اردیبهشت - 1403,67424242.42,67371099.21,52631578.95,85480139.68,9800000000,4555,DIRECT,listing,metraj_all,3
78a46ed6-4109-5285-6362-6dff361af0c0,272896:1,1,منطقه 1,MUNICIPAL_AREA,2024-05-21,1403-03,279,خرداد - 1403,68461538.46,68412995.26,53186653.77,87305615.99,9900000000,5043,DIRECT,listing,metraj_all,3
78a46ed6-4109-5285-6362-6dff361af0c0,272896:1,1,منطقه 1,MUNICIPAL_AREA,2024-06-21,1403-04,280,تیر - 1403,68947368.42,68899493.75,53448275.86,86842105.26,10000000000,5157,DIRECT,listing,metraj_all,3
78a46ed6-4109-5285-6362-6dff361af0c0,272896:1,1,منطقه 1,MUNICIPAL_AREA,2024-07-22,1403-05,281,مرداد - 1403,68965517.24,68884010.51,53271028.04,86666666.67,10000000000,3053,DIRECT,listing,metraj_all,3
78a46ed6-4109-5285-6362-6dff361af0c0,272896:1,1,منطقه 1,MUNICIPAL_AREA,2024-08-22,1403-06,282,شهریور - 1403,68269230.77,68080830.94,53137303.15,85064102.57,9900000000,1267,DIRECT,listing,metraj_all,3
78a46ed6-4109-5285-6362-6dff361af0c0,272896:1,1,منطقه 1,MUNICIPAL_AREA,2024-09-22,1403-07,283,مهر - 1403,46196428.57,61397110.45,29000000,67857142.86,5580000000,4,MODELED,listing,metraj_all,3
78a46ed6-4109-5285-6362-6dff361af0c0,272896:1,1,منطقه 1,MUNICIPAL_AREA,2024-10-22,1403-08,284,آبان - 1403,29000000,55859609.86,29000000,29000000,3770000000,2,MODELED,listing,metraj_all,3
78a46ed6-4109-5285-6362-6dff361af0c0,272896:1,1,منطقه 1,MUNICIPAL_AREA,2024-11-21,1403-09,285,آذر - 1403,72463768.12,72195384.93,55298246.47,95270983.8,10899999744,1015,DIRECT,listing,metraj_all,3
78a46ed6-4109-5285-6362-6dff361af0c0,272896:1,1,منطقه 1,MUNICIPAL_AREA,2024-12-21,1403-10,286,دی - 1403,72547673.42,72428520.68,55000000,95665107.97,11000000512,2260,DIRECT,listing,metraj_all,3
78a46ed6-4109-5285-6362-6dff361af0c0,272896:1,1,منطقه 1,MUNICIPAL_AREA,2025-01-20,1403-11,287,بهمن - 1403,73333335.04,73267007.67,55555554.77,95917808.22,11000000512,4072,DIRECT,listing,metraj_all,3
78a46ed6-4109-5285-6362-6dff361af0c0,272896:1,1,منطقه 1,MUNICIPAL_AREA,2025-02-19,1403-12,288,اسفند - 1403,74000000,73938115.59,56652891.02,97240990.67,11200000000,4248,DIRECT,listing,metraj_all,3
78a46ed6-4109-5285-6362-6dff361af0c0,272896:1,1,منطقه 1,MUNICIPAL_AREA,2025-03-21,1404-01,289,فروردین - 1404,75000001.94,74926175.53,58181818.18,99999999.03,11399999488,3553,DIRECT,listing,metraj_all,3
78a46ed6-4109-5285-6362-6dff361af0c0,272896:1,1,منطقه 1,MUNICIPAL_AREA,2025-04-21,1404-02,290,اردیبهشت - 1404,81770833.33,81690745.53,61875001.6,110344827.59,12800000000,3957,DIRECT,listing,metraj_all,3
78a46ed6-4109-5285-6362-6dff361af0c0,272896:1,1,منطقه 1,MUNICIPAL_AREA,2025-05-22,1404-03,291,خرداد - 1404,85294116.9,85221633.49,64483564.29,119999997.77,13500000000,4806,DIRECT,listing,metraj_all,3
78a46ed6-4109-5285-6362-6dff361af0c0,272896:1,1,منطقه 1,MUNICIPAL_AREA,2025-06-22,1404-04,292,تیر - 1404,86219386.39,86165387.8,65126895.85,119000000,13625000000,6600,DIRECT,listing,metraj_all,3
78a46ed6-4109-5285-6362-6dff361af0c0,272896:1,1,منطقه 1,MUNICIPAL_AREA,2025-07-23,1404-05,293,مرداد - 1404,86923076.92,86868264.16,65860961.01,118512851.9,13500000000,6635,DIRECT,listing,metraj_all,3
78a46ed6-4109-5285-6362-6dff361af0c0,272896:1,1,منطقه 1,MUNICIPAL_AREA,2025-08-23,1404-06,294,شهریور - 1404,87535310.74,87486779.54,66477112.95,118918918.92,13600000000,7442,DIRECT,listing,metraj_all,3
78a46ed6-4109-5285-6362-6dff361af0c0,272896:1,1,منطقه 1,MUNICIPAL_AREA,2025-09-23,1404-07,295,مهر - 1404,90000000,89955385.09,68902439.02,120263157.89,14000000000,8333,DIRECT,listing,metraj_all,3
78a46ed6-4109-5285-6362-6dff361af0c0,272896:1,1,منطقه 1,MUNICIPAL_AREA,2025-10-23,1404-08,296,آبان - 1404,94642857.14,94600713.79,71333333.33,125000000,15000000000,9584,DIRECT,listing,metraj_all,3
78a46ed6-4109-5285-6362-6dff361af0c0,272896:1,1,منطقه 1,MUNICIPAL_AREA,2025-11-22,1404-09,297,آذر - 1404,99444444.44,99402273.56,75000000,127083333.33,15600000000,10292,DIRECT,listing,metraj_all,3
78a46ed6-4109-5285-6362-6dff361af0c0,272896:1,1,منطقه 1,MUNICIPAL_AREA,2025-12-22,1404-10,298,دی - 1404,103817330.21,103772230.74,78692319.37,134161585.37,16500000000,9938,DIRECT,listing,metraj_all,3
78a46ed6-4109-5285-6362-6dff361af0c0,272896:1,1,منطقه 1,MUNICIPAL_AREA,2026-01-21,1404-11,299,بهمن - 1404,115568862.28,115521773.29,85833333.33,149836065.57,18600000000,10729,DIRECT,listing,metraj_all,3
78a46ed6-4109-5285-6362-6dff361af0c0,272896:1,1,منطقه 1,MUNICIPAL_AREA,2026-02-20,1404-12,300,اسفند - 1404,125375513.77,125312572.75,95000000,160000000,20500000000,8788,DIRECT,listing,metraj_all,3
78a46ed6-4109-5285-6362-6dff361af0c0,272896:1,1,منطقه 1,MUNICIPAL_AREA,2026-03-21,1405-01,301,فروردین - 1405,138709677.42,138630400.55,104545454.55,180000000,23000000000,7689,DIRECT,listing,metraj_all,3
78a46ed6-4109-5285-6362-6dff361af0c0,272896:1,1,منطقه 1,MUNICIPAL_AREA,2026-04-21,1405-02,302,اردیبهشت - 1405,168750000,168653927.81,125355072.46,220449099.63,28000000000,7840,DIRECT,listing,metraj_all,3
78a46ed6-4109-5285-6362-6dff361af0c0,272896:1,1,منطقه 1,MUNICIPAL_AREA,2026-05-22,1405-03,303,خرداد - 1405,186666666.67,186590795.47,140740740.74,243750000,31300000000,10848,DIRECT,listing,metraj_all,3
78a46ed6-4109-5285-6362-6dff361af0c0,272896:1,1,منطقه 1,MUNICIPAL_AREA,2026-06-22,1405-04,304,تیر - 1405,191338582.68,191260274.62,146875000,250000000,32000000000,10377,DIRECT,listing,metraj_all,3
78a46ed6-4109-5285-6362-6dff361af0c0,272896:1,1,منطقه 1,MUNICIPAL_AREA,2026-07-23,1405-05,305,مرداد - 1405,200000000,199909413.92,153846153.85,260000000,33000000000,9157,DIRECT,listing,metraj_all,3
0905c12c-19e5-25a1-f4ef-b7bdf6ae5361,272896:2,2,منطقه 2,MUNICIPAL_AREA,2021-08-23,1400-06,246,شهریور - 1400,34400000,22199061.22,21600000,47200000,13750000000,2,MODELED,listing,metraj_all,3
0905c12c-19e5-25a1-f4ef-b7bdf6ae5361,272896:2,2,منطقه 2,MUNICIPAL_AREA,2021-09-23,1400-07,247,مهر - 1400,8800000,15538141.11,8800000,8800000,1100000000,1,MODELED,listing,metraj_all,3
0905c12c-19e5-25a1-f4ef-b7bdf6ae5361,272896:2,2,منطقه 2,MUNICIPAL_AREA,2021-10-23,1400-08,248,آبان - 1400,8800000,16943409.4,8800000,8800000,1100000000,1,MODELED,listing,metraj_all,3
0905c12c-19e5-25a1-f4ef-b7bdf6ae5361,272896:2,2,منطقه 2,MUNICIPAL_AREA,2021-11-22,1400-09,249,آذر - 1400,8571428.57,13906300.32,8571428.57,8571428.57,2400000000,1,MODELED,listing,metraj_all,3
0905c12c-19e5-25a1-f4ef-b7bdf6ae5361,272896:2,2,منطقه 2,MUNICIPAL_AREA,2021-12-22,1400-10,250,دی - 1400,8571428.57,13480239.54,8571428.57,8571428.57,2400000000,1,MODELED,listing,metraj_all,3
0905c12c-19e5-25a1-f4ef-b7bdf6ae5361,272896:2,2,منطقه 2,MUNICIPAL_AREA,2022-01-21,1400-11,251,بهمن - 1400,8571428.57,13045163.8,8571428.57,8571428.57,2400000000,1,MODELED,listing,metraj_all,3
0905c12c-19e5-25a1-f4ef-b7bdf6ae5361,272896:2,2,منطقه 2,MUNICIPAL_AREA,2022-06-22,1401-04,256,تیر - 1401,18391791.05,20157241.6,17567561.47,20726756.41,2570000000,34,DIRECT,listing,metraj_all,3
0905c12c-19e5-25a1-f4ef-b7bdf6ae5361,272896:2,2,منطقه 2,MUNICIPAL_AREA,2022-07-23,1401-05,257,مرداد - 1401,18500000,19058629.01,17271409.75,20500000,2500000000,79,DIRECT,listing,metraj_all,3
0905c12c-19e5-25a1-f4ef-b7bdf6ae5361,272896:2,2,منطقه 2,MUNICIPAL_AREA,2022-08-23,1401-06,258,شهریور - 1401,18750000,18970738.63,17446808.51,20985915.49,2400000000,129,DIRECT,listing,metraj_all,3
0905c12c-19e5-25a1-f4ef-b7bdf6ae5361,272896:2,2,منطقه 2,MUNICIPAL_AREA,2022-09-23,1401-07,259,مهر - 1401,19000000,19252731.69,17271409.75,20992957.75,2350000000,95,DIRECT,listing,metraj_all,3
0905c12c-19e5-25a1-f4ef-b7bdf6ae5361,272896:2,2,منطقه 2,MUNICIPAL_AREA,2022-10-23,1401-08,260,آبان - 1401,19618599.8,19857677.02,18000000,21000000,2255000000,50,DIRECT,listing,metraj_all,3
0905c12c-19e5-25a1-f4ef-b7bdf6ae5361,272896:2,2,منطقه 2,MUNICIPAL_AREA,2022-11-22,1401-09,261,آذر - 1401,35903225.81,34827504.22,23525960.17,43422222.22,4615000000,96,DIRECT,listing,metraj_all,3
0905c12c-19e5-25a1-f4ef-b7bdf6ae5361,272896:2,2,منطقه 2,MUNICIPAL_AREA,2022-12-22,1401-10,262,دی - 1401,41000000,40804988.73,26190476.19,51162790.7,5800000000,725,DIRECT,listing,metraj_all,3
0905c12c-19e5-25a1-f4ef-b7bdf6ae5361,272896:2,2,منطقه 2,MUNICIPAL_AREA,2023-01-21,1401-11,263,بهمن - 1401,40000000,39915014.17,27043422.48,54347826.09,5535000000,1402,DIRECT,listing,metraj_all,3
0905c12c-19e5-25a1-f4ef-b7bdf6ae5361,272896:2,2,منطقه 2,MUNICIPAL_AREA,2023-02-20,1401-12,264,اسفند - 1401,43062500,42986677.43,29393877.55,56000000,5900000000,1751,DIRECT,listing,metraj_all,3
0905c12c-19e5-25a1-f4ef-b7bdf6ae5361,272896:2,2,منطقه 2,MUNICIPAL_AREA,2023-03-21,1402-01,265,فروردین - 1402,44897959.18,44774491.68,31146649.81,58933788.8,5800000000,1123,DIRECT,listing,metraj_all,3
0905c12c-19e5-25a1-f4ef-b7bdf6ae5361,272896:2,2,منطقه 2,MUNICIPAL_AREA,2023-04-21,1402-02,266,اردیبهشت - 1402,50000000,49906210.23,36064560.44,69920000,6460000000,1347,DIRECT,listing,metraj_all,3
0905c12c-19e5-25a1-f4ef-b7bdf6ae5361,272896:2,2,منطقه 2,MUNICIPAL_AREA,2023-05-22,1402-03,267,خرداد - 1402,51367880.49,51302320.19,37864010.99,73238146.55,6350000000,1838,DIRECT,listing,metraj_all,3
0905c12c-19e5-25a1-f4ef-b7bdf6ae5361,272896:2,2,منطقه 2,MUNICIPAL_AREA,2023-06-22,1402-04,268,تیر - 1402,49282051.28,49244332.82,36363636.36,73333333.33,6200000000,2716,DIRECT,listing,metraj_all,3
0905c12c-19e5-25a1-f4ef-b7bdf6ae5361,272896:2,2,منطقه 2,MUNICIPAL_AREA,2023-07-23,1402-05,269,مرداد - 1402,46500000,46472653.49,35119570.95,72872023.81,6100000000,2824,DIRECT,listing,metraj_all,3
0905c12c-19e5-25a1-f4ef-b7bdf6ae5361,272896:2,2,منطقه 2,MUNICIPAL_AREA,2023-08-23,1402-06,270,شهریور - 1402,43000000,42982824.19,35000000,70418368.2,5735000000,2707,DIRECT,listing,metraj_all,3
0905c12c-19e5-25a1-f4ef-b7bdf6ae5361,272896:2,2,منطقه 2,MUNICIPAL_AREA,2023-09-23,1402-07,271,مهر - 1402,41600000,41586323.79,34482758.62,68553459.12,5525000000,2545,DIRECT,listing,metraj_all,3
0905c12c-19e5-25a1-f4ef-b7bdf6ae5361,272896:2,2,منطقه 2,MUNICIPAL_AREA,2023-10-23,1402-08,272,آبان - 1402,39230769.23,39225325.39,33333333.33,65203632.36,5000000000,2291,DIRECT,listing,metraj_all,3
0905c12c-19e5-25a1-f4ef-b7bdf6ae5361,272896:2,2,منطقه 2,MUNICIPAL_AREA,2023-11-22,1402-09,273,آذر - 1402,37241379.31,37243624.12,32339638.95,63122106.48,4700000000,2119,DIRECT,listing,metraj_all,3
0905c12c-19e5-25a1-f4ef-b7bdf6ae5361,272896:2,2,منطقه 2,MUNICIPAL_AREA,2023-12-22,1402-10,274,دی - 1402,36000000,36009101.95,32000000,57497519.84,4500000000,1638,DIRECT,listing,metraj_all,3
0905c12c-19e5-25a1-f4ef-b7bdf6ae5361,272896:2,2,منطقه 2,MUNICIPAL_AREA,2024-01-21,1402-11,275,بهمن - 1402,35900621.12,35915986.32,31853972.8,54472918.66,4500000000,883,DIRECT,listing,metraj_all,3
0905c12c-19e5-25a1-f4ef-b7bdf6ae5361,272896:2,2,منطقه 2,MUNICIPAL_AREA,2024-02-20,1402-12,276,اسفند - 1402,36111111.11,36168724.47,32894736.84,45000000,4550000000,665,DIRECT,listing,metraj_all,3
0905c12c-19e5-25a1-f4ef-b7bdf6ae5361,272896:2,2,منطقه 2,MUNICIPAL_AREA,2024-03-20,1403-01,277,فروردین - 1403,36585365.85,36655096.81,33000000,43000000,4515000000,789,DIRECT,listing,metraj_all,3
0905c12c-19e5-25a1-f4ef-b7bdf6ae5361,272896:2,2,منطقه 2,MUNICIPAL_AREA,2024-04-20,1403-02,278,اردیبهشت - 1403,37815126.05,37852823.31,33750000,43609022.56,4570000000,1409,DIRECT,listing,metraj_all,3
0905c12c-19e5-25a1-f4ef-b7bdf6ae5361,272896:2,2,منطقه 2,MUNICIPAL_AREA,2024-05-21,1403-03,279,خرداد - 1403,38731884.06,38765372.64,34249271.92,43933265.93,4700000000,1543,DIRECT,listing,metraj_all,3
0905c12c-19e5-25a1-f4ef-b7bdf6ae5361,272896:2,2,منطقه 2,MUNICIPAL_AREA,2024-06-21,1403-04,280,تیر - 1403,39000000,39032045.06,35000000,43455772.11,4700000000,1616,DIRECT,listing,metraj_all,3
0905c12c-19e5-25a1-f4ef-b7bdf6ae5361,272896:2,2,منطقه 2,MUNICIPAL_AREA,2024-07-22,1403-05,281,مرداد - 1403,39000000,39049701.84,34982142.86,43259204.08,4700000000,996,DIRECT,listing,metraj_all,3
0905c12c-19e5-25a1-f4ef-b7bdf6ae5361,272896:2,2,منطقه 2,MUNICIPAL_AREA,2024-08-22,1403-06,282,شهریور - 1403,39000000,39117620.15,35000000,43000000,4600000000,433,DIRECT,listing,metraj_all,3
0905c12c-19e5-25a1-f4ef-b7bdf6ae5361,272896:2,2,منطقه 2,MUNICIPAL_AREA,2024-09-22,1403-07,283,مهر - 1403,80000000,68615802.91,80000000,80000000,12000000000,1,MODELED,listing,metraj_all,3
0905c12c-19e5-25a1-f4ef-b7bdf6ae5361,272896:2,2,منطقه 2,MUNICIPAL_AREA,2024-10-22,1403-08,284,آبان - 1403,448000,55705756.21,448000,448000,11200000,1,MODELED,listing,metraj_all,3
0905c12c-19e5-25a1-f4ef-b7bdf6ae5361,272896:2,2,منطقه 2,MUNICIPAL_AREA,2024-11-21,1403-09,285,آذر - 1403,38216560.51,38357227.13,29473684.21,44999998.58,4600000000,469,DIRECT,listing,metraj_all,3
0905c12c-19e5-25a1-f4ef-b7bdf6ae5361,272896:2,2,منطقه 2,MUNICIPAL_AREA,2024-12-21,1403-10,286,دی - 1403,38269229.3,38338755.96,29166666.67,45217391.3,4560000000,1030,DIRECT,listing,metraj_all,3
0905c12c-19e5-25a1-f4ef-b7bdf6ae5361,272896:2,2,منطقه 2,MUNICIPAL_AREA,2025-01-20,1403-11,287,بهمن - 1403,38911658.09,38951848.71,29999998.44,45454545.45,4689999872,1818,DIRECT,listing,metraj_all,3
0905c12c-19e5-25a1-f4ef-b7bdf6ae5361,272896:2,2,منطقه 2,MUNICIPAL_AREA,2025-02-19,1403-12,288,اسفند - 1403,39802776.89,39845749.73,30647058.83,46492502.71,4860000256,1816,DIRECT,listing,metraj_all,3
0905c12c-19e5-25a1-f4ef-b7bdf6ae5361,272896:2,2,منطقه 2,MUNICIPAL_AREA,2025-03-21,1404-01,289,فروردین - 1404,40290559.23,40343488.03,32164992.72,48000000,5000000000,1578,DIRECT,listing,metraj_all,3
0905c12c-19e5-25a1-f4ef-b7bdf6ae5361,272896:2,2,منطقه 2,MUNICIPAL_AREA,2025-04-21,1404-02,290,اردیبهشت - 1404,46000000,46019464.73,37931036.25,60000000,5940000000,2045,DIRECT,listing,metraj_all,3
0905c12c-19e5-25a1-f4ef-b7bdf6ae5361,272896:2,2,منطقه 2,MUNICIPAL_AREA,2025-05-22,1404-03,291,خرداد - 1404,48000000,48008740.31,39548913.04,67307692.56,6200000000,2720,DIRECT,listing,metraj_all,3
0905c12c-19e5-25a1-f4ef-b7bdf6ae5361,272896:2,2,منطقه 2,MUNICIPAL_AREA,2025-06-22,1404-04,292,تیر - 1404,48936170.21,48940490.08,40412765.96,72673199.09,6250000000,3671,DIRECT,listing,metraj_all,3
0905c12c-19e5-25a1-f4ef-b7bdf6ae5361,272896:2,2,منطقه 2,MUNICIPAL_AREA,2025-07-23,1404-05,293,مرداد - 1404,47794117.65,47801737.71,39545454.55,64383561.64,6090000000,3541,DIRECT,listing,metraj_all,3
0905c12c-19e5-25a1-f4ef-b7bdf6ae5361,272896:2,2,منطقه 2,MUNICIPAL_AREA,2025-08-23,1404-06,294,شهریور - 1404,47000000,47012034.87,39130434.78,59055118.11,5950000000,3621,DIRECT,listing,metraj_all,3
0905c12c-19e5-25a1-f4ef-b7bdf6ae5361,272896:2,2,منطقه 2,MUNICIPAL_AREA,2025-09-23,1404-07,295,مهر - 1404,47000000,47015899.22,39047619.05,56000000,5890000000,3624,DIRECT,listing,metraj_all,3
0905c12c-19e5-25a1-f4ef-b7bdf6ae5361,272896:2,2,منطقه 2,MUNICIPAL_AREA,2025-10-23,1404-08,296,آبان - 1404,47974683.54,47990644.23,40000000,56666666.67,6000000000,3897,DIRECT,listing,metraj_all,3
0905c12c-19e5-25a1-f4ef-b7bdf6ae5361,272896:2,2,منطقه 2,MUNICIPAL_AREA,2025-11-22,1404-09,297,آذر - 1404,49236596.74,49253238.97,41062081.67,57777777.78,6150000000,4054,DIRECT,listing,metraj_all,3
0905c12c-19e5-25a1-f4ef-b7bdf6ae5361,272896:2,2,منطقه 2,MUNICIPAL_AREA,2025-12-22,1404-10,298,دی - 1404,51639784.95,51658186.05,42462522.61,62000000,6500000000,3964,DIRECT,listing,metraj_all,3
0905c12c-19e5-25a1-f4ef-b7bdf6ae5361,272896:2,2,منطقه 2,MUNICIPAL_AREA,2026-01-21,1404-11,299,بهمن - 1404,56677282.38,56697126.72,44776119.4,70000000,7300000000,4184,DIRECT,listing,metraj_all,3
0905c12c-19e5-25a1-f4ef-b7bdf6ae5361,272896:2,2,منطقه 2,MUNICIPAL_AREA,2026-02-20,1404-12,300,اسفند - 1404,63238095.24,63257815,50000000,75757575.76,8200000000,3419,DIRECT,listing,metraj_all,3
0905c12c-19e5-25a1-f4ef-b7bdf6ae5361,272896:2,2,منطقه 2,MUNICIPAL_AREA,2026-03-21,1405-01,301,فروردین - 1405,72000000,72017715.95,58098591.55,102941176.47,9800000000,3193,DIRECT,listing,metraj_all,3
0905c12c-19e5-25a1-f4ef-b7bdf6ae5361,272896:2,2,منطقه 2,MUNICIPAL_AREA,2026-04-21,1405-02,302,اردیبهشت - 1405,90000000,90009197.94,70947063.69,120000000,12200000000,3614,DIRECT,listing,metraj_all,3
0905c12c-19e5-25a1-f4ef-b7bdf6ae5361,272896:2,2,منطقه 2,MUNICIPAL_AREA,2026-05-22,1405-03,303,خرداد - 1405,96000000,96016240.13,76000000,116705607.48,12800000000,5092,DIRECT,listing,metraj_all,3
0905c12c-19e5-25a1-f4ef-b7bdf6ae5361,272896:2,2,منطقه 2,MUNICIPAL_AREA,2026-06-22,1405-04,304,تیر - 1405,97080291.97,97107445.62,77123197.9,115000000,12700000000,4748,DIRECT,listing,metraj_all,3
0905c12c-19e5-25a1-f4ef-b7bdf6ae5361,272896:2,2,منطقه 2,MUNICIPAL_AREA,2026-07-23,1405-05,305,مرداد - 1405,105600000,105625516.04,87222222.22,125326268.36,13850000000,4442,DIRECT,listing,metraj_all,3
fab15df3-1406-a20b-55a6-2a2366095034,272896:3,3,منطقه 3,MUNICIPAL_AREA,2022-03-21,1401-01,253,فروردین - 1401,39444444.44,16811213.74,39444444.44,39444444.44,3550000000,1,MODELED,listing,metraj_all,3
fab15df3-1406-a20b-55a6-2a2366095034,272896:3,3,منطقه 3,MUNICIPAL_AREA,2022-04-21,1401-02,254,اردیبهشت - 1401,39444444.44,43346762.36,39444444.44,39444444.44,3550000000,1,MODELED,listing,metraj_all,3
fab15df3-1406-a20b-55a6-2a2366095034,272896:3,3,منطقه 3,MUNICIPAL_AREA,2022-05-22,1401-03,255,خرداد - 1401,39444444.44,45536299.84,39444444.44,39444444.44,3550000000,1,MODELED,listing,metraj_all,3
fab15df3-1406-a20b-55a6-2a2366095034,272896:3,3,منطقه 3,MUNICIPAL_AREA,2022-06-22,1401-04,256,تیر - 1401,20098039.22,22343125.98,15686274.51,25000000,2160000000,17,MODELED,listing,metraj_all,3
fab15df3-1406-a20b-55a6-2a2366095034,272896:3,3,منطقه 3,MUNICIPAL_AREA,2022-07-23,1401-05,257,مرداد - 1401,19117647.06,19642243.58,16000000,23333333.33,2320000000,73,DIRECT,listing,metraj_all,3
fab15df3-1406-a20b-55a6-2a2366095034,272896:3,3,منطقه 3,MUNICIPAL_AREA,2022-08-23,1401-06,258,شهریور - 1401,19469026.55,19633309.1,17105263.16,23750000,2530000000,133,DIRECT,listing,metraj_all,3
fab15df3-1406-a20b-55a6-2a2366095034,272896:3,3,منطقه 3,MUNICIPAL_AREA,2022-09-23,1401-07,259,مهر - 1401,19422013.28,19599129.9,17178101.5,23562237.39,2550000000,116,DIRECT,listing,metraj_all,3
fab15df3-1406-a20b-55a6-2a2366095034,272896:3,3,منطقه 3,MUNICIPAL_AREA,2022-10-23,1401-08,260,آبان - 1401,20363157.9,20461715.79,17940220.92,23984434.69,2925000000,60,DIRECT,listing,metraj_all,3
fab15df3-1406-a20b-55a6-2a2366095034,272896:3,3,منطقه 3,MUNICIPAL_AREA,2022-11-22,1401-09,261,آذر - 1401,22297494.18,23215445.33,20119680.85,23335777.12,2850000000,14,MODELED,listing,metraj_all,3
fab15df3-1406-a20b-55a6-2a2366095034,272896:3,3,منطقه 3,MUNICIPAL_AREA,2022-12-22,1401-10,262,دی - 1401,23190909.09,23373843.98,20197368.42,26089147.29,2987500000,180,DIRECT,listing,metraj_all,3
fab15df3-1406-a20b-55a6-2a2366095034,272896:3,3,منطقه 3,MUNICIPAL_AREA,2023-01-21,1401-11,263,بهمن - 1401,24538766.27,24623600.45,20668530.06,28208820.88,3100000000,398,DIRECT,listing,metraj_all,3
fab15df3-1406-a20b-55a6-2a2366095034,272896:3,3,منطقه 3,MUNICIPAL_AREA,2023-02-20,1401-12,264,اسفند - 1401,25000000,25089717.05,21161616.16,29798790.86,3190000000,515,DIRECT,listing,metraj_all,3
fab15df3-1406-a20b-55a6-2a2366095034,272896:3,3,منطقه 3,MUNICIPAL_AREA,2023-03-21,1402-01,265,فروردین - 1402,26666666.67,26784511.81,21812824.14,31117860.19,3200000000,350,DIRECT,listing,metraj_all,3
fab15df3-1406-a20b-55a6-2a2366095034,272896:3,3,منطقه 3,MUNICIPAL_AREA,2023-04-21,1402-02,266,اردیبهشت - 1402,35000000,35039252.64,27272727.27,40457142.86,4330000000,569,DIRECT,listing,metraj_all,3
fab15df3-1406-a20b-55a6-2a2366095034,272896:3,3,منطقه 3,MUNICIPAL_AREA,2023-05-22,1402-03,267,خرداد - 1402,37619047.62,37637502.87,32000000,42857142.86,4743000000,875,DIRECT,listing,metraj_all,3
fab15df3-1406-a20b-55a6-2a2366095034,272896:3,3,منطقه 3,MUNICIPAL_AREA,2023-06-22,1402-04,268,تیر - 1402,38000000,38007283.32,32000000,42962962.96,4700000000,1363,DIRECT,listing,metraj_all,3
fab15df3-1406-a20b-55a6-2a2366095034,272896:3,3,منطقه 3,MUNICIPAL_AREA,2023-07-23,1402-05,269,مرداد - 1402,38000000,38005462.49,32541205.69,43000000,4600000000,1363,DIRECT,listing,metraj_all,3
fab15df3-1406-a20b-55a6-2a2366095034,272896:3,3,منطقه 3,MUNICIPAL_AREA,2023-08-23,1402-06,270,شهریور - 1402,37898089.17,37901409.11,32000000,42692307.69,4500000000,1301,DIRECT,listing,metraj_all,3
fab15df3-1406-a20b-55a6-2a2366095034,272896:3,3,منطقه 3,MUNICIPAL_AREA,2023-09-23,1402-07,271,مهر - 1402,37313432.84,37320239.49,31777777.78,42000000,4450000000,1154,DIRECT,listing,metraj_all,3
fab15df3-1406-a20b-55a6-2a2366095034,272896:3,3,منطقه 3,MUNICIPAL_AREA,2023-10-23,1402-08,272,آبان - 1402,36521739.13,36534492.23,30274442.54,41821152.71,4272500000,1132,DIRECT,listing,metraj_all,3
fab15df3-1406-a20b-55a6-2a2366095034,272896:3,3,منطقه 3,MUNICIPAL_AREA,2023-11-22,1402-09,273,آذر - 1402,36303056.03,36315140.01,30000000,42000000,4200000000,1162,DIRECT,listing,metraj_all,3
fab15df3-1406-a20b-55a6-2a2366095034,272896:3,3,منطقه 3,MUNICIPAL_AREA,2023-12-22,1402-10,274,دی - 1402,36144149.97,36158070.41,30000000,42614416.48,4200000000,964,DIRECT,listing,metraj_all,3
fab15df3-1406-a20b-55a6-2a2366095034,272896:3,3,منطقه 3,MUNICIPAL_AREA,2024-01-21,1402-11,275,بهمن - 1402,36363636.36,36379899.28,30000000,43103448.28,4200000000,549,DIRECT,listing,metraj_all,3
fab15df3-1406-a20b-55a6-2a2366095034,272896:3,3,منطقه 3,MUNICIPAL_AREA,2024-02-20,1402-12,276,اسفند - 1402,38380540.26,38422714.03,32467532.47,44137793.48,4650000000,374,DIRECT,listing,metraj_all,3
fab15df3-1406-a20b-55a6-2a2366095034,272896:3,3,منطقه 3,MUNICIPAL_AREA,2024-03-20,1403-01,277,فروردین - 1403,39441981.13,39490810.06,33000000,47619047.62,4594000000,546,DIRECT,listing,metraj_all,3
fab15df3-1406-a20b-55a6-2a2366095034,272896:3,3,منطقه 3,MUNICIPAL_AREA,2024-04-20,1403-02,278,اردیبهشت - 1403,40000000,40030397.38,32834224.6,47852437.42,4620000000,1031,DIRECT,listing,metraj_all,3
fab15df3-1406-a20b-55a6-2a2366095034,272896:3,3,منطقه 3,MUNICIPAL_AREA,2024-05-21,1403-03,279,خرداد - 1403,40909090.91,40933106.56,33333333.33,48000000,4750000000,1249,DIRECT,listing,metraj_all,3
fab15df3-1406-a20b-55a6-2a2366095034,272896:3,3,منطقه 3,MUNICIPAL_AREA,2024-06-21,1403-04,280,تیر - 1403,41071428.57,41097116.78,34039377.58,48154520.36,4800000000,1212,DIRECT,listing,metraj_all,3
fab15df3-1406-a20b-55a6-2a2366095034,272896:3,3,منطقه 3,MUNICIPAL_AREA,2024-07-22,1403-05,281,مرداد - 1403,41791044.78,41821017.11,35000000,48448773.45,4950000000,727,DIRECT,listing,metraj_all,3
fab15df3-1406-a20b-55a6-2a2366095034,272896:3,3,منطقه 3,MUNICIPAL_AREA,2024-08-22,1403-06,282,شهریور - 1403,41379310.34,41477277.9,34396135.27,49318685.07,4600000000,279,DIRECT,listing,metraj_all,3
fab15df3-1406-a20b-55a6-2a2366095034,272896:3,3,منطقه 3,MUNICIPAL_AREA,2024-11-21,1403-09,285,آذر - 1403,40000000,40130381.36,33835404.64,47513311.99,4899999744,370,DIRECT,listing,metraj_all,3
fab15df3-1406-a20b-55a6-2a2366095034,272896:3,3,منطقه 3,MUNICIPAL_AREA,2024-12-21,1403-10,286,دی - 1403,41600000,41646153.87,33918059.71,48000000,4889999872,835,DIRECT,listing,metraj_all,3
fab15df3-1406-a20b-55a6-2a2366095034,272896:3,3,منطقه 3,MUNICIPAL_AREA,2025-01-20,1403-11,287,بهمن - 1403,42999999.59,43021708.48,35000000,50000002.33,5270000128,1491,DIRECT,listing,metraj_all,3
fab15df3-1406-a20b-55a6-2a2366095034,272896:3,3,منطقه 3,MUNICIPAL_AREA,2025-02-19,1403-12,288,اسفند - 1403,44589156.2,44608188.92,36739055.15,53191491.18,5500000256,1598,DIRECT,listing,metraj_all,3
fab15df3-1406-a20b-55a6-2a2366095034,272896:3,3,منطقه 3,MUNICIPAL_AREA,2025-03-21,1404-01,289,فروردین - 1404,46099288.96,46117927.6,37500000.43,55555555.56,5750000128,1383,DIRECT,listing,metraj_all,3
fab15df3-1406-a20b-55a6-2a2366095034,272896:3,3,منطقه 3,MUNICIPAL_AREA,2025-04-21,1404-02,290,اردیبهشت - 1404,46982757.52,47005913.66,35833335.47,56666666.67,5800000000,1293,DIRECT,listing,metraj_all,3
fab15df3-1406-a20b-55a6-2a2366095034,272896:3,3,منطقه 3,MUNICIPAL_AREA,2025-05-22,1404-03,291,خرداد - 1404,47027028.41,47051387.2,35161290.32,56692913.39,5800000000,1369,DIRECT,listing,metraj_all,3
fab15df3-1406-a20b-55a6-2a2366095034,272896:3,3,منطقه 3,MUNICIPAL_AREA,2025-06-22,1404-04,292,تیر - 1404,46428570.52,46452066.77,35714285.71,56954545.46,5750000000,1734,DIRECT,listing,metraj_all,3
fab15df3-1406-a20b-55a6-2a2366095034,272896:3,3,منطقه 3,MUNICIPAL_AREA,2025-07-23,1404-05,293,مرداد - 1404,46818181.82,46838400.48,37500000,56955284.56,5700000000,1811,DIRECT,listing,metraj_all,3
fab15df3-1406-a20b-55a6-2a2366095034,272896:3,3,منطقه 3,MUNICIPAL_AREA,2025-08-23,1404-06,294,شهریور - 1404,47619047.62,47636599.4,37768888.89,56892784.56,5800000000,2127,DIRECT,listing,metraj_all,3
fab15df3-1406-a20b-55a6-2a2366095034,272896:3,3,منطقه 3,MUNICIPAL_AREA,2025-09-23,1404-07,295,مهر - 1404,49000000,49015533.63,39878048.78,57500000,5984500000,2422,DIRECT,listing,metraj_all,3
fab15df3-1406-a20b-55a6-2a2366095034,272896:3,3,منطقه 3,MUNICIPAL_AREA,2025-10-23,1404-08,296,آبان - 1404,50000000,50015793.42,40000000,58886151.23,6000000000,2656,DIRECT,listing,metraj_all,3
fab15df3-1406-a20b-55a6-2a2366095034,272896:3,3,منطقه 3,MUNICIPAL_AREA,2025-11-22,1404-09,297,آذر - 1404,51570723.69,51586900.74,41528846.16,60107869.84,6200000000,2728,DIRECT,listing,metraj_all,3
fab15df3-1406-a20b-55a6-2a2366095034,272896:3,3,منطقه 3,MUNICIPAL_AREA,2025-12-22,1404-10,298,دی - 1404,54477611.94,54494555.41,43103448.28,64226190.48,6500000000,2631,DIRECT,listing,metraj_all,3
fab15df3-1406-a20b-55a6-2a2366095034,272896:3,3,منطقه 3,MUNICIPAL_AREA,2026-01-21,1404-11,299,بهمن - 1404,58000000,58025071.63,45454545.45,70000000,7150000000,2782,DIRECT,listing,metraj_all,3
fab15df3-1406-a20b-55a6-2a2366095034,272896:3,3,منطقه 3,MUNICIPAL_AREA,2026-02-20,1404-12,300,اسفند - 1404,61818181.82,61856976.6,47939619.75,74000000,7700000000,2099,DIRECT,listing,metraj_all,3
fab15df3-1406-a20b-55a6-2a2366095034,272896:3,3,منطقه 3,MUNICIPAL_AREA,2026-03-21,1405-01,301,فروردین - 1405,66666666.67,66741907.63,47200000,80000000,8300000000,1453,DIRECT,listing,metraj_all,3
fab15df3-1406-a20b-55a6-2a2366095034,272896:3,3,منطقه 3,MUNICIPAL_AREA,2026-04-21,1405-02,302,اردیبهشت - 1405,82108187.14,82192969.21,54452690.17,104597902.1,10000000000,1314,DIRECT,listing,metraj_all,3
fab15df3-1406-a20b-55a6-2a2366095034,272896:3,3,منطقه 3,MUNICIPAL_AREA,2026-05-22,1405-03,303,خرداد - 1405,94937500,94980778.77,65631793.48,115000000,11900000000,2150,DIRECT,listing,metraj_all,3
fab15df3-1406-a20b-55a6-2a2366095034,272896:3,3,منطقه 3,MUNICIPAL_AREA,2026-06-22,1405-04,304,تیر - 1405,98013245.03,98065203.22,66956521.74,117968750,12000000000,2297,DIRECT,listing,metraj_all,3
fab15df3-1406-a20b-55a6-2a2366095034,272896:3,3,منطقه 3,MUNICIPAL_AREA,2026-07-23,1405-05,305,مرداد - 1405,104625668.45,104687154.36,75646551.73,124000000,13000000000,1996,DIRECT,listing,metraj_all,3
a8f96ea2-d343-77b6-d068-576fc8e6a562,272896:4,4,منطقه 4,MUNICIPAL_AREA,2021-08-23,1400-06,246,شهریور - 1400,16363636.37,18788805.72,12430069.93,20000000,1850000000,4,MODELED,listing,metraj_all,3
a8f96ea2-d343-77b6-d068-576fc8e6a562,272896:4,4,منطقه 4,MUNICIPAL_AREA,2021-09-23,1400-07,247,مهر - 1400,20000000,17294253.73,17884615.39,21750000,2200000000,4,MODELED,listing,metraj_all,3
a8f96ea2-d343-77b6-d068-576fc8e6a562,272896:4,4,منطقه 4,MUNICIPAL_AREA,2021-10-23,1400-08,248,آبان - 1400,20000000,18398393.1,17884615.39,21750000,2200000000,4,MODELED,listing,metraj_all,3
a8f96ea2-d343-77b6-d068-576fc8e6a562,272896:4,4,منطقه 4,MUNICIPAL_AREA,2021-11-22,1400-09,249,آذر - 1400,27000000,15581624.99,27000000,27000000,3888000000,1,MODELED,listing,metraj_all,3
a8f96ea2-d343-77b6-d068-576fc8e6a562,272896:4,4,منطقه 4,MUNICIPAL_AREA,2021-12-22,1400-10,250,دی - 1400,14000000,13973746.04,14000000,14000000,1820000000,1,MODELED,listing,metraj_all,3
a8f96ea2-d343-77b6-d068-576fc8e6a562,272896:4,4,منطقه 4,MUNICIPAL_AREA,2022-01-21,1400-11,251,بهمن - 1400,15984375,13907843.6,14992187.5,16976562.5,1485000000,2,MODELED,listing,metraj_all,3
a8f96ea2-d343-77b6-d068-576fc8e6a562,272896:4,4,منطقه 4,MUNICIPAL_AREA,2022-02-20,1400-12,252,اسفند - 1400,15984375,14195094.67,14992187.5,16976562.5,1485000000,2,MODELED,listing,metraj_all,3
a8f96ea2-d343-77b6-d068-576fc8e6a562,272896:4,4,منطقه 4,MUNICIPAL_AREA,2022-03-21,1401-01,253,فروردین - 1401,16730853.88,14911717.87,16111905.81,17349801.94,1125000000,2,MODELED,listing,metraj_all,3
a8f96ea2-d343-77b6-d068-576fc8e6a562,272896:4,4,منطقه 4,MUNICIPAL_AREA,2022-04-21,1401-02,254,اردیبهشت - 1401,15492957.75,41169354.48,15492957.75,15492957.75,1100000000,1,MODELED,listing,metraj_all,3
a8f96ea2-d343-77b6-d068-576fc8e6a562,272896:4,4,منطقه 4,MUNICIPAL_AREA,2022-05-22,1401-03,255,خرداد - 1401,15492957.75,43358891.96,15492957.75,15492957.75,1100000000,1,MODELED,listing,metraj_all,3
a8f96ea2-d343-77b6-d068-576fc8e6a562,272896:4,4,منطقه 4,MUNICIPAL_AREA,2022-06-22,1401-04,256,تیر - 1401,18181818.18,19098824.54,16117647.06,23000000,2250000000,77,DIRECT,listing,metraj_all,3
a8f96ea2-d343-77b6-d068-576fc8e6a562,272896:4,4,منطقه 4,MUNICIPAL_AREA,2022-07-23,1401-05,257,مرداد - 1401,18977124.19,19176003.57,16666666.67,23368421.05,2300000000,216,DIRECT,listing,metraj_all,3
a8f96ea2-d343-77b6-d068-576fc8e6a562,272896:4,4,منطقه 4,MUNICIPAL_AREA,2022-08-23,1401-06,258,شهریور - 1401,18878205.13,18945637.74,16815164.92,22222222.22,2200000000,426,DIRECT,listing,metraj_all,3
a8f96ea2-d343-77b6-d068-576fc8e6a562,272896:4,4,منطقه 4,MUNICIPAL_AREA,2022-09-23,1401-07,259,مهر - 1401,19000000,19073918.74,16896551.72,22169811.32,2200000000,349,DIRECT,listing,metraj_all,3
a8f96ea2-d343-77b6-d068-576fc8e6a562,272896:4,4,منطقه 4,MUNICIPAL_AREA,2022-10-23,1401-08,260,آبان - 1401,18651515.16,18760676.43,16880387.93,21594736.84,2150000000,210,DIRECT,listing,metraj_all,3
a8f96ea2-d343-77b6-d068-576fc8e6a562,272896:4,4,منطقه 4,MUNICIPAL_AREA,2022-11-22,1401-09,261,آذر - 1401,22666666.67,22877460.95,20000000,26283185.84,2845000000,77,DIRECT,listing,metraj_all,3
a8f96ea2-d343-77b6-d068-576fc8e6a562,272896:4,4,منطقه 4,MUNICIPAL_AREA,2022-12-22,1401-10,262,دی - 1401,25000000,25024050.1,21428571.43,28282667.88,2900000000,683,DIRECT,listing,metraj_all,3
a8f96ea2-d343-77b6-d068-576fc8e6a562,272896:4,4,منطقه 4,MUNICIPAL_AREA,2023-01-21,1401-11,263,بهمن - 1401,26666666.67,26675855.74,22685185.19,30943396.23,3100000000,1441,DIRECT,listing,metraj_all,3
a8f96ea2-d343-77b6-d068-576fc8e6a562,272896:4,4,منطقه 4,MUNICIPAL_AREA,2023-02-20,1401-12,264,اسفند - 1401,27500000,27512451.52,23660714.29,32666666.67,3200000000,1765,DIRECT,listing,metraj_all,3
a8f96ea2-d343-77b6-d068-576fc8e6a562,272896:4,4,منطقه 4,MUNICIPAL_AREA,2023-03-21,1402-01,265,فروردین - 1402,29166666.67,29181533.78,25000000,34000000,3400000000,1162,DIRECT,listing,metraj_all,3
a8f96ea2-d343-77b6-d068-576fc8e6a562,272896:4,4,منطقه 4,MUNICIPAL_AREA,2023-04-21,1402-02,266,اردیبهشت - 1402,34615384.62,34634006.51,29870129.87,40434782.61,4000000000,1417,DIRECT,listing,metraj_all,3
a8f96ea2-d343-77b6-d068-576fc8e6a562,272896:4,4,منطقه 4,MUNICIPAL_AREA,2023-05-22,1402-03,267,خرداد - 1402,36500000,36513354.38,31260989.22,42000000,4185000000,2051,DIRECT,listing,metraj_all,3
a8f96ea2-d343-77b6-d068-576fc8e6a562,272896:4,4,منطقه 4,MUNICIPAL_AREA,2023-06-22,1402-04,268,تیر - 1402,36294117.65,36302576.18,31250000,42000000,4120000000,3189,DIRECT,listing,metraj_all,3
a8f96ea2-d343-77b6-d068-576fc8e6a562,272896:4,4,منطقه 4,MUNICIPAL_AREA,2023-07-23,1402-05,269,مرداد - 1402,36000000,36008417.51,31111111.11,41750000,4000000000,3257,DIRECT,listing,metraj_all,3
a8f96ea2-d343-77b6-d068-576fc8e6a562,272896:4,4,منطقه 4,MUNICIPAL_AREA,2023-08-23,1402-06,270,شهریور - 1402,35638297.87,35647210.03,30953416.15,41731030.78,3950000000,3014,DIRECT,listing,metraj_all,3
a8f96ea2-d343-77b6-d068-576fc8e6a562,272896:4,4,منطقه 4,MUNICIPAL_AREA,2023-09-23,1402-07,271,مهر - 1402,35172413.79,35182908.65,30246913.58,41401869.16,3900000000,2785,DIRECT,listing,metraj_all,3
a8f96ea2-d343-77b6-d068-576fc8e6a562,272896:4,4,منطقه 4,MUNICIPAL_AREA,2023-10-23,1402-08,272,آبان - 1402,35721220.53,35728505.62,30392156.86,42500000,3950000000,3088,DIRECT,listing,metraj_all,3
a8f96ea2-d343-77b6-d068-576fc8e6a562,272896:4,4,منطقه 4,MUNICIPAL_AREA,2023-11-22,1402-09,273,آذر - 1402,35833333.33,35838214.19,30365319.86,42782073.31,3950000000,3854,DIRECT,listing,metraj_all,3
a8f96ea2-d343-77b6-d068-576fc8e6a562,272896:4,4,منطقه 4,MUNICIPAL_AREA,2023-12-22,1402-10,274,دی - 1402,36111111.11,36115012.49,30890816.33,43076923.08,4000000000,3550,DIRECT,listing,metraj_all,3
a8f96ea2-d343-77b6-d068-576fc8e6a562,272896:4,4,منطقه 4,MUNICIPAL_AREA,2024-01-21,1402-11,275,بهمن - 1402,35970998.16,35976980.4,30777495.56,43000000,4000000000,2166,DIRECT,listing,metraj_all,3
a8f96ea2-d343-77b6-d068-576fc8e6a562,272896:4,4,منطقه 4,MUNICIPAL_AREA,2024-02-20,1402-12,276,اسفند - 1402,38125173.66,38136163.34,32380952.38,45322403.17,4400000000,1696,DIRECT,listing,metraj_all,3
a8f96ea2-d343-77b6-d068-576fc8e6a562,272896:4,4,منطقه 4,MUNICIPAL_AREA,2024-03-20,1403-01,277,فروردین - 1403,40000000,40009812.87,33600000,47011217.95,4500000000,2188,DIRECT,listing,metraj_all,3
a8f96ea2-d343-77b6-d068-576fc8e6a562,272896:4,4,منطقه 4,MUNICIPAL_AREA,2024-04-20,1403-02,278,اردیبهشت - 1403,40617362.38,40623395.08,34324700.03,48076441.11,4600000000,4212,DIRECT,listing,metraj_all,3
a8f96ea2-d343-77b6-d068-576fc8e6a562,272896:4,4,منطقه 4,MUNICIPAL_AREA,2024-05-21,1403-03,279,خرداد - 1403,41000000,41005785.48,34745762.71,48660254.1,4600000000,5059,DIRECT,listing,metraj_all,3
a8f96ea2-d343-77b6-d068-576fc8e6a562,272896:4,4,منطقه 4,MUNICIPAL_AREA,2024-06-21,1403-04,280,تیر - 1403,40947368.42,40953330.71,35000000,48523965.14,4550000000,5463,DIRECT,listing,metraj_all,3
a8f96ea2-d343-77b6-d068-576fc8e6a562,272896:4,4,منطقه 4,MUNICIPAL_AREA,2024-07-22,1403-05,281,مرداد - 1403,40769230.77,40778598.05,35000000,48059784.73,4500000000,3439,DIRECT,listing,metraj_all,3
a8f96ea2-d343-77b6-d068-576fc8e6a562,272896:4,4,منطقه 4,MUNICIPAL_AREA,2024-08-22,1403-06,282,شهریور - 1403,40830698.48,40853022.62,35181261.78,48314102.57,4500000000,1504,DIRECT,listing,metraj_all,3
a8f96ea2-d343-77b6-d068-576fc8e6a562,272896:4,4,منطقه 4,MUNICIPAL_AREA,2024-11-21,1403-09,285,آذر - 1403,41666666.67,41688629.43,35185185.19,49999998.26,4750000128,1487,DIRECT,listing,metraj_all,3
a8f96ea2-d343-77b6-d068-576fc8e6a562,272896:4,4,منطقه 4,MUNICIPAL_AREA,2024-12-21,1403-10,286,دی - 1403,42028985.51,42039099.19,35912401.58,50000000,4800000000,3422,DIRECT,listing,metraj_all,3
a8f96ea2-d343-77b6-d068-576fc8e6a562,272896:4,4,منطقه 4,MUNICIPAL_AREA,2025-01-20,1403-11,287,بهمن - 1403,43000001.06,43005689.79,36764705.32,50942589.91,4969999872,5718,DIRECT,listing,metraj_all,3
a8f96ea2-d343-77b6-d068-576fc8e6a562,272896:4,4,منطقه 4,MUNICIPAL_AREA,2025-02-19,1403-12,288,اسفند - 1403,44285714.29,44291470.46,38000000,52000000,5100000256,5834,DIRECT,listing,metraj_all,3
a8f96ea2-d343-77b6-d068-576fc8e6a562,272896:4,4,منطقه 4,MUNICIPAL_AREA,2025-03-21,1404-01,289,فروردین - 1404,45454545.45,45461416.57,39185504.85,53600002.05,5299999744,4707,DIRECT,listing,metraj_all,3
a8f96ea2-d343-77b6-d068-576fc8e6a562,272896:4,4,منطقه 4,MUNICIPAL_AREA,2025-04-21,1404-02,290,اردیبهشت - 1404,47727271.56,47732580.44,41315437.64,56375960.58,5600000000,4271,DIRECT,listing,metraj_all,3
a8f96ea2-d343-77b6-d068-576fc8e6a562,272896:4,4,منطقه 4,MUNICIPAL_AREA,2025-05-22,1404-03,291,خرداد - 1404,50000000,50000869.41,42586618.88,59055059.53,5950000000,4431,DIRECT,listing,metraj_all,3
a8f96ea2-d343-77b6-d068-576fc8e6a562,272896:4,4,منطقه 4,MUNICIPAL_AREA,2025-06-22,1404-04,292,تیر - 1404,50000000,50000903.24,42678571.43,59259259.26,5980000000,5817,DIRECT,listing,metraj_all,3
a8f96ea2-d343-77b6-d068-576fc8e6a562,272896:4,4,منطقه 4,MUNICIPAL_AREA,2025-07-23,1404-05,293,مرداد - 1404,50000000,50000790.14,42764497.88,59430544.16,5900000000,6318,DIRECT,listing,metraj_all,3
a8f96ea2-d343-77b6-d068-576fc8e6a562,272896:4,4,منطقه 4,MUNICIPAL_AREA,2025-08-23,1404-06,294,شهریور - 1404,50463002.66,50464195.9,43169555.27,60000000,5900000000,7590,DIRECT,listing,metraj_all,3
a8f96ea2-d343-77b6-d068-576fc8e6a562,272896:4,4,منطقه 4,MUNICIPAL_AREA,2025-09-23,1404-07,295,مهر - 1404,51456632.16,51458126.33,43877551.02,61486111.11,6000000000,8832,DIRECT,listing,metraj_all,3
a8f96ea2-d343-77b6-d068-576fc8e6a562,272896:4,4,منطقه 4,MUNICIPAL_AREA,2025-10-23,1404-08,296,آبان - 1404,52764227.64,52765674.95,44800000,63000000,6200000000,9983,DIRECT,listing,metraj_all,3
a8f96ea2-d343-77b6-d068-576fc8e6a562,272896:4,4,منطقه 4,MUNICIPAL_AREA,2025-11-22,1404-09,297,آذر - 1404,54545454.55,54546823.92,46315789.47,64740131.58,6450000000,10612,DIRECT,listing,metraj_all,3
a8f96ea2-d343-77b6-d068-576fc8e6a562,272896:4,4,منطقه 4,MUNICIPAL_AREA,2025-12-22,1404-10,298,دی - 1404,57272727.27,57274378.85,48636363.64,67500000,6850000000,10160,DIRECT,listing,metraj_all,3
a8f96ea2-d343-77b6-d068-576fc8e6a562,272896:4,4,منطقه 4,MUNICIPAL_AREA,2026-01-21,1404-11,299,بهمن - 1404,63996000,63996894.67,53500000,76000000,7750000000,11212,DIRECT,listing,metraj_all,3
a8f96ea2-d343-77b6-d068-576fc8e6a562,272896:4,4,منطقه 4,MUNICIPAL_AREA,2026-02-20,1404-12,300,اسفند - 1404,69486503.45,69487083.54,59090909.09,81395348.84,8500000000,8842,DIRECT,listing,metraj_all,3
a8f96ea2-d343-77b6-d068-576fc8e6a562,272896:4,4,منطقه 4,MUNICIPAL_AREA,2026-03-21,1405-01,301,فروردین - 1405,74714285.71,74718797.42,64150943.4,86666666.67,9100000000,6551,DIRECT,listing,metraj_all,3
a8f96ea2-d343-77b6-d068-576fc8e6a562,272896:4,4,منطقه 4,MUNICIPAL_AREA,2026-04-21,1405-02,302,اردیبهشت - 1405,94890510.95,94887979.78,80000000,115000000,11900000000,6142,DIRECT,listing,metraj_all,3
a8f96ea2-d343-77b6-d068-576fc8e6a562,272896:4,4,منطقه 4,MUNICIPAL_AREA,2026-05-22,1405-03,303,خرداد - 1405,105000000,104999281.98,90000000,125000000,12820000000,9938,DIRECT,listing,metraj_all,3
a8f96ea2-d343-77b6-d068-576fc8e6a562,272896:4,4,منطقه 4,MUNICIPAL_AREA,2026-06-22,1405-04,304,تیر - 1405,107317073.17,107319612.14,92000000,127142857.14,13000000000,10557,DIRECT,listing,metraj_all,3
a8f96ea2-d343-77b6-d068-576fc8e6a562,272896:4,4,منطقه 4,MUNICIPAL_AREA,2026-07-23,1405-05,305,مرداد - 1405,112500000,112505331.43,97150974.03,132244734.74,13500000000,8355,DIRECT,listing,metraj_all,3
aedd8b8b-d0a4-8ff9-07c9-2668d51c112e,272896:5,5,منطقه 5,MUNICIPAL_AREA,2021-09-23,1400-07,247,مهر - 1400,3100000,15019959.29,3100000,3100000,620000000,1,MODELED,listing,metraj_all,3
aedd8b8b-d0a4-8ff9-07c9-2668d51c112e,272896:5,5,منطقه 5,MUNICIPAL_AREA,2021-10-23,1400-08,248,آبان - 1400,6285714.29,14480025.75,5489285.72,8285714.29,880000000,4,MODELED,listing,metraj_all,3
aedd8b8b-d0a4-8ff9-07c9-2668d51c112e,272896:5,5,منطقه 5,MUNICIPAL_AREA,2021-11-22,1400-09,249,آذر - 1400,6285714.29,12110052.29,5489285.72,8285714.29,880000000,4,MODELED,listing,metraj_all,3
aedd8b8b-d0a4-8ff9-07c9-2668d51c112e,272896:5,5,منطقه 5,MUNICIPAL_AREA,2021-12-22,1400-10,250,دی - 1400,6285714.29,12197565.33,6285714.29,10285714.29,880000000,3,MODELED,listing,metraj_all,3
aedd8b8b-d0a4-8ff9-07c9-2668d51c112e,272896:5,5,منطقه 5,MUNICIPAL_AREA,2022-06-22,1401-04,256,تیر - 1401,13473684.21,20936089.66,10967532.47,15894736.84,760000000,7,MODELED,listing,metraj_all,3
aedd8b8b-d0a4-8ff9-07c9-2668d51c112e,272896:5,5,منطقه 5,MUNICIPAL_AREA,2022-07-23,1401-05,257,مرداد - 1401,11333333.33,14445760.22,9777777.78,14736842.11,950000000,29,MODELED,listing,metraj_all,3
aedd8b8b-d0a4-8ff9-07c9-2668d51c112e,272896:5,5,منطقه 5,MUNICIPAL_AREA,2022-08-23,1401-06,258,شهریور - 1401,11837500,13447301.13,10160714.29,15792722.55,1150000000,52,DIRECT,listing,metraj_all,3
aedd8b8b-d0a4-8ff9-07c9-2668d51c112e,272896:5,5,منطقه 5,MUNICIPAL_AREA,2022-09-23,1401-07,259,مهر - 1401,11333333.33,13209760.5,10250000,15000000,1150000000,45,DIRECT,listing,metraj_all,3
aedd8b8b-d0a4-8ff9-07c9-2668d51c112e,272896:5,5,منطقه 5,MUNICIPAL_AREA,2022-10-23,1401-08,260,آبان - 1401,12600000,15161534.27,10460606.06,16500000,1280000000,23,MODELED,listing,metraj_all,3
aedd8b8b-d0a4-8ff9-07c9-2668d51c112e,272896:5,5,منطقه 5,MUNICIPAL_AREA,2022-11-22,1401-09,261,آذر - 1401,17434210.53,19870888.6,11324074.08,20939113.27,1500000000,19,MODELED,listing,metraj_all,3
aedd8b8b-d0a4-8ff9-07c9-2668d51c112e,272896:5,5,منطقه 5,MUNICIPAL_AREA,2022-12-22,1401-10,262,دی - 1401,18500000,18977583.15,12380952.38,24000000,1500000000,161,DIRECT,listing,metraj_all,3
aedd8b8b-d0a4-8ff9-07c9-2668d51c112e,272896:5,5,منطقه 5,MUNICIPAL_AREA,2023-01-21,1401-11,263,بهمن - 1401,18105263.16,18354500.89,13684210.53,25227743.27,1630000000,387,DIRECT,listing,metraj_all,3
aedd8b8b-d0a4-8ff9-07c9-2668d51c112e,272896:5,5,منطقه 5,MUNICIPAL_AREA,2023-02-20,1401-12,264,اسفند - 1401,18496575.34,18714738.18,14381421.23,26320175.44,1700000000,504,DIRECT,listing,metraj_all,3
aedd8b8b-d0a4-8ff9-07c9-2668d51c112e,272896:5,5,منطقه 5,MUNICIPAL_AREA,2023-03-21,1402-01,265,فروردین - 1402,18377010.13,18713894.04,14910984.85,26779426.56,1725000000,362,DIRECT,listing,metraj_all,3
aedd8b8b-d0a4-8ff9-07c9-2668d51c112e,272896:5,5,منطقه 5,MUNICIPAL_AREA,2023-04-21,1402-02,266,اردیبهشت - 1402,21000000,21309956.72,16306818.18,31967741.94,1800000000,515,DIRECT,listing,metraj_all,3
aedd8b8b-d0a4-8ff9-07c9-2668d51c112e,272896:5,5,منطقه 5,MUNICIPAL_AREA,2023-05-22,1402-03,267,خرداد - 1402,22000000,22210908.77,16791176.47,34750846.98,1850000000,808,DIRECT,listing,metraj_all,3
aedd8b8b-d0a4-8ff9-07c9-2668d51c112e,272896:5,5,منطقه 5,MUNICIPAL_AREA,2023-06-22,1402-04,268,تیر - 1402,22000000,22138211.38,16761029.41,34545454.55,1900000000,1220,DIRECT,listing,metraj_all,3
aedd8b8b-d0a4-8ff9-07c9-2668d51c112e,272896:5,5,منطقه 5,MUNICIPAL_AREA,2023-07-23,1402-05,269,مرداد - 1402,21428571.43,21565716.55,16583333.33,33333333.33,1850000000,1253,DIRECT,listing,metraj_all,3
aedd8b8b-d0a4-8ff9-07c9-2668d51c112e,272896:5,5,منطقه 5,MUNICIPAL_AREA,2023-08-23,1402-06,270,شهریور - 1402,21428571.43,21571227.65,16500000,32616853.19,1870000000,1175,DIRECT,listing,metraj_all,3
aedd8b8b-d0a4-8ff9-07c9-2668d51c112e,272896:5,5,منطقه 5,MUNICIPAL_AREA,2023-09-23,1402-07,271,مهر - 1402,21818181.82,21969976.28,16905982.91,33000000,1850000000,1063,DIRECT,listing,metraj_all,3
aedd8b8b-d0a4-8ff9-07c9-2668d51c112e,272896:5,5,منطقه 5,MUNICIPAL_AREA,2023-10-23,1402-08,272,آبان - 1402,22222222.22,22381856.67,17142857.14,34946236.56,2000000000,977,DIRECT,listing,metraj_all,3
aedd8b8b-d0a4-8ff9-07c9-2668d51c112e,272896:5,5,منطقه 5,MUNICIPAL_AREA,2023-11-22,1402-09,273,آذر - 1402,22222222.22,22385866.11,17222222.22,35145631.07,2100000000,937,DIRECT,listing,metraj_all,3
aedd8b8b-d0a4-8ff9-07c9-2668d51c112e,272896:5,5,منطقه 5,MUNICIPAL_AREA,2023-12-22,1402-10,274,دی - 1402,22000000,22202614.4,17000000,35000000,2050000000,755,DIRECT,listing,metraj_all,3
aedd8b8b-d0a4-8ff9-07c9-2668d51c112e,272896:5,5,منطقه 5,MUNICIPAL_AREA,2024-01-21,1402-11,275,بهمن - 1402,22000000,22347898.26,17000000,34042553.19,2000000000,429,DIRECT,listing,metraj_all,3
aedd8b8b-d0a4-8ff9-07c9-2668d51c112e,272896:5,5,منطقه 5,MUNICIPAL_AREA,2024-02-20,1402-12,276,اسفند - 1402,23611111.11,24198526.95,18554216.87,35000000,2100000000,269,DIRECT,listing,metraj_all,3
aedd8b8b-d0a4-8ff9-07c9-2668d51c112e,272896:5,5,منطقه 5,MUNICIPAL_AREA,2024-03-20,1403-01,277,فروردین - 1403,25000000,25428921.74,18884615.39,36405723.91,2350000000,390,DIRECT,listing,metraj_all,3
aedd8b8b-d0a4-8ff9-07c9-2668d51c112e,272896:5,5,منطقه 5,MUNICIPAL_AREA,2024-04-20,1403-02,278,اردیبهشت - 1403,26000000,26213487.16,19783333.34,37260101.01,2450000000,794,DIRECT,listing,metraj_all,3
aedd8b8b-d0a4-8ff9-07c9-2668d51c112e,272896:5,5,منطقه 5,MUNICIPAL_AREA,2024-05-21,1403-03,279,خرداد - 1403,26000000,26175982.93,20000000,36986301.37,2450000000,1009,DIRECT,listing,metraj_all,3
aedd8b8b-d0a4-8ff9-07c9-2668d51c112e,272896:5,5,منطقه 5,MUNICIPAL_AREA,2024-06-21,1403-04,280,تیر - 1403,26222222.22,26395687.07,20588235.29,36743415.32,2400000000,1027,DIRECT,listing,metraj_all,3
aedd8b8b-d0a4-8ff9-07c9-2668d51c112e,272896:5,5,منطقه 5,MUNICIPAL_AREA,2024-07-22,1403-05,281,مرداد - 1403,25846153.85,26132944.55,20801282.05,35857142.86,2350000000,623,DIRECT,listing,metraj_all,3
aedd8b8b-d0a4-8ff9-07c9-2668d51c112e,272896:5,5,منطقه 5,MUNICIPAL_AREA,2024-08-22,1403-06,282,شهریور - 1403,26000000,26682043.93,21333333.33,35000000,2300000000,257,DIRECT,listing,metraj_all,3
aedd8b8b-d0a4-8ff9-07c9-2668d51c112e,272896:5,5,منطقه 5,MUNICIPAL_AREA,2024-11-21,1403-09,285,آذر - 1403,30000000,30427271.19,22274247.77,38219696.97,3135000064,340,DIRECT,listing,metraj_all,3
aedd8b8b-d0a4-8ff9-07c9-2668d51c112e,272896:5,5,منطقه 5,MUNICIPAL_AREA,2024-12-21,1403-10,286,دی - 1403,31111111.11,31292559.92,23798076.93,38861920.18,3300000000,783,DIRECT,listing,metraj_all,3
aedd8b8b-d0a4-8ff9-07c9-2668d51c112e,272896:5,5,منطقه 5,MUNICIPAL_AREA,2025-01-20,1403-11,287,بهمن - 1403,30920634.31,31031617.44,23750000,39000000,3300000000,1372,DIRECT,listing,metraj_all,3
aedd8b8b-d0a4-8ff9-07c9-2668d51c112e,272896:5,5,منطقه 5,MUNICIPAL_AREA,2025-02-19,1403-12,288,اسفند - 1403,31818181.82,31931913.4,24166666.67,40000000,3464999936,1382,DIRECT,listing,metraj_all,3
aedd8b8b-d0a4-8ff9-07c9-2668d51c112e,272896:5,5,منطقه 5,MUNICIPAL_AREA,2025-03-21,1404-01,289,فروردین - 1404,32000000,32140535.79,24285714.29,40853494.09,3600000000,1178,DIRECT,listing,metraj_all,3
aedd8b8b-d0a4-8ff9-07c9-2668d51c112e,272896:5,5,منطقه 5,MUNICIPAL_AREA,2025-04-21,1404-02,290,اردیبهشت - 1404,33333333.33,33481613.3,24545454.55,42998000.26,3500000000,1114,DIRECT,listing,metraj_all,3
aedd8b8b-d0a4-8ff9-07c9-2668d51c112e,272896:5,5,منطقه 5,MUNICIPAL_AREA,2025-05-22,1404-03,291,خرداد - 1404,31818181.82,31960029.98,24069078.95,42928571.43,3250000000,1299,DIRECT,listing,metraj_all,3
aedd8b8b-d0a4-8ff9-07c9-2668d51c112e,272896:5,5,منطقه 5,MUNICIPAL_AREA,2025-06-22,1404-04,292,تیر - 1404,31440092.17,31551058.59,24166666.67,42683423.91,3150000000,1710,DIRECT,listing,metraj_all,3
aedd8b8b-d0a4-8ff9-07c9-2668d51c112e,272896:5,5,منطقه 5,MUNICIPAL_AREA,2025-07-23,1404-05,293,مرداد - 1404,31764705.88,31863416.6,24156250,42500000,3200000000,1888,DIRECT,listing,metraj_all,3
aedd8b8b-d0a4-8ff9-07c9-2668d51c112e,272896:5,5,منطقه 5,MUNICIPAL_AREA,2025-08-23,1404-06,294,شهریور - 1404,31333333.33,31424532.83,24166666.67,42475490.2,3290000000,2187,DIRECT,listing,metraj_all,3
aedd8b8b-d0a4-8ff9-07c9-2668d51c112e,272896:5,5,منطقه 5,MUNICIPAL_AREA,2025-09-23,1404-07,295,مهر - 1404,31500000,31586741.86,24166666.67,42857142.86,3400000000,2443,DIRECT,listing,metraj_all,3
aedd8b8b-d0a4-8ff9-07c9-2668d51c112e,272896:5,5,منطقه 5,MUNICIPAL_AREA,2025-10-23,1404-08,296,آبان - 1404,31764705.88,31848209.68,24285714.29,43000000,3485000000,2678,DIRECT,listing,metraj_all,3
aedd8b8b-d0a4-8ff9-07c9-2668d51c112e,272896:5,5,منطقه 5,MUNICIPAL_AREA,2025-11-22,1404-09,297,آذر - 1404,33333333.33,33413314.51,25333333.33,44444444.44,3660000000,2824,DIRECT,listing,metraj_all,3
aedd8b8b-d0a4-8ff9-07c9-2668d51c112e,272896:5,5,منطقه 5,MUNICIPAL_AREA,2025-12-22,1404-10,298,دی - 1404,35164021.17,35250273.38,26666666.67,45610256.41,3800000000,2748,DIRECT,listing,metraj_all,3
aedd8b8b-d0a4-8ff9-07c9-2668d51c112e,272896:5,5,منطقه 5,MUNICIPAL_AREA,2026-01-21,1404-11,299,بهمن - 1404,39175257.73,39252832.8,30000000,51000000,4250000000,3319,DIRECT,listing,metraj_all,3
aedd8b8b-d0a4-8ff9-07c9-2668d51c112e,272896:5,5,منطقه 5,MUNICIPAL_AREA,2026-02-20,1404-12,300,اسفند - 1404,41234756.1,41339129.26,32162259.61,55000000,4500000000,2746,DIRECT,listing,metraj_all,3
aedd8b8b-d0a4-8ff9-07c9-2668d51c112e,272896:5,5,منطقه 5,MUNICIPAL_AREA,2026-03-21,1405-01,301,فروردین - 1405,44142156.87,44301530.74,34285714.29,58333333.33,4900000000,2094,DIRECT,listing,metraj_all,3
aedd8b8b-d0a4-8ff9-07c9-2668d51c112e,272896:5,5,منطقه 5,MUNICIPAL_AREA,2026-04-21,1405-02,302,اردیبهشت - 1405,55294117.65,55501982.22,43076923.08,75187969.92,6000000000,1820,DIRECT,listing,metraj_all,3
aedd8b8b-d0a4-8ff9-07c9-2668d51c112e,272896:5,5,منطقه 5,MUNICIPAL_AREA,2026-05-22,1405-03,303,خرداد - 1405,60000000,60149563.37,48333333.33,81818181.82,6500000000,2951,DIRECT,listing,metraj_all,3
aedd8b8b-d0a4-8ff9-07c9-2668d51c112e,272896:5,5,منطقه 5,MUNICIPAL_AREA,2026-06-22,1405-04,304,تیر - 1405,61000000,61152743.14,48948026.32,83889443.89,6500000000,3198,DIRECT,listing,metraj_all,3
aedd8b8b-d0a4-8ff9-07c9-2668d51c112e,272896:5,5,منطقه 5,MUNICIPAL_AREA,2026-07-23,1405-05,305,مرداد - 1405,63636363.64,63852861.32,51333333.33,86486486.49,6780000000,2453,DIRECT,listing,metraj_all,3
78b8f708-ef29-8205-f77a-1e76243fc72c,272896:6,6,منطقه 6,MUNICIPAL_AREA,2021-08-23,1400-06,246,شهریور - 1400,21935483.87,19956747.13,21935483.87,21935483.87,3400000000,1,MODELED,listing,metraj_all,3
78b8f708-ef29-8205-f77a-1e76243fc72c,272896:6,6,منطقه 6,MUNICIPAL_AREA,2021-12-22,1400-10,250,دی - 1400,22463768.12,14743179.5,22463768.12,22463768.12,3100000000,1,MODELED,listing,metraj_all,3
78b8f708-ef29-8205-f77a-1e76243fc72c,272896:6,6,منطقه 6,MUNICIPAL_AREA,2022-01-21,1400-11,251,بهمن - 1400,22463768.12,14308103.76,22463768.12,22463768.12,3100000000,1,MODELED,listing,metraj_all,3
78b8f708-ef29-8205-f77a-1e76243fc72c,272896:6,6,منطقه 6,MUNICIPAL_AREA,2022-02-20,1400-12,252,اسفند - 1400,30000000,17567106.62,26231884.06,31500000,4050000000,3,MODELED,listing,metraj_all,3
78b8f708-ef29-8205-f77a-1e76243fc72c,272896:6,6,منطقه 6,MUNICIPAL_AREA,2022-03-21,1401-01,253,فروردین - 1401,30000000,18113762.05,19769230.77,31500000,4050000000,3,MODELED,listing,metraj_all,3
78b8f708-ef29-8205-f77a-1e76243fc72c,272896:6,6,منطقه 6,MUNICIPAL_AREA,2022-04-21,1401-02,254,اردیبهشت - 1401,30000000,40566918.58,19769230.77,31500000,4050000000,3,MODELED,listing,metraj_all,3
78b8f708-ef29-8205-f77a-1e76243fc72c,272896:6,6,منطقه 6,MUNICIPAL_AREA,2022-05-22,1401-03,255,خرداد - 1401,9538461.54,42817574.12,9538461.54,9538461.54,1240000000,1,MODELED,listing,metraj_all,3
78b8f708-ef29-8205-f77a-1e76243fc72c,272896:6,6,منطقه 6,MUNICIPAL_AREA,2022-06-22,1401-04,256,تیر - 1401,26800000,26731158.44,24418293.15,32633403.36,4230000000,83,DIRECT,listing,metraj_all,3
78b8f708-ef29-8205-f77a-1e76243fc72c,272896:6,6,منطقه 6,MUNICIPAL_AREA,2022-07-23,1401-05,257,مرداد - 1401,27500000,27347992.38,24800307.22,33047619.05,4200000000,255,DIRECT,listing,metraj_all,3
78b8f708-ef29-8205-f77a-1e76243fc72c,272896:6,6,منطقه 6,MUNICIPAL_AREA,2022-08-23,1401-06,258,شهریور - 1401,27992277.99,27879818.77,24857142.86,34000000,4200000000,539,DIRECT,listing,metraj_all,3
78b8f708-ef29-8205-f77a-1e76243fc72c,272896:6,6,منطقه 6,MUNICIPAL_AREA,2022-09-23,1401-07,259,مهر - 1401,28030079.9,27893247.34,25000000,34000000,4200000000,456,DIRECT,listing,metraj_all,3
78b8f708-ef29-8205-f77a-1e76243fc72c,272896:6,6,منطقه 6,MUNICIPAL_AREA,2022-10-23,1401-08,260,آبان - 1401,28141447.37,27900345.86,24989316.24,34130136.99,4200000000,284,DIRECT,listing,metraj_all,3
78b8f708-ef29-8205-f77a-1e76243fc72c,272896:6,6,منطقه 6,MUNICIPAL_AREA,2022-11-22,1401-09,261,آذر - 1401,34679120.88,34143408.04,29398901.1,38657457.08,5300000000,180,DIRECT,listing,metraj_all,3
78b8f708-ef29-8205-f77a-1e76243fc72c,272896:6,6,منطقه 6,MUNICIPAL_AREA,2022-12-22,1401-10,262,دی - 1401,37096774.19,37057040.47,32007194.25,42536438.27,5600000000,2615,DIRECT,listing,metraj_all,3
78b8f708-ef29-8205-f77a-1e76243fc72c,272896:6,6,منطقه 6,MUNICIPAL_AREA,2023-01-21,1401-11,263,بهمن - 1401,38513804.72,38494996.48,33333333.33,45000000,5880000000,5580,DIRECT,listing,metraj_all,3
78b8f708-ef29-8205-f77a-1e76243fc72c,272896:6,6,منطقه 6,MUNICIPAL_AREA,2023-02-20,1401-12,264,اسفند - 1401,40320526,40306412.7,34819196.43,47242058.11,6200000000,7508,DIRECT,listing,metraj_all,3
78b8f708-ef29-8205-f77a-1e76243fc72c,272896:6,6,منطقه 6,MUNICIPAL_AREA,2023-03-21,1402-01,265,فروردین - 1402,42000000,41978184.68,36032395.01,49426804.81,6500000000,5074,DIRECT,listing,metraj_all,3
78b8f708-ef29-8205-f77a-1e76243fc72c,272896:6,6,منطقه 6,MUNICIPAL_AREA,2023-04-21,1402-02,266,اردیبهشت - 1402,50000000,49977608.6,42994897.96,60000000,7300000000,5674,DIRECT,listing,metraj_all,3
78b8f708-ef29-8205-f77a-1e76243fc72c,272896:6,6,منطقه 6,MUNICIPAL_AREA,2023-05-22,1402-03,267,خرداد - 1402,53000000,52980176.41,45775862.07,62222222.22,7550000000,6925,DIRECT,listing,metraj_all,3
78b8f708-ef29-8205-f77a-1e76243fc72c,272896:6,6,منطقه 6,MUNICIPAL_AREA,2023-06-22,1402-04,268,تیر - 1402,53000000,52986405.13,45752840.91,62633299.8,7505000000,10288,DIRECT,listing,metraj_all,3
78b8f708-ef29-8205-f77a-1e76243fc72c,272896:6,6,منطقه 6,MUNICIPAL_AREA,2023-07-23,1402-05,269,مرداد - 1402,52500000,52486144.7,45269832.19,62219662.06,7500000000,9914,DIRECT,listing,metraj_all,3
78b8f708-ef29-8205-f77a-1e76243fc72c,272896:6,6,منطقه 6,MUNICIPAL_AREA,2023-08-23,1402-06,270,شهریور - 1402,52222222.22,52207189.33,45045045.05,62000000,7480000000,9229,DIRECT,listing,metraj_all,3
78b8f708-ef29-8205-f77a-1e76243fc72c,272896:6,6,منطقه 6,MUNICIPAL_AREA,2023-09-23,1402-07,271,مهر - 1402,52000000,51983123.68,45000000,61526806.53,7380000000,8223,DIRECT,listing,metraj_all,3
78b8f708-ef29-8205-f77a-1e76243fc72c,272896:6,6,منطقه 6,MUNICIPAL_AREA,2023-10-23,1402-08,272,آبان - 1402,52000000,51980938.2,45000000,61587947.41,7400000000,7346,DIRECT,listing,metraj_all,3
78b8f708-ef29-8205-f77a-1e76243fc72c,272896:6,6,منطقه 6,MUNICIPAL_AREA,2023-11-22,1402-09,273,آذر - 1402,51709822.92,51688835.04,44957019.5,61221590.91,7400000000,6656,DIRECT,listing,metraj_all,3
78b8f708-ef29-8205-f77a-1e76243fc72c,272896:6,6,منطقه 6,MUNICIPAL_AREA,2023-12-22,1402-10,274,دی - 1402,51483315,51454858.93,44915254.24,60740740.74,7400000000,4904,DIRECT,listing,metraj_all,3
78b8f708-ef29-8205-f77a-1e76243fc72c,272896:6,6,منطقه 6,MUNICIPAL_AREA,2024-01-21,1402-11,275,بهمن - 1402,51219512.2,51165870.74,44864737.71,60332150.11,7300000000,2590,DIRECT,listing,metraj_all,3
78b8f708-ef29-8205-f77a-1e76243fc72c,272896:6,6,منطقه 6,MUNICIPAL_AREA,2024-02-20,1402-12,276,اسفند - 1402,53478260.87,53401198.28,45153767.55,62544964.03,7400000000,1739,DIRECT,listing,metraj_all,3
78b8f708-ef29-8205-f77a-1e76243fc72c,272896:6,6,منطقه 6,MUNICIPAL_AREA,2024-03-20,1403-01,277,فروردین - 1403,55000000,54937895.89,46666666.67,65000000,7650000000,2058,DIRECT,listing,metraj_all,3
78b8f708-ef29-8205-f77a-1e76243fc72c,272896:6,6,منطقه 6,MUNICIPAL_AREA,2024-04-20,1403-02,278,اردیبهشت - 1403,56666666.67,56630870.54,47863247.86,66994186.05,7880000000,3762,DIRECT,listing,metraj_all,3
78b8f708-ef29-8205-f77a-1e76243fc72c,272896:6,6,منطقه 6,MUNICIPAL_AREA,2024-05-21,1403-03,279,خرداد - 1403,59055118.11,59019644.37,50000000,69090909.09,8200000000,4253,DIRECT,listing,metraj_all,3
78b8f708-ef29-8205-f77a-1e76243fc72c,272896:6,6,منطقه 6,MUNICIPAL_AREA,2024-06-21,1403-04,280,تیر - 1403,59558823.53,59525377.69,50502450.98,69524983.29,8350000000,4579,DIRECT,listing,metraj_all,3
78b8f708-ef29-8205-f77a-1e76243fc72c,272896:6,6,منطقه 6,MUNICIPAL_AREA,2024-07-22,1403-05,281,مرداد - 1403,59878048.78,59823012.23,51111111.11,69591666.67,8400000000,2875,DIRECT,listing,metraj_all,3
78b8f708-ef29-8205-f77a-1e76243fc72c,272896:6,6,منطقه 6,MUNICIPAL_AREA,2024-08-22,1403-06,282,شهریور - 1403,59545454.55,59423845.65,50718945.81,69643459.92,8400000000,1251,DIRECT,listing,metraj_all,3
78b8f708-ef29-8205-f77a-1e76243fc72c,272896:6,6,منطقه 6,MUNICIPAL_AREA,2024-09-22,1403-07,283,مهر - 1403,74710743.8,68682943.3,72066115.7,77355371.9,8800000000,2,MODELED,listing,metraj_all,3
78b8f708-ef29-8205-f77a-1e76243fc72c,272896:6,6,منطقه 6,MUNICIPAL_AREA,2024-10-22,1403-08,284,آبان - 1403,69421487.6,63121521.62,66885743.8,74710743.8,9200000000,3,MODELED,listing,metraj_all,3
78b8f708-ef29-8205-f77a-1e76243fc72c,272896:6,6,منطقه 6,MUNICIPAL_AREA,2024-11-21,1403-09,285,آذر - 1403,63821137.17,63720622.28,53823075.65,74999997.05,8999999488,1867,DIRECT,listing,metraj_all,3
78b8f708-ef29-8205-f77a-1e76243fc72c,272896:6,6,منطقه 6,MUNICIPAL_AREA,2024-12-21,1403-10,286,دی - 1403,64000000,63960094.91,54093823.22,74999998.31,8999999488,4626,DIRECT,listing,metraj_all,3
78b8f708-ef29-8205-f77a-1e76243fc72c,272896:6,6,منطقه 6,MUNICIPAL_AREA,2025-01-20,1403-11,287,بهمن - 1403,64000000,63975022.53,53979590.53,75000000.75,8999999488,7093,DIRECT,listing,metraj_all,3
78b8f708-ef29-8205-f77a-1e76243fc72c,272896:6,6,منطقه 6,MUNICIPAL_AREA,2025-02-19,1403-12,288,اسفند - 1403,64999998.95,64976309.19,54999999.65,76097987.24,9200000000,7314,DIRECT,listing,metraj_all,3
78b8f708-ef29-8205-f77a-1e76243fc72c,272896:6,6,منطقه 6,MUNICIPAL_AREA,2025-03-21,1404-01,289,فروردین - 1404,66012823.17,65981576.02,55652173.91,79439249.94,9495000064,5532,DIRECT,listing,metraj_all,3
78b8f708-ef29-8205-f77a-1e76243fc72c,272896:6,6,منطقه 6,MUNICIPAL_AREA,2025-04-21,1404-02,290,اردیبهشت - 1404,69999999.17,69959838.53,58202892.79,84972365.87,10260000192,4970,DIRECT,listing,metraj_all,3
78b8f708-ef29-8205-f77a-1e76243fc72c,272896:6,6,منطقه 6,MUNICIPAL_AREA,2025-05-22,1404-03,291,خرداد - 1404,73333333.33,73282944.16,60000000,88000000,10670000000,4544,DIRECT,listing,metraj_all,3
78b8f708-ef29-8205-f77a-1e76243fc72c,272896:6,6,منطقه 6,MUNICIPAL_AREA,2025-06-22,1404-04,292,تیر - 1404,73728448.28,73688499.7,60670940.17,88629171.47,10800000000,5798,DIRECT,listing,metraj_all,3
78b8f708-ef29-8205-f77a-1e76243fc72c,272896:6,6,منطقه 6,MUNICIPAL_AREA,2025-07-23,1404-05,293,مرداد - 1404,73677211.65,73639829.05,61268526.59,89418367.35,10840000000,6190,DIRECT,listing,metraj_all,3
78b8f708-ef29-8205-f77a-1e76243fc72c,272896:6,6,منطقه 6,MUNICIPAL_AREA,2025-08-23,1404-06,294,شهریور - 1404,73846153.85,73816181.47,61617647.06,90000000,10800000000,7489,DIRECT,listing,metraj_all,3
78b8f708-ef29-8205-f77a-1e76243fc72c,272896:6,6,منطقه 6,MUNICIPAL_AREA,2025-09-23,1404-07,295,مهر - 1404,74962131.84,74935989.54,62833506.59,91153846.15,11000000000,8476,DIRECT,listing,metraj_all,3
78b8f708-ef29-8205-f77a-1e76243fc72c,272896:6,6,منطقه 6,MUNICIPAL_AREA,2025-10-23,1404-08,296,آبان - 1404,76521739.13,76498099.36,64351851.85,94594594.59,11500000000,9428,DIRECT,listing,metraj_all,3
78b8f708-ef29-8205-f77a-1e76243fc72c,272896:6,6,منطقه 6,MUNICIPAL_AREA,2025-11-22,1404-09,297,آذر - 1404,79735554.52,79711699.69,66666666.67,98079223.41,11950000000,9940,DIRECT,listing,metraj_all,3
78b8f708-ef29-8205-f77a-1e76243fc72c,272896:6,6,منطقه 6,MUNICIPAL_AREA,2025-12-22,1404-10,298,دی - 1404,84848484.85,84822308.66,70000000,102715715.88,12600000000,9883,DIRECT,listing,metraj_all,3
78b8f708-ef29-8205-f77a-1e76243fc72c,272896:6,6,منطقه 6,MUNICIPAL_AREA,2026-01-21,1404-11,299,بهمن - 1404,94400000,94372930.67,75833333.33,118379075.77,14500000000,10851,DIRECT,listing,metraj_all,3
78b8f708-ef29-8205-f77a-1e76243fc72c,272896:6,6,منطقه 6,MUNICIPAL_AREA,2026-02-20,1404-12,300,اسفند - 1404,102572373.86,102536101.73,83870967.74,126988281.25,16000000000,8970,DIRECT,listing,metraj_all,3
78b8f708-ef29-8205-f77a-1e76243fc72c,272896:6,6,منطقه 6,MUNICIPAL_AREA,2026-03-21,1405-01,301,فروردین - 1405,115384615.38,115333565.97,92992700.73,137142857.14,17900000000,7377,DIRECT,listing,metraj_all,3
78b8f708-ef29-8205-f77a-1e76243fc72c,272896:6,6,منطقه 6,MUNICIPAL_AREA,2026-04-21,1405-02,302,اردیبهشت - 1405,140000000,139940800.88,115789473.68,170000000,22000000000,7873,DIRECT,listing,metraj_all,3
78b8f708-ef29-8205-f77a-1e76243fc72c,272896:6,6,منطقه 6,MUNICIPAL_AREA,2026-05-22,1405-03,303,خرداد - 1405,155656275.64,155612361.67,128456245.59,185721198.15,23900000000,11688,DIRECT,listing,metraj_all,3
78b8f708-ef29-8205-f77a-1e76243fc72c,272896:6,6,منطقه 6,MUNICIPAL_AREA,2026-06-22,1405-04,304,تیر - 1405,161392405.06,161348640.77,133333333.33,190400000,24300000000,11733,DIRECT,listing,metraj_all,3
78b8f708-ef29-8205-f77a-1e76243fc72c,272896:6,6,منطقه 6,MUNICIPAL_AREA,2026-07-23,1405-05,305,مرداد - 1405,169642857.14,169591738.26,140475253.1,200000000,25000000000,10296,DIRECT,listing,metraj_all,3
e23f4698-e027-681f-989c-0526ac32a968,272896:7,7,منطقه 7,MUNICIPAL_AREA,2021-08-23,1400-06,246,شهریور - 1400,10435120.44,18204914.62,10268065.27,10602175.6,1850000000,2,MODELED,listing,metraj_all,3
e23f4698-e027-681f-989c-0526ac32a968,272896:7,7,منطقه 7,MUNICIPAL_AREA,2021-09-23,1400-07,247,مهر - 1400,10769230.77,15717162.09,10769230.77,10769230.77,700000000,1,MODELED,listing,metraj_all,3
e23f4698-e027-681f-989c-0526ac32a968,272896:7,7,منطقه 7,MUNICIPAL_AREA,2021-11-22,1400-09,249,آذر - 1400,4562500,13541852.26,4562500,4562500,730000000,1,MODELED,listing,metraj_all,3
e23f4698-e027-681f-989c-0526ac32a968,272896:7,7,منطقه 7,MUNICIPAL_AREA,2021-12-22,1400-10,250,دی - 1400,4562500,13115791.49,4562500,4562500,730000000,1,MODELED,listing,metraj_all,3
e23f4698-e027-681f-989c-0526ac32a968,272896:7,7,منطقه 7,MUNICIPAL_AREA,2022-01-21,1400-11,251,بهمن - 1400,4562500,12680715.75,4562500,4562500,730000000,1,MODELED,listing,metraj_all,3
e23f4698-e027-681f-989c-0526ac32a968,272896:7,7,منطقه 7,MUNICIPAL_AREA,2022-02-20,1400-12,252,اسفند - 1400,9166666.67,13412641.15,9166666.67,9166666.67,1100000000,1,MODELED,listing,metraj_all,3
e23f4698-e027-681f-989c-0526ac32a968,272896:7,7,منطقه 7,MUNICIPAL_AREA,2022-03-21,1401-01,253,فروردین - 1401,9166666.67,14058688.49,9166666.67,9166666.67,1100000000,1,MODELED,listing,metraj_all,3
e23f4698-e027-681f-989c-0526ac32a968,272896:7,7,منطقه 7,MUNICIPAL_AREA,2022-04-21,1401-02,254,اردیبهشت - 1401,9166666.67,40594237.11,9166666.67,9166666.67,1100000000,1,MODELED,listing,metraj_all,3
e23f4698-e027-681f-989c-0526ac32a968,272896:7,7,منطقه 7,MUNICIPAL_AREA,2022-06-22,1401-04,256,تیر - 1401,9800000,24672521.34,9800000,9800000,490000000,1,MODELED,listing,metraj_all,3
e23f4698-e027-681f-989c-0526ac32a968,272896:7,7,منطقه 7,MUNICIPAL_AREA,2022-07-23,1401-05,257,مرداد - 1401,14900000,18626868.78,11818181.82,15500000,1550000000,13,MODELED,listing,metraj_all,3
e23f4698-e027-681f-989c-0526ac32a968,272896:7,7,منطقه 7,MUNICIPAL_AREA,2022-08-23,1401-06,258,شهریور - 1401,15407657.66,17188382.48,12940384.62,16356060.6,1510000000,26,MODELED,listing,metraj_all,3
e23f4698-e027-681f-989c-0526ac32a968,272896:7,7,منطقه 7,MUNICIPAL_AREA,2022-09-23,1401-07,259,مهر - 1401,15500000,17258195.07,13300000,16363636.36,1550000000,25,MODELED,listing,metraj_all,3
e23f4698-e027-681f-989c-0526ac32a968,272896:7,7,منطقه 7,MUNICIPAL_AREA,2022-10-23,1401-08,260,آبان - 1401,16333333.33,18385389.75,14200000,17000000,1470000000,13,MODELED,listing,metraj_all,3
e23f4698-e027-681f-989c-0526ac32a968,272896:7,7,منطقه 7,MUNICIPAL_AREA,2022-11-22,1401-09,261,آذر - 1401,16700721.16,20246110.15,11430205.95,20472222.22,1280000000,12,MODELED,listing,metraj_all,3
e23f4698-e027-681f-989c-0526ac32a968,272896:7,7,منطقه 7,MUNICIPAL_AREA,2022-12-22,1401-10,262,دی - 1401,16375000,17364583.84,10226004.47,19880952.38,1450000000,94,DIRECT,listing,metraj_all,3
e23f4698-e027-681f-989c-0526ac32a968,272896:7,7,منطقه 7,MUNICIPAL_AREA,2023-01-21,1401-11,263,بهمن - 1401,16666666.67,17150997.19,10708128.08,22125000,1400000000,224,DIRECT,listing,metraj_all,3
e23f4698-e027-681f-989c-0526ac32a968,272896:7,7,منطقه 7,MUNICIPAL_AREA,2023-02-20,1401-12,264,اسفند - 1401,16915760.87,17339415.98,10890151.52,23333333.33,1400000000,292,DIRECT,listing,metraj_all,3
e23f4698-e027-681f-989c-0526ac32a968,272896:7,7,منطقه 7,MUNICIPAL_AREA,2023-03-21,1402-01,265,فروردین - 1402,17459677.42,18071014.43,11353236.61,24444444.44,1350000000,210,DIRECT,listing,metraj_all,3
e23f4698-e027-681f-989c-0526ac32a968,272896:7,7,منطقه 7,MUNICIPAL_AREA,2023-04-21,1402-02,266,اردیبهشت - 1402,20000000,20838481.94,13994623.66,29000000,1725000000,196,DIRECT,listing,metraj_all,3
e23f4698-e027-681f-989c-0526ac32a968,272896:7,7,منطقه 7,MUNICIPAL_AREA,2023-05-22,1402-03,267,خرداد - 1402,24000000,24586628.35,15000000,31041666.67,2085000000,250,DIRECT,listing,metraj_all,3
e23f4698-e027-681f-989c-0526ac32a968,272896:7,7,منطقه 7,MUNICIPAL_AREA,2023-06-22,1402-04,268,تیر - 1402,24417344.17,24776522.89,14375000,32295673.08,2010000000,396,DIRECT,listing,metraj_all,3
e23f4698-e027-681f-989c-0526ac32a968,272896:7,7,منطقه 7,MUNICIPAL_AREA,2023-07-23,1402-05,269,مرداد - 1402,24658179.01,24996924.72,14000000,31769886.37,2000000000,406,DIRECT,listing,metraj_all,3
e23f4698-e027-681f-989c-0526ac32a968,272896:7,7,منطقه 7,MUNICIPAL_AREA,2023-08-23,1402-06,270,شهریور - 1402,25000000,25324412.01,13636363.64,32333333.33,1850000000,401,DIRECT,listing,metraj_all,3
e23f4698-e027-681f-989c-0526ac32a968,272896:7,7,منطقه 7,MUNICIPAL_AREA,2023-09-23,1402-07,271,مهر - 1402,25000000,25351359.98,15000000,31017241.38,1900000000,363,DIRECT,listing,metraj_all,3
e23f4698-e027-681f-989c-0526ac32a968,272896:7,7,منطقه 7,MUNICIPAL_AREA,2023-10-23,1402-08,272,آبان - 1402,25555555.56,25881607.71,15714285.71,32558139.53,1900000000,371,DIRECT,listing,metraj_all,3
e23f4698-e027-681f-989c-0526ac32a968,272896:7,7,منطقه 7,MUNICIPAL_AREA,2023-11-22,1402-09,273,آذر - 1402,26666666.67,26963780.44,17536764.71,32839352.43,2195000000,362,DIRECT,listing,metraj_all,3
e23f4698-e027-681f-989c-0526ac32a968,272896:7,7,منطقه 7,MUNICIPAL_AREA,2023-12-22,1402-10,274,دی - 1402,27071428.57,27395297.29,17610294.12,33000000,2300000000,312,DIRECT,listing,metraj_all,3
e23f4698-e027-681f-989c-0526ac32a968,272896:7,7,منطقه 7,MUNICIPAL_AREA,2024-01-21,1402-11,275,بهمن - 1402,27843665.77,28345211.93,22500000,32294973.55,2400000000,178,DIRECT,listing,metraj_all,3
e23f4698-e027-681f-989c-0526ac32a968,272896:7,7,منطقه 7,MUNICIPAL_AREA,2024-02-20,1402-12,276,اسفند - 1402,26851851.85,27825789.73,17647058.82,31818181.82,2400000000,125,DIRECT,listing,metraj_all,3
e23f4698-e027-681f-989c-0526ac32a968,272896:7,7,منطقه 7,MUNICIPAL_AREA,2024-03-20,1403-01,277,فروردین - 1403,27386363.64,28139960.88,18095588.24,35523241.52,2290000000,186,DIRECT,listing,metraj_all,3
e23f4698-e027-681f-989c-0526ac32a968,272896:7,7,منطقه 7,MUNICIPAL_AREA,2024-04-20,1403-02,278,اردیبهشت - 1403,29411764.71,29766213.24,19011904.76,35000000,2500000000,378,DIRECT,listing,metraj_all,3
e23f4698-e027-681f-989c-0526ac32a968,272896:7,7,منطقه 7,MUNICIPAL_AREA,2024-05-21,1403-03,279,خرداد - 1403,30472470.24,30743845.05,21066091.96,36300505.05,2500000000,486,DIRECT,listing,metraj_all,3
e23f4698-e027-681f-989c-0526ac32a968,272896:7,7,منطقه 7,MUNICIPAL_AREA,2024-06-21,1403-04,280,تیر - 1403,30769230.77,31048675.6,23595959.6,37033633.85,2500000000,471,DIRECT,listing,metraj_all,3
e23f4698-e027-681f-989c-0526ac32a968,272896:7,7,منطقه 7,MUNICIPAL_AREA,2024-07-22,1403-05,281,مرداد - 1403,31490740.74,31922094.69,25285714.28,40048076.92,2500000000,280,DIRECT,listing,metraj_all,3
e23f4698-e027-681f-989c-0526ac32a968,272896:7,7,منطقه 7,MUNICIPAL_AREA,2024-08-22,1403-06,282,شهریور - 1403,31481481.48,32588358.99,26666666.67,40000000,2500000000,105,DIRECT,listing,metraj_all,3
e23f4698-e027-681f-989c-0526ac32a968,272896:7,7,منطقه 7,MUNICIPAL_AREA,2024-09-22,1403-07,283,مهر - 1403,7000000,61979439.27,7000000,7000000,3500000000,1,MODELED,listing,metraj_all,3
e23f4698-e027-681f-989c-0526ac32a968,272896:7,7,منطقه 7,MUNICIPAL_AREA,2024-11-21,1403-09,285,آذر - 1403,20714285.71,21378400.94,15833333.33,29226190.48,1850000000,355,DIRECT,listing,metraj_all,3
e23f4698-e027-681f-989c-0526ac32a968,272896:7,7,منطقه 7,MUNICIPAL_AREA,2024-12-21,1403-10,286,دی - 1403,20526315.79,20825401.85,15384615.38,29615383.63,1800000000,825,DIRECT,listing,metraj_all,3
e23f4698-e027-681f-989c-0526ac32a968,272896:7,7,منطقه 7,MUNICIPAL_AREA,2025-01-20,1403-11,287,بهمن - 1403,21333333.33,21510107.59,15600000,30209558.82,1850000000,1400,DIRECT,listing,metraj_all,3
e23f4698-e027-681f-989c-0526ac32a968,272896:7,7,منطقه 7,MUNICIPAL_AREA,2025-02-19,1403-12,288,اسفند - 1403,21818181.82,22003619.26,15630681.82,30826940.03,1875000064,1383,DIRECT,listing,metraj_all,3
e23f4698-e027-681f-989c-0526ac32a968,272896:7,7,منطقه 7,MUNICIPAL_AREA,2025-03-21,1404-01,289,فروردین - 1404,22925133.69,23148448.41,16290760.87,31712962.97,1925000000,1144,DIRECT,listing,metraj_all,3
e23f4698-e027-681f-989c-0526ac32a968,272896:7,7,منطقه 7,MUNICIPAL_AREA,2025-04-21,1404-02,290,اردیبهشت - 1404,23750000,23984165.94,17305555.56,34562446.9,2200000000,1111,DIRECT,listing,metraj_all,3
e23f4698-e027-681f-989c-0526ac32a968,272896:7,7,منطقه 7,MUNICIPAL_AREA,2025-05-22,1404-03,291,خرداد - 1404,24166666.67,24350404.86,17500000,35999997.95,2300000000,1417,DIRECT,listing,metraj_all,3
e23f4698-e027-681f-989c-0526ac32a968,272896:7,7,منطقه 7,MUNICIPAL_AREA,2025-06-22,1404-04,292,تیر - 1404,24686274.51,24819196.53,17500000,37500000,2300000000,1934,DIRECT,listing,metraj_all,3
e23f4698-e027-681f-989c-0526ac32a968,272896:7,7,منطقه 7,MUNICIPAL_AREA,2025-07-23,1404-05,293,مرداد - 1404,24000000,24126250.6,17142857.14,36800000,2250000000,2089,DIRECT,listing,metraj_all,3
e23f4698-e027-681f-989c-0526ac32a968,272896:7,7,منطقه 7,MUNICIPAL_AREA,2025-08-23,1404-06,294,شهریور - 1404,23440106.77,23565128.06,17137964.77,35606250,2200000000,2224,DIRECT,listing,metraj_all,3
e23f4698-e027-681f-989c-0526ac32a968,272896:7,7,منطقه 7,MUNICIPAL_AREA,2025-09-23,1404-07,295,مهر - 1404,22975409.84,23109052.75,17089015.15,33662008.28,2100000000,2220,DIRECT,listing,metraj_all,3
e23f4698-e027-681f-989c-0526ac32a968,272896:7,7,منطقه 7,MUNICIPAL_AREA,2025-10-23,1404-08,296,آبان - 1404,23636363.64,23766300.58,17647058.82,34736111.11,2200000000,2343,DIRECT,listing,metraj_all,3
e23f4698-e027-681f-989c-0526ac32a968,272896:7,7,منطقه 7,MUNICIPAL_AREA,2025-11-22,1404-09,297,آذر - 1404,24666666.67,24798208.79,18329166.67,36217672.41,2350000000,2372,DIRECT,listing,metraj_all,3
e23f4698-e027-681f-989c-0526ac32a968,272896:7,7,منطقه 7,MUNICIPAL_AREA,2025-12-22,1404-10,298,دی - 1404,25333333.33,25477188.9,19010869.57,38181818.18,2500000000,2327,DIRECT,listing,metraj_all,3
e23f4698-e027-681f-989c-0526ac32a968,272896:7,7,منطقه 7,MUNICIPAL_AREA,2026-01-21,1404-11,299,بهمن - 1404,27529527.56,27679050.6,20000000,41176470.59,2600000000,2496,DIRECT,listing,metraj_all,3
e23f4698-e027-681f-989c-0526ac32a968,272896:7,7,منطقه 7,MUNICIPAL_AREA,2026-02-20,1404-12,300,اسفند - 1404,30000000,30195503.42,21466297.79,46407142.86,2950000000,2036,DIRECT,listing,metraj_all,3
e23f4698-e027-681f-989c-0526ac32a968,272896:7,7,منطقه 7,MUNICIPAL_AREA,2026-03-21,1405-01,301,فروردین - 1405,33000000,33268314.83,23076923.08,53637566.14,3400000000,1655,DIRECT,listing,metraj_all,3
e23f4698-e027-681f-989c-0526ac32a968,272896:7,7,منطقه 7,MUNICIPAL_AREA,2026-04-21,1405-02,302,اردیبهشت - 1405,41666666.67,41967403.96,28220636.89,66666666.67,4300000000,1708,DIRECT,listing,metraj_all,3
e23f4698-e027-681f-989c-0526ac32a968,272896:7,7,منطقه 7,MUNICIPAL_AREA,2026-05-22,1405-03,303,خرداد - 1405,43770424.84,44013849.17,30666666.67,69244505.5,4500000000,2476,DIRECT,listing,metraj_all,3
e23f4698-e027-681f-989c-0526ac32a968,272896:7,7,منطقه 7,MUNICIPAL_AREA,2026-06-22,1405-04,304,تیر - 1405,44545454.55,44805504.39,31666666.67,68982758.62,4400000000,2507,DIRECT,listing,metraj_all,3
e23f4698-e027-681f-989c-0526ac32a968,272896:7,7,منطقه 7,MUNICIPAL_AREA,2026-07-23,1405-05,305,مرداد - 1405,50434782.61,50713947.36,35833333.33,82089552.24,5270000000,2373,DIRECT,listing,metraj_all,3
12d36366-a798-320f-299b-b05b285b3cd5,272896:8,8,منطقه 8,MUNICIPAL_AREA,2021-08-23,1400-06,246,شهریور - 1400,7421641.79,17702668.18,6882462.69,7960820.9,850000000,2,MODELED,listing,metraj_all,3
12d36366-a798-320f-299b-b05b285b3cd5,272896:8,8,منطقه 8,MUNICIPAL_AREA,2021-09-23,1400-07,247,مهر - 1400,8500000,15510868.38,8500000,8500000,850000000,1,MODELED,listing,metraj_all,3
12d36366-a798-320f-299b-b05b285b3cd5,272896:8,8,منطقه 8,MUNICIPAL_AREA,2021-10-23,1400-08,248,آبان - 1400,8500000,16916136.67,8500000,8500000,850000000,1,MODELED,listing,metraj_all,3
12d36366-a798-320f-299b-b05b285b3cd5,272896:8,8,منطقه 8,MUNICIPAL_AREA,2021-12-22,1400-10,250,دی - 1400,8235294.12,13449681.87,8235294.12,8235294.12,700000000,1,MODELED,listing,metraj_all,3
12d36366-a798-320f-299b-b05b285b3cd5,272896:8,8,منطقه 8,MUNICIPAL_AREA,2022-01-21,1400-11,251,بهمن - 1400,8235294.12,13014606.12,8235294.12,8235294.12,700000000,1,MODELED,listing,metraj_all,3
12d36366-a798-320f-299b-b05b285b3cd5,272896:8,8,منطقه 8,MUNICIPAL_AREA,2022-02-20,1400-12,252,اسفند - 1400,8235294.12,13327970.92,8235294.12,8235294.12,700000000,1,MODELED,listing,metraj_all,3
12d36366-a798-320f-299b-b05b285b3cd5,272896:8,8,منطقه 8,MUNICIPAL_AREA,2022-07-23,1401-05,257,مرداد - 1401,130000000,33156180.17,130000000,130000000,8450000000,1,MODELED,listing,metraj_all,3
12d36366-a798-320f-299b-b05b285b3cd5,272896:8,8,منطقه 8,MUNICIPAL_AREA,2022-08-23,1401-06,258,شهریور - 1401,57500000,30052513.08,42750000,93750000,5600000000,3,MODELED,listing,metraj_all,3
12d36366-a798-320f-299b-b05b285b3cd5,272896:8,8,منطقه 8,MUNICIPAL_AREA,2022-09-23,1401-07,259,مهر - 1401,57500000,29925909.8,42750000,93750000,5600000000,3,MODELED,listing,metraj_all,3
12d36366-a798-320f-299b-b05b285b3cd5,272896:8,8,منطقه 8,MUNICIPAL_AREA,2022-10-23,1401-08,260,آبان - 1401,42750000,24669219.25,35375000,50125000,3375000000,2,MODELED,listing,metraj_all,3
12d36366-a798-320f-299b-b05b285b3cd5,272896:8,8,منطقه 8,MUNICIPAL_AREA,2022-11-22,1401-09,261,آذر - 1401,20266666.67,23089273.51,20000000,25806451.61,1520000000,5,MODELED,listing,metraj_all,3
12d36366-a798-320f-299b-b05b285b3cd5,272896:8,8,منطقه 8,MUNICIPAL_AREA,2022-12-22,1401-10,262,دی - 1401,51916376.31,43499808.19,20200000,99473684.21,1835000000,20,MODELED,listing,metraj_all,3
12d36366-a798-320f-299b-b05b285b3cd5,272896:8,8,منطقه 8,MUNICIPAL_AREA,2023-01-21,1401-11,263,بهمن - 1401,44500000,41703389.98,18918918.92,100000000,2000000000,49,DIRECT,listing,metraj_all,3
12d36366-a798-320f-299b-b05b285b3cd5,272896:8,8,منطقه 8,MUNICIPAL_AREA,2023-02-20,1401-12,264,اسفند - 1401,60975609.76,56692669.42,21316105.77,120714285.72,2550000000,63,DIRECT,listing,metraj_all,3
12d36366-a798-320f-299b-b05b285b3cd5,272896:8,8,منطقه 8,MUNICIPAL_AREA,2023-03-21,1402-01,265,فروردین - 1402,57000000,52501567.51,21427283.66,116607142.86,2240000000,48,DIRECT,listing,metraj_all,3
12d36366-a798-320f-299b-b05b285b3cd5,272896:8,8,منطقه 8,MUNICIPAL_AREA,2023-04-21,1402-02,266,اردیبهشت - 1402,68333333.34,63627181.02,32500000,138125000,2705000000,56,DIRECT,listing,metraj_all,3
12d36366-a798-320f-299b-b05b285b3cd5,272896:8,8,منطقه 8,MUNICIPAL_AREA,2023-05-22,1402-03,267,خرداد - 1402,53125000,51492922.01,24764150.95,128977272.73,2650000000,75,DIRECT,listing,metraj_all,3
12d36366-a798-320f-299b-b05b285b3cd5,272896:8,8,منطقه 8,MUNICIPAL_AREA,2023-06-22,1402-04,268,تیر - 1402,54687500,53461914.09,24528301.89,122863247.87,2675000000,118,DIRECT,listing,metraj_all,3
12d36366-a798-320f-299b-b05b285b3cd5,272896:8,8,منطقه 8,MUNICIPAL_AREA,2023-07-23,1402-05,269,مرداد - 1402,50000000,48967889.94,24764150.95,128205128.21,2700000000,99,DIRECT,listing,metraj_all,3
12d36366-a798-320f-299b-b05b285b3cd5,272896:8,8,منطقه 8,MUNICIPAL_AREA,2023-08-23,1402-06,270,شهریور - 1402,57613168.72,55422278.38,26625000,140000000,2920000000,78,DIRECT,listing,metraj_all,3
12d36366-a798-320f-299b-b05b285b3cd5,272896:8,8,منطقه 8,MUNICIPAL_AREA,2023-09-23,1402-07,271,مهر - 1402,62500000,58565439.89,34717741.94,152500000,3500000000,52,DIRECT,listing,metraj_all,3
12d36366-a798-320f-299b-b05b285b3cd5,272896:8,8,منطقه 8,MUNICIPAL_AREA,2023-10-23,1402-08,272,آبان - 1402,57946428.57,54966087.38,30000000,161538461.54,3500000000,57,DIRECT,listing,metraj_all,3
12d36366-a798-320f-299b-b05b285b3cd5,272896:8,8,منطقه 8,MUNICIPAL_AREA,2023-11-22,1402-09,273,آذر - 1402,57946428.57,55509424.99,27142857.14,145454545.45,3500000000,73,DIRECT,listing,metraj_all,3
12d36366-a798-320f-299b-b05b285b3cd5,272896:8,8,منطقه 8,MUNICIPAL_AREA,2023-12-22,1402-10,274,دی - 1402,58973214.29,56416879.41,27678571.43,107165909.09,3500000000,74,DIRECT,listing,metraj_all,3
12d36366-a798-320f-299b-b05b285b3cd5,272896:8,8,منطقه 8,MUNICIPAL_AREA,2024-01-21,1402-11,275,بهمن - 1402,63636363.64,59314457.07,29021739.13,95312500,3500000000,51,DIRECT,listing,metraj_all,3
12d36366-a798-320f-299b-b05b285b3cd5,272896:8,8,منطقه 8,MUNICIPAL_AREA,2024-02-20,1402-12,276,اسفند - 1402,67250000,62009617.92,25781250,107907624.35,4335000000,42,DIRECT,listing,metraj_all,3
12d36366-a798-320f-299b-b05b285b3cd5,272896:8,8,منطقه 8,MUNICIPAL_AREA,2024-03-20,1403-01,277,فروردین - 1403,34782608.7,35821236.98,22000000,90000000,2600000000,61,DIRECT,listing,metraj_all,3
12d36366-a798-320f-299b-b05b285b3cd5,272896:8,8,منطقه 8,MUNICIPAL_AREA,2024-04-20,1403-02,278,اردیبهشت - 1403,46314858.49,46104825.77,25000000,102578105.15,2925000000,140,DIRECT,listing,metraj_all,3
12d36366-a798-320f-299b-b05b285b3cd5,272896:8,8,منطقه 8,MUNICIPAL_AREA,2024-05-21,1403-03,279,خرداد - 1403,42253521.13,42347327.81,26190476.19,95000000,3000000000,169,DIRECT,listing,metraj_all,3
12d36366-a798-320f-299b-b05b285b3cd5,272896:8,8,منطقه 8,MUNICIPAL_AREA,2024-06-21,1403-04,280,تیر - 1403,43215380.69,43272573.02,27405555.56,100806451.61,3125000000,164,DIRECT,listing,metraj_all,3
12d36366-a798-320f-299b-b05b285b3cd5,272896:8,8,منطقه 8,MUNICIPAL_AREA,2024-07-22,1403-05,281,مرداد - 1403,40229885.06,40626739.81,26000000,95000000,3000000000,85,DIRECT,listing,metraj_all,3
12d36366-a798-320f-299b-b05b285b3cd5,272896:8,8,منطقه 8,MUNICIPAL_AREA,2024-08-22,1403-06,282,شهریور - 1403,40972222.22,41743258.08,24750000,122159090.91,3250000000,32,DIRECT,listing,metraj_all,3
12d36366-a798-320f-299b-b05b285b3cd5,272896:8,8,منطقه 8,MUNICIPAL_AREA,2024-11-21,1403-09,285,آذر - 1403,28921569.88,30807795.96,20047846.89,48076923.93,3100000000,75,DIRECT,listing,metraj_all,3
12d36366-a798-320f-299b-b05b285b3cd5,272896:8,8,منطقه 8,MUNICIPAL_AREA,2024-12-21,1403-10,286,دی - 1403,27000000,28057142.96,19090909.87,50420168.07,3000000000,165,DIRECT,listing,metraj_all,3
12d36366-a798-320f-299b-b05b285b3cd5,272896:8,8,منطقه 8,MUNICIPAL_AREA,2025-01-20,1403-11,287,بهمن - 1403,29600000,30231003.92,19754360.95,57918604.65,3200000000,254,DIRECT,listing,metraj_all,3
12d36366-a798-320f-299b-b05b285b3cd5,272896:8,8,منطقه 8,MUNICIPAL_AREA,2025-02-19,1403-12,288,اسفند - 1403,29117647.81,29874054.74,18750000.32,59166666.67,3200000000,235,DIRECT,listing,metraj_all,3
12d36366-a798-320f-299b-b05b285b3cd5,272896:8,8,منطقه 8,MUNICIPAL_AREA,2025-03-21,1404-01,289,فروردین - 1404,29750000.64,30660849.26,18219696.97,58323170.89,3350000000,198,DIRECT,listing,metraj_all,3
12d36366-a798-320f-299b-b05b285b3cd5,272896:8,8,منطقه 8,MUNICIPAL_AREA,2025-04-21,1404-02,290,اردیبهشت - 1404,28000000,29073170.83,17748529.09,64583333.34,3200000000,195,DIRECT,listing,metraj_all,3
12d36366-a798-320f-299b-b05b285b3cd5,272896:8,8,منطقه 8,MUNICIPAL_AREA,2025-05-22,1404-03,291,خرداد - 1404,28571428.57,29469151.92,17954545.45,71428571.43,3300000000,233,DIRECT,listing,metraj_all,3
12d36366-a798-320f-299b-b05b285b3cd5,272896:8,8,منطقه 8,MUNICIPAL_AREA,2025-06-22,1404-04,292,تیر - 1404,30540935.68,31230086.71,18391608.39,68857142.86,3300000000,280,DIRECT,listing,metraj_all,3
12d36366-a798-320f-299b-b05b285b3cd5,272896:8,8,منطقه 8,MUNICIPAL_AREA,2025-07-23,1404-05,293,مرداد - 1404,31444444.44,32094804.69,19623655.92,66666666.67,3500000000,283,DIRECT,listing,metraj_all,3
12d36366-a798-320f-299b-b05b285b3cd5,272896:8,8,منطقه 8,MUNICIPAL_AREA,2025-08-23,1404-06,294,شهریور - 1404,32483766.24,33109133.68,21666666.67,67615291.26,3500000000,292,DIRECT,listing,metraj_all,3
12d36366-a798-320f-299b-b05b285b3cd5,272896:8,8,منطقه 8,MUNICIPAL_AREA,2025-09-23,1404-07,295,مهر - 1404,35000000,35602636.54,23750000,76923076.92,3800000000,285,DIRECT,listing,metraj_all,3
12d36366-a798-320f-299b-b05b285b3cd5,272896:8,8,منطقه 8,MUNICIPAL_AREA,2025-10-23,1404-08,296,آبان - 1404,36250000,36789355.15,23693181.82,75394021.74,3500000000,323,DIRECT,listing,metraj_all,3
12d36366-a798-320f-299b-b05b285b3cd5,272896:8,8,منطقه 8,MUNICIPAL_AREA,2025-11-22,1404-09,297,آذر - 1404,37367021.28,37908677.65,24415131.91,77718750,3825000000,334,DIRECT,listing,metraj_all,3
12d36366-a798-320f-299b-b05b285b3cd5,272896:8,8,منطقه 8,MUNICIPAL_AREA,2025-12-22,1404-10,298,دی - 1404,37179487.18,37833327.84,23541666.67,79333333.34,3600000000,323,DIRECT,listing,metraj_all,3
12d36366-a798-320f-299b-b05b285b3cd5,272896:8,8,منطقه 8,MUNICIPAL_AREA,2026-01-21,1404-11,299,بهمن - 1404,37234042.55,38003182.65,25000000,86405529.95,4200000000,351,DIRECT,listing,metraj_all,3
12d36366-a798-320f-299b-b05b285b3cd5,272896:8,8,منطقه 8,MUNICIPAL_AREA,2026-02-20,1404-12,300,اسفند - 1404,40000000,41083032.5,25820105.82,98701298.7,4500000000,267,DIRECT,listing,metraj_all,3
12d36366-a798-320f-299b-b05b285b3cd5,272896:8,8,منطقه 8,MUNICIPAL_AREA,2026-03-21,1405-01,301,فروردین - 1405,45000000,46426830.51,27970588.24,99462365.59,4860000000,219,DIRECT,listing,metraj_all,3
12d36366-a798-320f-299b-b05b285b3cd5,272896:8,8,منطقه 8,MUNICIPAL_AREA,2026-04-21,1405-02,302,اردیبهشت - 1405,55982142.86,57606107.67,34920520.23,125000000,6000000000,220,DIRECT,listing,metraj_all,3
12d36366-a798-320f-299b-b05b285b3cd5,272896:8,8,منطقه 8,MUNICIPAL_AREA,2026-05-22,1405-03,303,خرداد - 1405,52419354.84,53773567.88,35000000,90625000,6000000000,373,DIRECT,listing,metraj_all,3
12d36366-a798-320f-299b-b05b285b3cd5,272896:8,8,منطقه 8,MUNICIPAL_AREA,2026-06-22,1405-04,304,تیر - 1405,51833333.34,53324786.34,35000000,86166666.67,6000000000,380,DIRECT,listing,metraj_all,3
12d36366-a798-320f-299b-b05b285b3cd5,272896:8,8,منطقه 8,MUNICIPAL_AREA,2026-07-23,1405-05,305,مرداد - 1405,51456310.68,53509709.8,35294117.65,82000000,6300000000,309,DIRECT,listing,metraj_all,3
a939a0ee-0fc0-5598-8873-7b6e9d105317,272896:9,9,منطقه 9,MUNICIPAL_AREA,2021-08-23,1400-06,246,شهریور - 1400,12666666.67,19114127.39,12666666.67,12666666.67,3800000000,1,MODELED,listing,metraj_all,3
a939a0ee-0fc0-5598-8873-7b6e9d105317,272896:9,9,منطقه 9,MUNICIPAL_AREA,2021-09-23,1400-07,247,مهر - 1400,12666666.67,15889656.26,12666666.67,12666666.67,3800000000,1,MODELED,listing,metraj_all,3
a939a0ee-0fc0-5598-8873-7b6e9d105317,272896:9,9,منطقه 9,MUNICIPAL_AREA,2021-10-23,1400-08,248,آبان - 1400,13000000,17325227.58,13000000,13000000,1625000000,1,MODELED,listing,metraj_all,3
a939a0ee-0fc0-5598-8873-7b6e9d105317,272896:9,9,منطقه 9,MUNICIPAL_AREA,2021-11-22,1400-09,249,آذر - 1400,13000000,14308897.72,13000000,13000000,1625000000,1,MODELED,listing,metraj_all,3
a939a0ee-0fc0-5598-8873-7b6e9d105317,272896:9,9,منطقه 9,MUNICIPAL_AREA,2021-12-22,1400-10,250,دی - 1400,13000000,13882836.95,13000000,13000000,1625000000,1,MODELED,listing,metraj_all,3
a939a0ee-0fc0-5598-8873-7b6e9d105317,272896:9,9,منطقه 9,MUNICIPAL_AREA,2022-02-20,1400-12,252,اسفند - 1400,11363636.36,13612365.67,11363636.36,11363636.36,1250000000,1,MODELED,listing,metraj_all,3
a939a0ee-0fc0-5598-8873-7b6e9d105317,272896:9,9,منطقه 9,MUNICIPAL_AREA,2022-03-21,1401-01,253,فروردین - 1401,11363636.36,14258413.01,11363636.36,11363636.36,1250000000,1,MODELED,listing,metraj_all,3
a939a0ee-0fc0-5598-8873-7b6e9d105317,272896:9,9,منطقه 9,MUNICIPAL_AREA,2022-04-21,1401-02,254,اردیبهشت - 1401,11363636.36,40793961.62,11363636.36,11363636.36,1250000000,1,MODELED,listing,metraj_all,3
a939a0ee-0fc0-5598-8873-7b6e9d105317,272896:9,9,منطقه 9,MUNICIPAL_AREA,2022-06-22,1401-04,256,تیر - 1401,17498000,18529163.51,15202850.88,19495129.87,1907500000,74,DIRECT,listing,metraj_all,3
a939a0ee-0fc0-5598-8873-7b6e9d105317,272896:9,9,منطقه 9,MUNICIPAL_AREA,2022-07-23,1401-05,257,مرداد - 1401,17287543.45,17620030.26,15844459.28,19485389.61,1860000000,176,DIRECT,listing,metraj_all,3
a939a0ee-0fc0-5598-8873-7b6e9d105317,272896:9,9,منطقه 9,MUNICIPAL_AREA,2022-08-23,1401-06,258,شهریور - 1401,17407407.41,17520217.12,16111111.11,19130434.78,1860000000,381,DIRECT,listing,metraj_all,3
a939a0ee-0fc0-5598-8873-7b6e9d105317,272896:9,9,منطقه 9,MUNICIPAL_AREA,2022-09-23,1401-07,259,مهر - 1401,17368421.05,17503602.81,16217484.21,19069264.07,1850000000,307,DIRECT,listing,metraj_all,3
a939a0ee-0fc0-5598-8873-7b6e9d105317,272896:9,9,منطقه 9,MUNICIPAL_AREA,2022-10-23,1401-08,260,آبان - 1401,17500000,17665258.75,16428571.43,19047619.05,1850000000,205,DIRECT,listing,metraj_all,3
a939a0ee-0fc0-5598-8873-7b6e9d105317,272896:9,9,منطقه 9,MUNICIPAL_AREA,2022-11-22,1401-09,261,آذر - 1401,31147540.98,30476130.47,21000000,45000000,3800000000,89,DIRECT,listing,metraj_all,3
a939a0ee-0fc0-5598-8873-7b6e9d105317,272896:9,9,منطقه 9,MUNICIPAL_AREA,2022-12-22,1401-10,262,دی - 1401,23438311.69,23495960.98,20000000,35113636.36,2650000000,550,DIRECT,listing,metraj_all,3
a939a0ee-0fc0-5598-8873-7b6e9d105317,272896:9,9,منطقه 9,MUNICIPAL_AREA,2023-01-21,1401-11,263,بهمن - 1401,27160678.14,27166699.11,22000000,44863908.55,3200000000,1384,DIRECT,listing,metraj_all,3
a939a0ee-0fc0-5598-8873-7b6e9d105317,272896:9,9,منطقه 9,MUNICIPAL_AREA,2023-02-20,1401-12,264,اسفند - 1401,28750000,28755295.89,22979023.8,47100840.34,3400000000,1803,DIRECT,listing,metraj_all,3
a939a0ee-0fc0-5598-8873-7b6e9d105317,272896:9,9,منطقه 9,MUNICIPAL_AREA,2023-03-21,1402-01,265,فروردین - 1402,32833566.44,32819353.18,24607371.8,50000000,3887500000,1344,DIRECT,listing,metraj_all,3
a939a0ee-0fc0-5598-8873-7b6e9d105317,272896:9,9,منطقه 9,MUNICIPAL_AREA,2023-04-21,1402-02,266,اردیبهشت - 1402,31419413.92,31469187,27378167.64,43333333.33,3600000000,1166,DIRECT,listing,metraj_all,3
a939a0ee-0fc0-5598-8873-7b6e9d105317,272896:9,9,منطقه 9,MUNICIPAL_AREA,2023-05-22,1402-03,267,خرداد - 1402,31142857.14,31203061.15,28615384.62,35000000,3500000000,1337,DIRECT,listing,metraj_all,3
a939a0ee-0fc0-5598-8873-7b6e9d105317,272896:9,9,منطقه 9,MUNICIPAL_AREA,2023-06-22,1402-04,268,تیر - 1402,31067961.17,31105643.07,28607692.31,35000000,3500000000,2095,DIRECT,listing,metraj_all,3
a939a0ee-0fc0-5598-8873-7b6e9d105317,272896:9,9,منطقه 9,MUNICIPAL_AREA,2023-07-23,1402-05,269,مرداد - 1402,30833333.33,30870413.74,28235294.12,34275862.07,3410000000,2125,DIRECT,listing,metraj_all,3
a939a0ee-0fc0-5598-8873-7b6e9d105317,272896:9,9,منطقه 9,MUNICIPAL_AREA,2023-08-23,1402-06,270,شهریور - 1402,30311089.62,30352145.12,28000000,34076682.31,3350000000,1944,DIRECT,listing,metraj_all,3
a939a0ee-0fc0-5598-8873-7b6e9d105317,272896:9,9,منطقه 9,MUNICIPAL_AREA,2023-09-23,1402-07,271,مهر - 1402,30000000,30047962.88,27472527.47,33474865.42,3250000000,1680,DIRECT,listing,metraj_all,3
a939a0ee-0fc0-5598-8873-7b6e9d105317,272896:9,9,منطقه 9,MUNICIPAL_AREA,2023-10-23,1402-08,272,آبان - 1402,29320388.35,29372324.49,26896551.72,33333333.33,3192000000,1657,DIRECT,listing,metraj_all,3
a939a0ee-0fc0-5598-8873-7b6e9d105317,272896:9,9,منطقه 9,MUNICIPAL_AREA,2023-11-22,1402-09,273,آذر - 1402,29333333.33,29376404.54,26750000,33495412.84,3190000000,1937,DIRECT,listing,metraj_all,3
a939a0ee-0fc0-5598-8873-7b6e9d105317,272896:9,9,منطقه 9,MUNICIPAL_AREA,2023-12-22,1402-10,274,دی - 1402,29447496.95,29493775.71,26785714.29,33500000,3200000000,1730,DIRECT,listing,metraj_all,3
a939a0ee-0fc0-5598-8873-7b6e9d105317,272896:9,9,منطقه 9,MUNICIPAL_AREA,2024-01-21,1402-11,275,بهمن - 1402,29591836.73,29663154.25,26830143.54,33872241.09,3200000000,1067,DIRECT,listing,metraj_all,3
a939a0ee-0fc0-5598-8873-7b6e9d105317,272896:9,9,منطقه 9,MUNICIPAL_AREA,2024-02-20,1402-12,276,اسفند - 1402,31000000,31118577.25,28000000,34545454.55,3400000000,749,DIRECT,listing,metraj_all,3
a939a0ee-0fc0-5598-8873-7b6e9d105317,272896:9,9,منطقه 9,MUNICIPAL_AREA,2024-03-20,1403-01,277,فروردین - 1403,32522538.84,32617928.25,28944132.87,36385630.5,3600000000,1000,DIRECT,listing,metraj_all,3
a939a0ee-0fc0-5598-8873-7b6e9d105317,272896:9,9,منطقه 9,MUNICIPAL_AREA,2024-04-20,1403-02,278,اردیبهشت - 1403,33050847.46,33102107.07,29490740.74,37412638.91,3650000000,1963,DIRECT,listing,metraj_all,3
a939a0ee-0fc0-5598-8873-7b6e9d105317,272896:9,9,منطقه 9,MUNICIPAL_AREA,2024-05-21,1403-03,279,خرداد - 1403,33649352.98,33692596.49,30000000,37911330.05,3700000000,2368,DIRECT,listing,metraj_all,3
a939a0ee-0fc0-5598-8873-7b6e9d105317,272896:9,9,منطقه 9,MUNICIPAL_AREA,2024-06-21,1403-04,280,تیر - 1403,34000000,34041271.33,30549410.03,38235294.12,3750000000,2464,DIRECT,listing,metraj_all,3
a939a0ee-0fc0-5598-8873-7b6e9d105317,272896:9,9,منطقه 9,MUNICIPAL_AREA,2024-07-22,1403-05,281,مرداد - 1403,34180327.87,34245315.81,31000000,38265306.12,3750000000,1501,DIRECT,listing,metraj_all,3
a939a0ee-0fc0-5598-8873-7b6e9d105317,272896:9,9,منطقه 9,MUNICIPAL_AREA,2024-08-22,1403-06,282,شهریور - 1403,34540768.51,34690455.88,31923717.76,38933168.32,3800000000,636,DIRECT,listing,metraj_all,3
a939a0ee-0fc0-5598-8873-7b6e9d105317,272896:9,9,منطقه 9,MUNICIPAL_AREA,2024-11-21,1403-09,285,آذر - 1403,33333333.33,33506783.45,29013392.21,38333333.33,3649999872,660,DIRECT,listing,metraj_all,3
a939a0ee-0fc0-5598-8873-7b6e9d105317,272896:9,9,منطقه 9,MUNICIPAL_AREA,2024-12-21,1403-10,286,دی - 1403,34249999.36,34319572.66,29894153.9,39648719.13,3750000128,1607,DIRECT,listing,metraj_all,3
a939a0ee-0fc0-5598-8873-7b6e9d105317,272896:9,9,منطقه 9,MUNICIPAL_AREA,2025-01-20,1403-11,287,بهمن - 1403,34583334.4,34625835.93,29369369.37,40000000,3824999936,2737,DIRECT,listing,metraj_all,3
a939a0ee-0fc0-5598-8873-7b6e9d105317,272896:9,9,منطقه 9,MUNICIPAL_AREA,2025-02-19,1403-12,288,اسفند - 1403,35477784.54,35520373.18,30000000,41159503,3950000128,2848,DIRECT,listing,metraj_all,3
a939a0ee-0fc0-5598-8873-7b6e9d105317,272896:9,9,منطقه 9,MUNICIPAL_AREA,2025-03-21,1404-01,289,فروردین - 1404,36111110.4,36164890.49,29090909.09,41996030.02,4000000000,2330,DIRECT,listing,metraj_all,3
a939a0ee-0fc0-5598-8873-7b6e9d105317,272896:9,9,منطقه 9,MUNICIPAL_AREA,2025-04-21,1404-02,290,اردیبهشت - 1404,38556547.01,38606605.87,31581618.97,44296761.15,4300000256,2276,DIRECT,listing,metraj_all,3
a939a0ee-0fc0-5598-8873-7b6e9d105317,272896:9,9,منطقه 9,MUNICIPAL_AREA,2025-05-22,1404-03,291,خرداد - 1404,39673911.65,39715001.77,32575757.58,46000000,4499999744,2597,DIRECT,listing,metraj_all,3
a939a0ee-0fc0-5598-8873-7b6e9d105317,272896:9,9,منطقه 9,MUNICIPAL_AREA,2025-06-22,1404-04,292,تیر - 1404,40000000,40029802.71,34078282.83,46828307.83,4500000000,3522,DIRECT,listing,metraj_all,3
a939a0ee-0fc0-5598-8873-7b6e9d105317,272896:9,9,منطقه 9,MUNICIPAL_AREA,2025-07-23,1404-05,293,مرداد - 1404,40652306.06,40678193.79,34784873.19,47086367.31,4500000000,3794,DIRECT,listing,metraj_all,3
a939a0ee-0fc0-5598-8873-7b6e9d105317,272896:9,9,منطقه 9,MUNICIPAL_AREA,2025-08-23,1404-06,294,شهریور - 1404,41371473.35,41394321.59,35000000,47175517.34,4527000000,4366,DIRECT,listing,metraj_all,3
a939a0ee-0fc0-5598-8873-7b6e9d105317,272896:9,9,منطقه 9,MUNICIPAL_AREA,2025-09-23,1404-07,295,مهر - 1404,42000000,42022240.57,35784313.73,47500000,4600000000,4836,DIRECT,listing,metraj_all,3
a939a0ee-0fc0-5598-8873-7b6e9d105317,272896:9,9,منطقه 9,MUNICIPAL_AREA,2025-10-23,1404-08,296,آبان - 1404,42857142.86,42878544.15,37000000,48095238.1,4756000000,5295,DIRECT,listing,metraj_all,3
a939a0ee-0fc0-5598-8873-7b6e9d105317,272896:9,9,منطقه 9,MUNICIPAL_AREA,2025-11-22,1404-09,297,آذر - 1404,44000000,44021532.39,38317757.01,50000000,4990000000,5563,DIRECT,listing,metraj_all,3
a939a0ee-0fc0-5598-8873-7b6e9d105317,272896:9,9,منطقه 9,MUNICIPAL_AREA,2025-12-22,1404-10,298,دی - 1404,46000000,46022815.54,40368671.43,53136574.08,5300000000,5667,DIRECT,listing,metraj_all,3
a939a0ee-0fc0-5598-8873-7b6e9d105317,272896:9,9,منطقه 9,MUNICIPAL_AREA,2026-01-21,1404-11,299,بهمن - 1404,50769230.77,50790997.01,42735042.74,60909090.91,6000000000,6528,DIRECT,listing,metraj_all,3
a939a0ee-0fc0-5598-8873-7b6e9d105317,272896:9,9,منطقه 9,MUNICIPAL_AREA,2026-02-20,1404-12,300,اسفند - 1404,55985074.63,56010846.84,45544554.46,65306122.45,6500000000,5428,DIRECT,listing,metraj_all,3
a939a0ee-0fc0-5598-8873-7b6e9d105317,272896:9,9,منطقه 9,MUNICIPAL_AREA,2026-03-21,1405-01,301,فروردین - 1405,61705764.69,61744040.47,51221590.91,72000000,7300000000,4162,DIRECT,listing,metraj_all,3
a939a0ee-0fc0-5598-8873-7b6e9d105317,272896:9,9,منطقه 9,MUNICIPAL_AREA,2026-04-21,1405-02,302,اردیبهشت - 1405,77906976.74,77944666.35,63178746.93,91304347.83,9090000000,4083,DIRECT,listing,metraj_all,3
a939a0ee-0fc0-5598-8873-7b6e9d105317,272896:9,9,منطقه 9,MUNICIPAL_AREA,2026-05-22,1405-03,303,خرداد - 1405,85000000,85032132.15,70498251.75,100000000,9900000000,5992,DIRECT,listing,metraj_all,3
a939a0ee-0fc0-5598-8873-7b6e9d105317,272896:9,9,منطقه 9,MUNICIPAL_AREA,2026-06-22,1405-04,304,تیر - 1405,86363636.36,86402614.53,72850047.31,100000000,10000000000,6054,DIRECT,listing,metraj_all,3
a939a0ee-0fc0-5598-8873-7b6e9d105317,272896:9,9,منطقه 9,MUNICIPAL_AREA,2026-07-23,1405-05,305,مرداد - 1405,94059405.94,94101869.02,80379223.58,111596674.88,11000000000,5383,DIRECT,listing,metraj_all,3
deb2ba03-c9df-18e4-a3b2-17afcacb4dea,272896:10,10,منطقه 10,MUNICIPAL_AREA,2021-08-23,1400-06,246,شهریور - 1400,17411764.71,19367688.67,15617647.06,19205882.35,3275000000,2,MODELED,listing,metraj_all,3
deb2ba03-c9df-18e4-a3b2-17afcacb4dea,272896:10,10,منطقه 10,MUNICIPAL_AREA,2021-09-23,1400-07,247,مهر - 1400,13823529.41,15994825.6,13823529.41,13823529.41,2350000000,1,MODELED,listing,metraj_all,3
deb2ba03-c9df-18e4-a3b2-17afcacb4dea,272896:10,10,منطقه 10,MUNICIPAL_AREA,2021-10-23,1400-08,248,آبان - 1400,17600000,17743409.4,17600000,17600000,2200000000,1,MODELED,listing,metraj_all,3
deb2ba03-c9df-18e4-a3b2-17afcacb4dea,272896:10,10,منطقه 10,MUNICIPAL_AREA,2021-11-22,1400-09,249,آذر - 1400,17600000,14727079.54,17600000,17600000,2200000000,1,MODELED,listing,metraj_all,3
deb2ba03-c9df-18e4-a3b2-17afcacb4dea,272896:10,10,منطقه 10,MUNICIPAL_AREA,2021-12-22,1400-10,250,دی - 1400,17600000,14301018.76,17600000,17600000,2200000000,1,MODELED,listing,metraj_all,3
deb2ba03-c9df-18e4-a3b2-17afcacb4dea,272896:10,10,منطقه 10,MUNICIPAL_AREA,2022-06-22,1401-04,256,تیر - 1401,13234034.63,14259886.92,11175043.14,18210144.93,1560000000,116,DIRECT,listing,metraj_all,3
deb2ba03-c9df-18e4-a3b2-17afcacb4dea,272896:10,10,منطقه 10,MUNICIPAL_AREA,2022-07-23,1401-05,257,مرداد - 1401,14055555.56,14323062.45,11433747.41,19497549.02,1590000000,342,DIRECT,listing,metraj_all,3
deb2ba03-c9df-18e4-a3b2-17afcacb4dea,272896:10,10,منطقه 10,MUNICIPAL_AREA,2022-08-23,1401-06,258,شهریور - 1401,13597984.33,13697987.77,11317466.27,17522636.22,1550000000,812,DIRECT,listing,metraj_all,3
deb2ba03-c9df-18e4-a3b2-17afcacb4dea,272896:10,10,منطقه 10,MUNICIPAL_AREA,2022-09-23,1401-07,259,مهر - 1401,13623573.4,13737314.33,11341736.7,17428152.49,1545000000,696,DIRECT,listing,metraj_all,3
deb2ba03-c9df-18e4-a3b2-17afcacb4dea,272896:10,10,منطقه 10,MUNICIPAL_AREA,2022-10-23,1401-08,260,آبان - 1401,13211111.11,13374485.11,11185032.9,16652777.78,1497500000,470,DIRECT,listing,metraj_all,3
deb2ba03-c9df-18e4-a3b2-17afcacb4dea,272896:10,10,منطقه 10,MUNICIPAL_AREA,2022-11-22,1401-09,261,آذر - 1401,24898641.59,24862453.89,21619429.59,27000000,3275000000,100,DIRECT,listing,metraj_all,3
deb2ba03-c9df-18e4-a3b2-17afcacb4dea,272896:10,10,منطقه 10,MUNICIPAL_AREA,2022-12-22,1401-10,262,دی - 1401,25138996.14,25158682.68,20000000,28120777.03,3300000000,766,DIRECT,listing,metraj_all,3
deb2ba03-c9df-18e4-a3b2-17afcacb4dea,272896:10,10,منطقه 10,MUNICIPAL_AREA,2023-01-21,1401-11,263,بهمن - 1401,26500000,26509185.55,21427763.64,30000000,3480000000,1623,DIRECT,listing,metraj_all,3
deb2ba03-c9df-18e4-a3b2-17afcacb4dea,272896:10,10,منطقه 10,MUNICIPAL_AREA,2023-02-20,1401-12,264,اسفند - 1401,27500000,27510554.66,22169356.94,31914893.62,3550000000,2084,DIRECT,listing,metraj_all,3
deb2ba03-c9df-18e4-a3b2-17afcacb4dea,272896:10,10,منطقه 10,MUNICIPAL_AREA,2023-03-21,1402-01,265,فروردین - 1402,28930305.13,28944162.18,23792105.26,33333333.33,3790000000,1418,DIRECT,listing,metraj_all,3
deb2ba03-c9df-18e4-a3b2-17afcacb4dea,272896:10,10,منطقه 10,MUNICIPAL_AREA,2023-04-21,1402-02,266,اردیبهشت - 1402,34988372.1,35002866.74,28762500,40000000,4400000000,1566,DIRECT,listing,metraj_all,3
deb2ba03-c9df-18e4-a3b2-17afcacb4dea,272896:10,10,منطقه 10,MUNICIPAL_AREA,2023-05-22,1402-03,267,خرداد - 1402,37593984.96,37601904.5,31130513.56,41939417.78,4750000000,2084,DIRECT,listing,metraj_all,3
deb2ba03-c9df-18e4-a3b2-17afcacb4dea,272896:10,10,منطقه 10,MUNICIPAL_AREA,2023-06-22,1402-04,268,تیر - 1402,37500000,37504737.84,30769230.77,42000000,4700000000,3156,DIRECT,listing,metraj_all,3
deb2ba03-c9df-18e4-a3b2-17afcacb4dea,272896:10,10,منطقه 10,MUNICIPAL_AREA,2023-07-23,1402-05,269,مرداد - 1402,37142857.14,37148019.82,30307765.15,42002439.03,4700000000,3103,DIRECT,listing,metraj_all,3
deb2ba03-c9df-18e4-a3b2-17afcacb4dea,272896:10,10,منطقه 10,MUNICIPAL_AREA,2023-08-23,1402-06,270,شهریور - 1402,36956521.74,36961428.41,30000000,42051860.69,4600000000,2796,DIRECT,listing,metraj_all,3
deb2ba03-c9df-18e4-a3b2-17afcacb4dea,272896:10,10,منطقه 10,MUNICIPAL_AREA,2023-09-23,1402-07,271,مهر - 1402,36521739.13,36528092.87,30000000,42000000,4515000000,2483,DIRECT,listing,metraj_all,3
deb2ba03-c9df-18e4-a3b2-17afcacb4dea,272896:10,10,منطقه 10,MUNICIPAL_AREA,2023-10-23,1402-08,272,آبان - 1402,36666666.67,36672209.68,30038860.1,41739130.43,4550000000,2356,DIRECT,listing,metraj_all,3
deb2ba03-c9df-18e4-a3b2-17afcacb4dea,272896:10,10,منطقه 10,MUNICIPAL_AREA,2023-11-22,1402-09,273,آذر - 1402,36418169.21,36423599.63,30000000,41326086.96,4550000000,2386,DIRECT,listing,metraj_all,3
deb2ba03-c9df-18e4-a3b2-17afcacb4dea,272896:10,10,منطقه 10,MUNICIPAL_AREA,2023-12-22,1402-10,274,دی - 1402,36363636.36,36369463.87,30000000,41000000,4500000000,1940,DIRECT,listing,metraj_all,3
deb2ba03-c9df-18e4-a3b2-17afcacb4dea,272896:10,10,منطقه 10,MUNICIPAL_AREA,2024-01-21,1402-11,275,بهمن - 1402,36000000,36011313.19,29620813.4,41176470.59,4500000000,1115,DIRECT,listing,metraj_all,3
deb2ba03-c9df-18e4-a3b2-17afcacb4dea,272896:10,10,منطقه 10,MUNICIPAL_AREA,2024-02-20,1402-12,276,اسفند - 1402,37018518.52,37051210.35,30000000,42533173.19,4700000000,902,DIRECT,listing,metraj_all,3
deb2ba03-c9df-18e4-a3b2-17afcacb4dea,272896:10,10,منطقه 10,MUNICIPAL_AREA,2024-03-20,1403-01,277,فروردین - 1403,38635498.21,38665139.38,29945255.48,44266917.3,4850000000,1178,DIRECT,listing,metraj_all,3
deb2ba03-c9df-18e4-a3b2-17afcacb4dea,272896:10,10,منطقه 10,MUNICIPAL_AREA,2024-04-20,1403-02,278,اردیبهشت - 1403,39215686.27,39232453.49,29769230.77,45000000,5000000000,2345,DIRECT,listing,metraj_all,3
deb2ba03-c9df-18e4-a3b2-17afcacb4dea,272896:10,10,منطقه 10,MUNICIPAL_AREA,2024-05-21,1403-03,279,خرداد - 1403,40000000,40013823.06,29766968.33,45918937.81,5080000000,2835,DIRECT,listing,metraj_all,3
deb2ba03-c9df-18e4-a3b2-17afcacb4dea,272896:10,10,منطقه 10,MUNICIPAL_AREA,2024-06-21,1403-04,280,تیر - 1403,40000000,40013805.01,29696401.8,46108774.04,5100000000,3040,DIRECT,listing,metraj_all,3
deb2ba03-c9df-18e4-a3b2-17afcacb4dea,272896:10,10,منطقه 10,MUNICIPAL_AREA,2024-07-22,1403-05,281,مرداد - 1403,40206896.55,40227040.52,29951690.82,46511627.91,5125000000,1873,DIRECT,listing,metraj_all,3
deb2ba03-c9df-18e4-a3b2-17afcacb4dea,272896:10,10,منطقه 10,MUNICIPAL_AREA,2024-08-22,1403-06,282,شهریور - 1403,40000000,40052370.31,29636015.33,46627906.98,5103000000,794,DIRECT,listing,metraj_all,3
deb2ba03-c9df-18e4-a3b2-17afcacb4dea,272896:10,10,منطقه 10,MUNICIPAL_AREA,2024-11-21,1403-09,285,آذر - 1403,42999998.84,43021082.9,34000001.35,50000000,5720000000,917,DIRECT,listing,metraj_all,3
deb2ba03-c9df-18e4-a3b2-17afcacb4dea,272896:10,10,منطقه 10,MUNICIPAL_AREA,2024-12-21,1403-10,286,دی - 1403,44444444.44,44449297.58,35838150.29,51079138.53,6000000000,2165,DIRECT,listing,metraj_all,3
deb2ba03-c9df-18e4-a3b2-17afcacb4dea,272896:10,10,منطقه 10,MUNICIPAL_AREA,2025-01-20,1403-11,287,بهمن - 1403,44999999.59,45003389.04,36183267.59,51712409.99,6099999744,3703,DIRECT,listing,metraj_all,3
deb2ba03-c9df-18e4-a3b2-17afcacb4dea,272896:10,10,منطقه 10,MUNICIPAL_AREA,2025-02-19,1403-12,288,اسفند - 1403,46000000,46004360.61,36962963.91,53333333.33,6300000256,3773,DIRECT,listing,metraj_all,3
deb2ba03-c9df-18e4-a3b2-17afcacb4dea,272896:10,10,منطقه 10,MUNICIPAL_AREA,2025-03-21,1404-01,289,فروردین - 1404,46578790.11,46585790.31,36842105.26,54999997.7,6499999744,3014,DIRECT,listing,metraj_all,3
deb2ba03-c9df-18e4-a3b2-17afcacb4dea,272896:10,10,منطقه 10,MUNICIPAL_AREA,2025-04-21,1404-02,290,اردیبهشت - 1404,48000000,48006287.34,36065671.06,58117385.27,6650000000,3171,DIRECT,listing,metraj_all,3
deb2ba03-c9df-18e4-a3b2-17afcacb4dea,272896:10,10,منطقه 10,MUNICIPAL_AREA,2025-05-22,1404-03,291,خرداد - 1404,48437500,48442429.44,34819172.11,59306334.71,6600000000,3943,DIRECT,listing,metraj_all,3
deb2ba03-c9df-18e4-a3b2-17afcacb4dea,272896:10,10,منطقه 10,MUNICIPAL_AREA,2025-06-22,1404-04,292,تیر - 1404,48507142.86,48510919.84,34213345.86,59677419.35,6500000000,5336,DIRECT,listing,metraj_all,3
deb2ba03-c9df-18e4-a3b2-17afcacb4dea,272896:10,10,منطقه 10,MUNICIPAL_AREA,2025-07-23,1404-05,293,مرداد - 1404,49475972.54,49477845.99,35000000,60000000,6600000000,5456,DIRECT,listing,metraj_all,3
deb2ba03-c9df-18e4-a3b2-17afcacb4dea,272896:10,10,منطقه 10,MUNICIPAL_AREA,2025-08-23,1404-06,294,شهریور - 1404,50395312.5,50396906.47,36427267.99,60350084.11,6790000000,6104,DIRECT,listing,metraj_all,3
deb2ba03-c9df-18e4-a3b2-17afcacb4dea,272896:10,10,منطقه 10,MUNICIPAL_AREA,2025-09-23,1404-07,295,مهر - 1404,51588785.05,51590537.95,37567567.57,61111111.11,6900000000,6773,DIRECT,listing,metraj_all,3
deb2ba03-c9df-18e4-a3b2-17afcacb4dea,272896:10,10,منطقه 10,MUNICIPAL_AREA,2025-10-23,1404-08,296,آبان - 1404,52330815.4,52333219.74,38500000,62000000,7000000000,7808,DIRECT,listing,metraj_all,3
deb2ba03-c9df-18e4-a3b2-17afcacb4dea,272896:10,10,منطقه 10,MUNICIPAL_AREA,2025-11-22,1404-09,297,آذر - 1404,53846153.85,53848736.09,40000000,63333333.33,7250000000,8331,DIRECT,listing,metraj_all,3
deb2ba03-c9df-18e4-a3b2-17afcacb4dea,272896:10,10,منطقه 10,MUNICIPAL_AREA,2025-12-22,1404-10,298,دی - 1404,55921052.63,55924680.79,42352941.18,65714285.71,7600000000,8345,DIRECT,listing,metraj_all,3
deb2ba03-c9df-18e4-a3b2-17afcacb4dea,272896:10,10,منطقه 10,MUNICIPAL_AREA,2026-01-21,1404-11,299,بهمن - 1404,61481481.48,61485386.17,47770700.64,75000000,8550000000,9001,DIRECT,listing,metraj_all,3
deb2ba03-c9df-18e4-a3b2-17afcacb4dea,272896:10,10,منطقه 10,MUNICIPAL_AREA,2026-02-20,1404-12,300,اسفند - 1404,66666666.67,66671163.28,51471861.48,80000000,9400000000,7403,DIRECT,listing,metraj_all,3
deb2ba03-c9df-18e4-a3b2-17afcacb4dea,272896:10,10,منطقه 10,MUNICIPAL_AREA,2026-03-21,1405-01,301,فروردین - 1405,73885350.32,73891033.64,56181818.18,87560975.61,10350000000,6657,DIRECT,listing,metraj_all,3
deb2ba03-c9df-18e4-a3b2-17afcacb4dea,272896:10,10,منطقه 10,MUNICIPAL_AREA,2026-04-21,1405-02,302,اردیبهشت - 1405,88571428.57,88577854.89,66666666.67,109375000,12500000000,7400,DIRECT,listing,metraj_all,3
deb2ba03-c9df-18e4-a3b2-17afcacb4dea,272896:10,10,منطقه 10,MUNICIPAL_AREA,2026-05-22,1405-03,303,خرداد - 1405,100740740.74,100744064.05,77000000,120253164.56,14500000000,10657,DIRECT,listing,metraj_all,3
deb2ba03-c9df-18e4-a3b2-17afcacb4dea,272896:10,10,منطقه 10,MUNICIPAL_AREA,2026-06-22,1405-04,304,تیر - 1405,108571428.57,108572842.44,84078282.83,125710947.93,15580000000,10094,DIRECT,listing,metraj_all,3
deb2ba03-c9df-18e4-a3b2-17afcacb4dea,272896:10,10,منطقه 10,MUNICIPAL_AREA,2026-07-23,1405-05,305,مرداد - 1405,112500000,112504635.43,84188596.5,130000000,15600000000,9611,DIRECT,listing,metraj_all,3
c9550dc4-fa84-aa1e-d974-b906a425603e,272896:11,11,منطقه 11,MUNICIPAL_AREA,2021-08-23,1400-06,246,شهریور - 1400,15474043.72,19044735.17,14294398.91,16653688.52,3340000000,2,MODELED,listing,metraj_all,3
c9550dc4-fa84-aa1e-d974-b906a425603e,272896:11,11,منطقه 11,MUNICIPAL_AREA,2021-09-23,1400-07,247,مهر - 1400,17833333.33,16359353.23,17833333.33,17833333.33,4280000000,1,MODELED,listing,metraj_all,3
c9550dc4-fa84-aa1e-d974-b906a425603e,272896:11,11,منطقه 11,MUNICIPAL_AREA,2021-10-23,1400-08,248,آبان - 1400,17833333.33,17764621.52,17833333.33,17833333.33,4280000000,1,MODELED,listing,metraj_all,3
c9550dc4-fa84-aa1e-d974-b906a425603e,272896:11,11,منطقه 11,MUNICIPAL_AREA,2021-11-22,1400-09,249,آذر - 1400,16956521.74,14668581.51,16956521.74,16956521.74,1950000000,1,MODELED,listing,metraj_all,3
c9550dc4-fa84-aa1e-d974-b906a425603e,272896:11,11,منطقه 11,MUNICIPAL_AREA,2021-12-22,1400-10,250,دی - 1400,15144927.54,14166755.12,14239130.43,16050724.64,2575000000,2,MODELED,listing,metraj_all,3
c9550dc4-fa84-aa1e-d974-b906a425603e,272896:11,11,منطقه 11,MUNICIPAL_AREA,2022-01-21,1400-11,251,بهمن - 1400,15144927.54,13767935.69,14239130.43,16050724.64,2575000000,2,MODELED,listing,metraj_all,3
c9550dc4-fa84-aa1e-d974-b906a425603e,272896:11,11,منطقه 11,MUNICIPAL_AREA,2022-02-20,1400-12,252,اسفند - 1400,13333333.33,13791429.03,13333333.33,13333333.33,3200000000,1,MODELED,listing,metraj_all,3
c9550dc4-fa84-aa1e-d974-b906a425603e,272896:11,11,منطقه 11,MUNICIPAL_AREA,2022-06-22,1401-04,256,تیر - 1401,16666666.67,19543365.7,15769736.84,18000000,1850000000,23,MODELED,listing,metraj_all,3
c9550dc4-fa84-aa1e-d974-b906a425603e,272896:11,11,منطقه 11,MUNICIPAL_AREA,2022-07-23,1401-05,257,مرداد - 1401,17000000,18060950.52,15463983.05,18080255.36,1850000000,51,DIRECT,listing,metraj_all,3
c9550dc4-fa84-aa1e-d974-b906a425603e,272896:11,11,منطقه 11,MUNICIPAL_AREA,2022-08-23,1401-06,258,شهریور - 1401,17290209.79,17701851.36,15741071.43,18543728.14,1920000000,100,DIRECT,listing,metraj_all,3
c9550dc4-fa84-aa1e-d974-b906a425603e,272896:11,11,منطقه 11,MUNICIPAL_AREA,2022-09-23,1401-07,259,مهر - 1401,17500000,17977434.8,15714285.71,18846153.85,1940000000,77,DIRECT,listing,metraj_all,3
c9550dc4-fa84-aa1e-d974-b906a425603e,272896:11,11,منطقه 11,MUNICIPAL_AREA,2022-10-23,1401-08,260,آبان - 1401,17307692.31,17942500.92,16090909.09,19000000,2000000000,49,DIRECT,listing,metraj_all,3
c9550dc4-fa84-aa1e-d974-b906a425603e,272896:11,11,منطقه 11,MUNICIPAL_AREA,2022-11-22,1401-09,261,آذر - 1401,20000000,21451799.01,19000000,21052631.58,2300000000,21,MODELED,listing,metraj_all,3
c9550dc4-fa84-aa1e-d974-b906a425603e,272896:11,11,منطقه 11,MUNICIPAL_AREA,2022-12-22,1401-10,262,دی - 1401,21026315.79,21460189.34,19000000,23000000,2460000000,120,DIRECT,listing,metraj_all,3
c9550dc4-fa84-aa1e-d974-b906a425603e,272896:11,11,منطقه 11,MUNICIPAL_AREA,2023-01-21,1401-11,263,بهمن - 1401,22500000,22683333.36,20000000,25000000,2500000000,290,DIRECT,listing,metraj_all,3
c9550dc4-fa84-aa1e-d974-b906a425603e,272896:11,11,منطقه 11,MUNICIPAL_AREA,2023-02-20,1401-12,264,اسفند - 1401,23775483.87,23931659.17,20964285.71,26576272.8,2642500000,370,DIRECT,listing,metraj_all,3
c9550dc4-fa84-aa1e-d974-b906a425603e,272896:11,11,منطقه 11,MUNICIPAL_AREA,2023-03-21,1402-01,265,فروردین - 1402,25000000,25209542.25,22078947.37,27351851.85,2750000000,272,DIRECT,listing,metraj_all,3
c9550dc4-fa84-aa1e-d974-b906a425603e,272896:11,11,منطقه 11,MUNICIPAL_AREA,2023-04-21,1402-02,266,اردیبهشت - 1402,30241935.48,30449333.49,26363636.36,34000000,3360000000,329,DIRECT,listing,metraj_all,3
c9550dc4-fa84-aa1e-d974-b906a425603e,272896:11,11,منطقه 11,MUNICIPAL_AREA,2023-05-22,1402-03,267,خرداد - 1402,32460526.32,32595284.47,28739224.14,35985667.3,3650000000,494,DIRECT,listing,metraj_all,3
c9550dc4-fa84-aa1e-d974-b906a425603e,272896:11,11,منطقه 11,MUNICIPAL_AREA,2023-06-22,1402-04,268,تیر - 1402,32387659.29,32467326.05,28625954.2,35867139.96,3550000000,820,DIRECT,listing,metraj_all,3
c9550dc4-fa84-aa1e-d974-b906a425603e,272896:11,11,منطقه 11,MUNICIPAL_AREA,2023-07-23,1402-05,269,مرداد - 1402,32857142.86,32922473.87,28558201.06,36000000,3500000000,892,DIRECT,listing,metraj_all,3
c9550dc4-fa84-aa1e-d974-b906a425603e,272896:11,11,منطقه 11,MUNICIPAL_AREA,2023-08-23,1402-06,270,شهریور - 1402,32758620.69,32823068.24,28619047.62,36187343.36,3550000000,855,DIRECT,listing,metraj_all,3
c9550dc4-fa84-aa1e-d974-b906a425603e,272896:11,11,منطقه 11,MUNICIPAL_AREA,2023-09-23,1402-07,271,مهر - 1402,33000000,33066916.48,28750000,36184210.53,3600000000,753,DIRECT,listing,metraj_all,3
c9550dc4-fa84-aa1e-d974-b906a425603e,272896:11,11,منطقه 11,MUNICIPAL_AREA,2023-10-23,1402-08,272,آبان - 1402,32959459.46,33028114.5,28888888.89,36000000,3700000000,721,DIRECT,listing,metraj_all,3
c9550dc4-fa84-aa1e-d974-b906a425603e,272896:11,11,منطقه 11,MUNICIPAL_AREA,2023-11-22,1402-09,273,آذر - 1402,32478260.87,32544020.44,29022202.91,35252976.19,3600000000,787,DIRECT,listing,metraj_all,3
c9550dc4-fa84-aa1e-d974-b906a425603e,272896:11,11,منطقه 11,MUNICIPAL_AREA,2023-12-22,1402-10,274,دی - 1402,32317073.17,32392516.08,29017857.14,35058823.53,3600000000,677,DIRECT,listing,metraj_all,3
c9550dc4-fa84-aa1e-d974-b906a425603e,272896:11,11,منطقه 11,MUNICIPAL_AREA,2024-01-21,1402-11,275,بهمن - 1402,32041666.67,32165625.6,29044973.55,35000000,3580000000,412,DIRECT,listing,metraj_all,3
c9550dc4-fa84-aa1e-d974-b906a425603e,272896:11,11,منطقه 11,MUNICIPAL_AREA,2024-02-20,1402-12,276,اسفند - 1402,33333333.33,33541667.08,29773932.81,37500000,3675000000,310,DIRECT,listing,metraj_all,3
c9550dc4-fa84-aa1e-d974-b906a425603e,272896:11,11,منطقه 11,MUNICIPAL_AREA,2024-03-20,1403-01,277,فروردین - 1403,35000000,35149412.72,31500000,40000000,4000000000,469,DIRECT,listing,metraj_all,3
c9550dc4-fa84-aa1e-d974-b906a425603e,272896:11,11,منطقه 11,MUNICIPAL_AREA,2024-04-20,1403-02,278,اردیبهشت - 1403,35000000,35087040.17,31818181.82,39000000,3900000000,928,DIRECT,listing,metraj_all,3
c9550dc4-fa84-aa1e-d974-b906a425603e,272896:11,11,منطقه 11,MUNICIPAL_AREA,2024-05-21,1403-03,279,خرداد - 1403,35000000,35076478.26,32000000,38620689.66,3900000000,1158,DIRECT,listing,metraj_all,3
c9550dc4-fa84-aa1e-d974-b906a425603e,272896:11,11,منطقه 11,MUNICIPAL_AREA,2024-06-21,1403-04,280,تیر - 1403,35200000,35275910.09,32183908.05,38888888.89,3900000000,1177,DIRECT,listing,metraj_all,3
c9550dc4-fa84-aa1e-d974-b906a425603e,272896:11,11,منطقه 11,MUNICIPAL_AREA,2024-07-22,1403-05,281,مرداد - 1403,35500000,35616279.14,32631578.95,39204545.45,3900000000,721,DIRECT,listing,metraj_all,3
c9550dc4-fa84-aa1e-d974-b906a425603e,272896:11,11,منطقه 11,MUNICIPAL_AREA,2024-08-22,1403-06,282,شهریور - 1403,36000000,36261483.21,33032608.7,40000000,4095000000,304,DIRECT,listing,metraj_all,3
c9550dc4-fa84-aa1e-d974-b906a425603e,272896:11,11,منطقه 11,MUNICIPAL_AREA,2024-09-22,1403-07,283,مهر - 1403,66407172.37,66893631.84,29000000,80312500,9100000000,12,MODELED,listing,metraj_all,3
c9550dc4-fa84-aa1e-d974-b906a425603e,272896:11,11,منطقه 11,MUNICIPAL_AREA,2024-10-22,1403-08,284,آبان - 1403,54545454.55,57729300.87,17153061.23,74710743.8,8400000000,11,MODELED,listing,metraj_all,3
c9550dc4-fa84-aa1e-d974-b906a425603e,272896:11,11,منطقه 11,MUNICIPAL_AREA,2024-11-21,1403-09,285,آذر - 1403,37272727.27,37539455.2,31278409.6,42208836.2,4300000256,278,DIRECT,listing,metraj_all,3
c9550dc4-fa84-aa1e-d974-b906a425603e,272896:11,11,منطقه 11,MUNICIPAL_AREA,2024-12-21,1403-10,286,دی - 1403,37267080.75,37398387.31,32500000,42968752,4400000000,617,DIRECT,listing,metraj_all,3
c9550dc4-fa84-aa1e-d974-b906a425603e,272896:11,11,منطقه 11,MUNICIPAL_AREA,2025-01-20,1403-11,287,بهمن - 1403,38000000,38075975.19,33333333.33,43333333.33,4560000000,1077,DIRECT,listing,metraj_all,3
c9550dc4-fa84-aa1e-d974-b906a425603e,272896:11,11,منطقه 11,MUNICIPAL_AREA,2025-02-19,1403-12,288,اسفند - 1403,38688172.05,38773034.22,34002906.79,44000000,4700000256,1046,DIRECT,listing,metraj_all,3
c9550dc4-fa84-aa1e-d974-b906a425603e,272896:11,11,منطقه 11,MUNICIPAL_AREA,2025-03-21,1404-01,289,فروردین - 1404,40000000,40098590.16,35000000,45000000.77,4840000000,872,DIRECT,listing,metraj_all,3
c9550dc4-fa84-aa1e-d974-b906a425603e,272896:11,11,منطقه 11,MUNICIPAL_AREA,2025-04-21,1404-02,290,اردیبهشت - 1404,42105263.16,42192018.53,36866776.32,47296650.04,5145000000,900,DIRECT,listing,metraj_all,3
c9550dc4-fa84-aa1e-d974-b906a425603e,272896:11,11,منطقه 11,MUNICIPAL_AREA,2025-05-22,1404-03,291,خرداد - 1404,43000000,43065190.7,37871376.82,48000000,5200000000,1123,DIRECT,listing,metraj_all,3
c9550dc4-fa84-aa1e-d974-b906a425603e,272896:11,11,منطقه 11,MUNICIPAL_AREA,2025-06-22,1404-04,292,تیر - 1404,43125000,43174907.73,38114754.1,48130841.12,5200000000,1473,DIRECT,listing,metraj_all,3
c9550dc4-fa84-aa1e-d974-b906a425603e,272896:11,11,منطقه 11,MUNICIPAL_AREA,2025-07-23,1404-05,293,مرداد - 1404,43200000,43248829.43,38461538.46,48387096.77,5250000000,1485,DIRECT,listing,metraj_all,3
c9550dc4-fa84-aa1e-d974-b906a425603e,272896:11,11,منطقه 11,MUNICIPAL_AREA,2025-08-23,1404-06,294,شهریور - 1404,43212530.71,43260012.27,39000000,48000000,5250000000,1708,DIRECT,listing,metraj_all,3
c9550dc4-fa84-aa1e-d974-b906a425603e,272896:11,11,منطقه 11,MUNICIPAL_AREA,2025-09-23,1404-07,295,مهر - 1404,43750000,43796130.7,39365039.37,48314393.94,5300000000,1947,DIRECT,listing,metraj_all,3
c9550dc4-fa84-aa1e-d974-b906a425603e,272896:11,11,منطقه 11,MUNICIPAL_AREA,2025-10-23,1404-08,296,آبان - 1404,44848484.85,44889964.87,40000000,49514380.01,5500000000,2247,DIRECT,listing,metraj_all,3
c9550dc4-fa84-aa1e-d974-b906a425603e,272896:11,11,منطقه 11,MUNICIPAL_AREA,2025-11-22,1404-09,297,آذر - 1404,46495614.04,46533814.95,40975806.46,52083333.33,5850000000,2478,DIRECT,listing,metraj_all,3
c9550dc4-fa84-aa1e-d974-b906a425603e,272896:11,11,منطقه 11,MUNICIPAL_AREA,2025-12-22,1404-10,298,دی - 1404,48500000,48543263.17,42360732.38,55555555.56,6200000000,2406,DIRECT,listing,metraj_all,3
c9550dc4-fa84-aa1e-d974-b906a425603e,272896:11,11,منطقه 11,MUNICIPAL_AREA,2026-01-21,1404-11,299,بهمن - 1404,53625000,53668766.83,45555555.56,65000000,7100000000,2589,DIRECT,listing,metraj_all,3
c9550dc4-fa84-aa1e-d974-b906a425603e,272896:11,11,منطقه 11,MUNICIPAL_AREA,2026-02-20,1404-12,300,اسفند - 1404,58000000,58062208.4,48250714,69235117.47,7600000000,1919,DIRECT,listing,metraj_all,3
c9550dc4-fa84-aa1e-d974-b906a425603e,272896:11,11,منطقه 11,MUNICIPAL_AREA,2026-03-21,1405-01,301,فروردین - 1405,64000000,64083228.35,53846153.85,80000000,8500000000,1633,DIRECT,listing,metraj_all,3
c9550dc4-fa84-aa1e-d974-b906a425603e,272896:11,11,منطقه 11,MUNICIPAL_AREA,2026-04-21,1405-02,302,اردیبهشت - 1405,79045112.78,79130568.65,63894110.28,96846064.82,10450000000,1662,DIRECT,listing,metraj_all,3
c9550dc4-fa84-aa1e-d974-b906a425603e,272896:11,11,منطقه 11,MUNICIPAL_AREA,2026-05-22,1405-03,303,خرداد - 1405,90000000,90048623.94,72000000,109571173.32,12050000000,2928,DIRECT,listing,metraj_all,3
c9550dc4-fa84-aa1e-d974-b906a425603e,272896:11,11,منطقه 11,MUNICIPAL_AREA,2026-06-22,1405-04,304,تیر - 1405,92314560.44,92372774.53,75000000,110817467.71,12500000000,3028,DIRECT,listing,metraj_all,3
c9550dc4-fa84-aa1e-d974-b906a425603e,272896:11,11,منطقه 11,MUNICIPAL_AREA,2026-07-23,1405-05,305,مرداد - 1405,99052111.41,99115344.57,81536041.19,119565217.39,13300000000,2822,DIRECT,listing,metraj_all,3
