area_id,native_key,district_number,area_name_fa,level,date,period_code,period_id,label,price_psm_median_toman,price_psm_smoothed_toman,price_psm_p25_toman,price_psm_p75_toman,price_total_median_toman,sample_size,trust,source,metraj_band,window_months
12d3c362-a7df-8f1a-db63-50e148beda7c,273014:1,1,منطقه 1,MUNICIPAL_AREA,2021-08-23,1400-06,246,شهریور - 1400,22409090.91,14251312,16740878.21,28500000,1975000000,4,MODELED,listing,metraj_all,3
12d3c362-a7df-8f1a-db63-50e148beda7c,273014:1,1,منطقه 1,MUNICIPAL_AREA,2021-09-23,1400-07,247,مهر - 1400,28000000,14850653.43,22409090.91,29000000,2100000000,3,MODELED,listing,metraj_all,3
12d3c362-a7df-8f1a-db63-50e148beda7c,273014:1,1,منطقه 1,MUNICIPAL_AREA,2021-10-23,1400-08,248,آبان - 1400,24000000,17337120.66,17142857.14,28000000,1920000000,5,MODELED,listing,metraj_all,3
12d3c362-a7df-8f1a-db63-50e148beda7c,273014:1,1,منطقه 1,MUNICIPAL_AREA,2021-11-22,1400-09,249,آذر - 1400,27000000,20058397.26,18557558.94,36184931.51,1988000000,8,MODELED,listing,metraj_all,3
12d3c362-a7df-8f1a-db63-50e148beda7c,273014:1,1,منطقه 1,MUNICIPAL_AREA,2021-12-22,1400-10,250,دی - 1400,34246575.34,23575215.98,19029126.21,66666666.67,2016000000,9,MODELED,listing,metraj_all,3
12d3c362-a7df-8f1a-db63-50e148beda7c,273014:1,1,منطقه 1,MUNICIPAL_AREA,2022-01-21,1400-11,251,بهمن - 1400,38631578.95,24754806.13,30818860.08,67857142.86,5375000000,8,MODELED,listing,metraj_all,3
12d3c362-a7df-8f1a-db63-50e148beda7c,273014:1,1,منطقه 1,MUNICIPAL_AREA,2022-02-20,1400-12,252,اسفند - 1400,35263157.89,20756301.46,20535714.29,66666666.67,6700000000,5,MODELED,listing,metraj_all,3
12d3c362-a7df-8f1a-db63-50e148beda7c,273014:1,1,منطقه 1,MUNICIPAL_AREA,2022-03-21,1401-01,253,فروردین - 1401,27899436.09,17179565.25,20316315.63,37697368.42,4500000000,4,MODELED,listing,metraj_all,3
12d3c362-a7df-8f1a-db63-50e148beda7c,273014:1,1,منطقه 1,MUNICIPAL_AREA,2022-04-21,1401-02,254,اردیبهشت - 1401,32329059.83,16213625.85,25993589.75,38664529.92,4525000000,2,MODELED,listing,metraj_all,3
12d3c362-a7df-8f1a-db63-50e148beda7c,273014:1,1,منطقه 1,MUNICIPAL_AREA,2022-05-22,1401-03,255,خرداد - 1401,27500000,15232451.57,18750000,36250000,3925000000,2,MODELED,listing,metraj_all,3
12d3c362-a7df-8f1a-db63-50e148beda7c,273014:1,1,منطقه 1,MUNICIPAL_AREA,2022-06-22,1401-04,256,تیر - 1401,32286666.02,30459101.57,26067026.19,38980769.23,3710000000,72,DIRECT,listing,metraj_all,3
12d3c362-a7df-8f1a-db63-50e148beda7c,273014:1,1,منطقه 1,MUNICIPAL_AREA,2022-07-23,1401-05,257,مرداد - 1401,32286666.02,31406363.18,24000000,37982758.62,3600000000,158,DIRECT,listing,metraj_all,3
12d3c362-a7df-8f1a-db63-50e148beda7c,273014:1,1,منطقه 1,MUNICIPAL_AREA,2022-08-23,1401-06,258,شهریور - 1401,32369942.2,31778536.41,24528301.89,38000000,3700000000,233,DIRECT,listing,metraj_all,3
12d3c362-a7df-8f1a-db63-50e148beda7c,273014:1,1,منطقه 1,MUNICIPAL_AREA,2022-09-23,1401-07,259,مهر - 1401,32388674.81,31557590.25,23780487.8,37792434.05,3700000000,162,DIRECT,listing,metraj_all,3
12d3c362-a7df-8f1a-db63-50e148beda7c,273014:1,1,منطقه 1,MUNICIPAL_AREA,2022-10-23,1401-08,260,آبان - 1401,32686240.14,31047517.81,25981481.48,37853658.54,4050000000,76,DIRECT,listing,metraj_all,3
12d3c362-a7df-8f1a-db63-50e148beda7c,273014:1,1,منطقه 1,MUNICIPAL_AREA,2022-11-22,1401-09,261,آذر - 1401,43636363.64,38475476.04,30568965.52,60500000,5500000000,31,DIRECT,listing,metraj_all,3
12d3c362-a7df-8f1a-db63-50e148beda7c,273014:1,1,منطقه 1,MUNICIPAL_AREA,2022-12-22,1401-10,262,دی - 1401,40000000,37916643.18,26989726.03,53845811.05,4225000000,74,DIRECT,listing,metraj_all,3
12d3c362-a7df-8f1a-db63-50e148beda7c,273014:1,1,منطقه 1,MUNICIPAL_AREA,2023-01-21,1401-11,263,بهمن - 1401,42928571.43,42180472.39,31584884.99,57075892.86,4830000000,222,DIRECT,listing,metraj_all,3
12d3c362-a7df-8f1a-db63-50e148beda7c,273014:1,1,منطقه 1,MUNICIPAL_AREA,2023-02-20,1401-12,264,اسفند - 1401,46946327.69,46353450.44,34411684.78,59880952.38,5670000000,318,DIRECT,listing,metraj_all,3
12d3c362-a7df-8f1a-db63-50e148beda7c,273014:1,1,منطقه 1,MUNICIPAL_AREA,2023-03-21,1402-01,265,فروردین - 1402,48387096.77,47689342.13,35398332.57,60000000,6220000000,276,DIRECT,listing,metraj_all,3
12d3c362-a7df-8f1a-db63-50e148beda7c,273014:1,1,منطقه 1,MUNICIPAL_AREA,2023-04-21,1402-02,266,اردیبهشت - 1402,64935064.94,64794060.95,54605263.16,75000000,8850000000,2113,DIRECT,listing,metraj_all,3
12d3c362-a7df-8f1a-db63-50e148beda7c,273014:1,1,منطقه 1,MUNICIPAL_AREA,2023-05-22,1402-03,267,خرداد - 1402,66666666.67,66593774.17,55592105.26,77840909.09,9000000000,4073,DIRECT,listing,metraj_all,3
12d3c362-a7df-8f1a-db63-50e148beda7c,273014:1,1,منطقه 1,MUNICIPAL_AREA,2023-06-22,1402-04,268,تیر - 1402,67241550.21,67189966.56,56250000,78333333.33,8965000000,5976,DIRECT,listing,metraj_all,3
12d3c362-a7df-8f1a-db63-50e148beda7c,273014:1,1,منطقه 1,MUNICIPAL_AREA,2023-07-23,1402-05,269,مرداد - 1402,67826086.96,67769470.65,56459842,79166666.67,8767500000,5788,DIRECT,listing,metraj_all,3
12d3c362-a7df-8f1a-db63-50e148beda7c,273014:1,1,منطقه 1,MUNICIPAL_AREA,2023-08-23,1402-06,270,شهریور - 1402,66400000,66340207.41,55329787.23,76923076.92,8600000000,5496,DIRECT,listing,metraj_all,3
12d3c362-a7df-8f1a-db63-50e148beda7c,273014:1,1,منطقه 1,MUNICIPAL_AREA,2023-09-23,1402-07,271,مهر - 1402,65000000,64937939.55,54354619.57,75000000,8400000000,5286,DIRECT,listing,metraj_all,3
12d3c362-a7df-8f1a-db63-50e148beda7c,273014:1,1,منطقه 1,MUNICIPAL_AREA,2023-10-23,1402-08,272,آبان - 1402,63694267.52,63633412.47,52000000,75000000,8000000000,5261,DIRECT,listing,metraj_all,3
12d3c362-a7df-8f1a-db63-50e148beda7c,273014:1,1,منطقه 1,MUNICIPAL_AREA,2023-11-22,1402-09,273,آذر - 1402,63040382.82,62971238.83,50000000,75000000,7700000000,4546,DIRECT,listing,metraj_all,3
12d3c362-a7df-8f1a-db63-50e148beda7c,273014:1,1,منطقه 1,MUNICIPAL_AREA,2023-12-22,1402-10,274,دی - 1402,61786028.69,61711009.42,48000000,74462365.59,7500000000,4048,DIRECT,listing,metraj_all,3
12d3c362-a7df-8f1a-db63-50e148beda7c,273014:1,1,منطقه 1,MUNICIPAL_AREA,2024-01-21,1402-11,275,بهمن - 1402,62111669.7,62028803.39,48250214.7,75000000,7400000000,3664,DIRECT,listing,metraj_all,3
12d3c362-a7df-8f1a-db63-50e148beda7c,273014:1,1,منطقه 1,MUNICIPAL_AREA,2024-02-20,1402-12,276,اسفند - 1402,62034209.96,61946357.12,47701048.95,75000000,7200000000,3434,DIRECT,listing,metraj_all,3
12d3c362-a7df-8f1a-db63-50e148beda7c,273014:1,1,منطقه 1,MUNICIPAL_AREA,2024-03-20,1403-01,277,فروردین - 1403,63333333.33,63230857.5,47249103.95,75675675.68,7300000000,2964,DIRECT,listing,metraj_all,3
12d3c362-a7df-8f1a-db63-50e148beda7c,273014:1,1,منطقه 1,MUNICIPAL_AREA,2024-04-20,1403-02,278,اردیبهشت - 1403,64341085.27,64234343.13,46638418.08,76322145.95,7250000000,2795,DIRECT,listing,metraj_all,3
12d3c362-a7df-8f1a-db63-50e148beda7c,273014:1,1,منطقه 1,MUNICIPAL_AREA,2024-05-21,1403-03,279,خرداد - 1403,65000000,64897255.07,47067873.31,78571428.57,7380000000,2903,DIRECT,listing,metraj_all,3
12d3c362-a7df-8f1a-db63-50e148beda7c,273014:1,1,منطقه 1,MUNICIPAL_AREA,2024-06-21,1403-04,280,تیر - 1403,64761904.76,64664964.04,46013274.34,78571428.57,7215000000,3020,DIRECT,listing,metraj_all,3
12d3c362-a7df-8f1a-db63-50e148beda7c,273014:1,1,منطقه 1,MUNICIPAL_AREA,2024-07-22,1403-05,281,مرداد - 1403,64583333.33,64437882.87,45977011.49,78571428.57,7260000000,2001,DIRECT,listing,metraj_all,3
12d3c362-a7df-8f1a-db63-50e148beda7c,273014:1,1,منطقه 1,MUNICIPAL_AREA,2024-08-22,1403-06,282,شهریور - 1403,62763636.37,62501233.16,44444444.44,77797619.05,7200000000,1044,DIRECT,listing,metraj_all,3
12d3c362-a7df-8f1a-db63-50e148beda7c,273014:1,1,منطقه 1,MUNICIPAL_AREA,2024-09-22,1403-07,283,مهر - 1403,65000000,63605800.89,47162698.41,76283464.57,7800000000,202,DIRECT,listing,metraj_all,3
12d3c362-a7df-8f1a-db63-50e148beda7c,273014:1,1,منطقه 1,MUNICIPAL_AREA,2024-10-22,1403-08,284,آبان - 1403,35961538.46,56155424.44,21442307.69,50480769.23,2887500000,2,MODELED,listing,metraj_all,3
12d3c362-a7df-8f1a-db63-50e148beda7c,273014:1,1,منطقه 1,MUNICIPAL_AREA,2024-11-21,1403-09,285,آذر - 1403,66915724.95,66592659.3,48333333.33,84000002.05,8300000256,954,DIRECT,listing,metraj_all,3
12d3c362-a7df-8f1a-db63-50e148beda7c,273014:1,1,منطقه 1,MUNICIPAL_AREA,2024-12-21,1403-10,286,دی - 1403,67375888.34,67227372.41,49099027.12,84719012.03,8200000000,2075,DIRECT,listing,metraj_all,3
12d3c362-a7df-8f1a-db63-50e148beda7c,273014:1,1,منطقه 1,MUNICIPAL_AREA,2025-01-20,1403-11,287,بهمن - 1403,68571428.57,68478148.8,49580952.38,85519510.49,8449999872,3388,DIRECT,listing,metraj_all,3
12d3c362-a7df-8f1a-db63-50e148beda7c,273014:1,1,منطقه 1,MUNICIPAL_AREA,2025-02-19,1403-12,288,اسفند - 1403,69999998.29,69901988.55,50305944.31,88680832.51,8800000000,3306,DIRECT,listing,metraj_all,3
12d3c362-a7df-8f1a-db63-50e148beda7c,273014:1,1,منطقه 1,MUNICIPAL_AREA,2025-03-21,1404-01,289,فروردین - 1404,71950412.23,71827510.63,50499999.99,91434676.98,9500000256,2728,DIRECT,listing,metraj_all,3
12d3c362-a7df-8f1a-db63-50e148beda7c,273014:1,1,منطقه 1,MUNICIPAL_AREA,2025-04-21,1404-02,290,اردیبهشت - 1404,74999998.51,74872354.46,53101324.56,93886424.14,9500000000,2732,DIRECT,listing,metraj_all,3
12d3c362-a7df-8f1a-db63-50e148beda7c,273014:1,1,منطقه 1,MUNICIPAL_AREA,2025-05-22,1404-03,291,خرداد - 1404,75384615.38,75267138.64,52857142.86,94373912.49,8999999488,2939,DIRECT,listing,metraj_all,3
12d3c362-a7df-8f1a-db63-50e148beda7c,273014:1,1,منطقه 1,MUNICIPAL_AREA,2025-06-22,1404-04,292,تیر - 1404,75532879.82,75430826.64,54472784.81,95000000,8950000000,3458,DIRECT,listing,metraj_all,3
12d3c362-a7df-8f1a-db63-50e148beda7c,273014:1,1,منطقه 1,MUNICIPAL_AREA,2025-07-23,1404-05,293,مرداد - 1404,75672268.91,75563167.61,54166666.67,95467313.58,8920000000,3216,DIRECT,listing,metraj_all,3
12d3c362-a7df-8f1a-db63-50e148beda7c,273014:1,1,منطقه 1,MUNICIPAL_AREA,2025-08-23,1404-06,294,شهریور - 1404,76518891.29,76421262.34,54676470.59,98071428.58,9200000000,3534,DIRECT,listing,metraj_all,3
12d3c362-a7df-8f1a-db63-50e148beda7c,273014:1,1,منطقه 1,MUNICIPAL_AREA,2025-09-23,1404-07,295,مهر - 1404,78666666.67,78582315.81,55872210.96,100000000,9500000000,4015,DIRECT,listing,metraj_all,3
12d3c362-a7df-8f1a-db63-50e148beda7c,273014:1,1,منطقه 1,MUNICIPAL_AREA,2025-10-23,1404-08,296,آبان - 1404,80064102.57,79994028.22,58177179.96,100564595.67,10000000000,4756,DIRECT,listing,metraj_all,3
12d3c362-a7df-8f1a-db63-50e148beda7c,273014:1,1,منطقه 1,MUNICIPAL_AREA,2025-11-22,1404-09,297,آذر - 1404,81730769.23,81667095.44,60955109.34,103448275.86,10500000000,5206,DIRECT,listing,metraj_all,3
12d3c362-a7df-8f1a-db63-50e148beda7c,273014:1,1,منطقه 1,MUNICIPAL_AREA,2025-12-22,1404-10,298,دی - 1404,84341085.27,84275711.04,62312834.23,109375000,11000000000,5243,DIRECT,listing,metraj_all,3
12d3c362-a7df-8f1a-db63-50e148beda7c,273014:1,1,منطقه 1,MUNICIPAL_AREA,2026-01-21,1404-11,299,بهمن - 1404,89375000,89312752.95,63000000,120000000,11950000000,5673,DIRECT,listing,metraj_all,3
12d3c362-a7df-8f1a-db63-50e148beda7c,273014:1,1,منطقه 1,MUNICIPAL_AREA,2026-02-20,1404-12,300,اسفند - 1404,95555555.56,95467250.51,63000000,126156126.48,12500000000,4340,DIRECT,listing,metraj_all,3
12d3c362-a7df-8f1a-db63-50e148beda7c,273014:1,1,منطقه 1,MUNICIPAL_AREA,2026-03-21,1405-01,301,فروردین - 1405,101851851.85,101726077,64158805.04,136000000,13500000000,3079,DIRECT,listing,metraj_all,3
12d3c362-a7df-8f1a-db63-50e148beda7c,273014:1,1,منطقه 1,MUNICIPAL_AREA,2026-04-21,1405-02,302,اردیبهشت - 1405,141277173.92,141057279.57,86206896.55,178338239.23,18500000000,2986,DIRECT,listing,metraj_all,3
12d3c362-a7df-8f1a-db63-50e148beda7c,273014:1,1,منطقه 1,MUNICIPAL_AREA,2026-05-22,1405-03,303,خرداد - 1405,150000000,149882692.66,98412698.41,186956521.74,19490000000,5531,DIRECT,listing,metraj_all,3
12d3c362-a7df-8f1a-db63-50e148beda7c,273014:1,1,منطقه 1,MUNICIPAL_AREA,2026-06-22,1405-04,304,تیر - 1405,150000000,149904336.74,95886486.49,186984643.18,19000000000,6262,DIRECT,listing,metraj_all,3
12d3c362-a7df-8f1a-db63-50e148beda7c,273014:1,1,منطقه 1,MUNICIPAL_AREA,2026-07-23,1405-05,305,مرداد - 1405,150000000,149886240.42,93565545.65,188946360.15,17600000000,4778,DIRECT,listing,metraj_all,3
1abe4d30-f375-ebf3-54a3-9f6778a7ea0e,273014:2,2,منطقه 2,MUNICIPAL_AREA,2022-11-22,1401-09,261,آذر - 1401,23333333.33,23257527.24,19642857.15,30500000,2850000000,103,DIRECT,listing,metraj_all,3
1abe4d30-f375-ebf3-54a3-9f6778a7ea0e,273014:2,2,منطقه 2,MUNICIPAL_AREA,2022-12-22,1401-10,262,دی - 1401,24547101.45,24494336.02,20716848.26,29977678.57,2689000000,378,DIRECT,listing,metraj_all,3
1abe4d30-f375-ebf3-54a3-9f6778a7ea0e,273014:2,2,منطقه 2,MUNICIPAL_AREA,2023-01-21,1401-11,263,بهمن - 1401,27127659.57,27113738.48,23000000,32455885.64,3100000000,1107,DIRECT,listing,metraj_all,3
1abe4d30-f375-ebf3-54a3-9f6778a7ea0e,273014:2,2,منطقه 2,MUNICIPAL_AREA,2023-02-20,1401-12,264,اسفند - 1401,28438168.59,28431542.78,24341522.54,34460795.08,3200000000,1406,DIRECT,listing,metraj_all,3
1abe4d30-f375-ebf3-54a3-9f6778a7ea0e,273014:2,2,منطقه 2,MUNICIPAL_AREA,2023-03-21,1402-01,265,فروردین - 1402,29411764.71,29403171.8,25404172.1,35294117.65,3400000000,1131,DIRECT,listing,metraj_all,3
1abe4d30-f375-ebf3-54a3-9f6778a7ea0e,273014:2,2,منطقه 2,MUNICIPAL_AREA,2023-04-21,1402-02,266,اردیبهشت - 1402,35724789.92,35720107.28,30468750,45000000,4000000000,1538,DIRECT,listing,metraj_all,3
1abe4d30-f375-ebf3-54a3-9f6778a7ea0e,273014:2,2,منطقه 2,MUNICIPAL_AREA,2023-05-22,1402-03,267,خرداد - 1402,38043478.26,38038290.01,32222222.22,46428571.43,4100000000,2185,DIRECT,listing,metraj_all,3
1abe4d30-f375-ebf3-54a3-9f6778a7ea0e,273014:2,2,منطقه 2,MUNICIPAL_AREA,2023-06-22,1402-04,268,تیر - 1402,38000000,37994902.1,32142857.14,45350913.62,3900000000,3200,DIRECT,listing,metraj_all,3
1abe4d30-f375-ebf3-54a3-9f6778a7ea0e,273014:2,2,منطقه 2,MUNICIPAL_AREA,2023-07-23,1402-05,269,مرداد - 1402,38000000,37989771.39,32113237.64,45000000,3600000000,2923,DIRECT,listing,metraj_all,3
1abe4d30-f375-ebf3-54a3-9f6778a7ea0e,273014:2,2,منطقه 2,MUNICIPAL_AREA,2023-08-23,1402-06,270,شهریور - 1402,38000000,37983896.72,32374325.54,45000000,3500000000,2798,DIRECT,listing,metraj_all,3
1abe4d30-f375-ebf3-54a3-9f6778a7ea0e,273014:2,2,منطقه 2,MUNICIPAL_AREA,2023-09-23,1402-07,271,مهر - 1402,38000000,37978381.67,32131834.21,45148696.99,3500000000,2704,DIRECT,listing,metraj_all,3
1abe4d30-f375-ebf3-54a3-9f6778a7ea0e,273014:2,2,منطقه 2,MUNICIPAL_AREA,2023-10-23,1402-08,272,آبان - 1402,37312765.48,37290894.53,32000000,45371794.87,3445000000,2594,DIRECT,listing,metraj_all,3
1abe4d30-f375-ebf3-54a3-9f6778a7ea0e,273014:2,2,منطقه 2,MUNICIPAL_AREA,2023-11-22,1402-09,273,آذر - 1402,36666666.67,36641190.82,31428571.43,45161290.32,3300000000,2003,DIRECT,listing,metraj_all,3
1abe4d30-f375-ebf3-54a3-9f6778a7ea0e,273014:2,2,منطقه 2,MUNICIPAL_AREA,2023-12-22,1402-10,274,دی - 1402,36602542.08,36567479.85,31008620.69,45226648.35,3250000000,1490,DIRECT,listing,metraj_all,3
1abe4d30-f375-ebf3-54a3-9f6778a7ea0e,273014:2,2,منطقه 2,MUNICIPAL_AREA,2024-01-21,1402-11,275,بهمن - 1402,38000000,37944443.76,31767454.64,46000000,3437000000,1130,DIRECT,listing,metraj_all,3
1abe4d30-f375-ebf3-54a3-9f6778a7ea0e,273014:2,2,منطقه 2,MUNICIPAL_AREA,2024-02-20,1402-12,276,اسفند - 1402,38651515.16,38581942.04,32000000,46703163.02,3500000000,978,DIRECT,listing,metraj_all,3
1abe4d30-f375-ebf3-54a3-9f6778a7ea0e,273014:2,2,منطقه 2,MUNICIPAL_AREA,2024-03-20,1403-01,277,فروردین - 1403,40000000,39925360.72,33148148.15,48340220.39,3784000000,947,DIRECT,listing,metraj_all,3
1abe4d30-f375-ebf3-54a3-9f6778a7ea0e,273014:2,2,منطقه 2,MUNICIPAL_AREA,2024-04-20,1403-02,278,اردیبهشت - 1403,42356377.8,42297001.22,34117647.06,50828252.03,4000000000,1330,DIRECT,listing,metraj_all,3
1abe4d30-f375-ebf3-54a3-9f6778a7ea0e,273014:2,2,منطقه 2,MUNICIPAL_AREA,2024-05-21,1403-03,279,خرداد - 1403,43000000,42953355.31,34920634.92,52000000,4000000000,1690,DIRECT,listing,metraj_all,3
1abe4d30-f375-ebf3-54a3-9f6778a7ea0e,273014:2,2,منطقه 2,MUNICIPAL_AREA,2024-06-21,1403-04,280,تیر - 1403,43719660.2,43673378.02,35167264.04,52571675.83,4050000000,1790,DIRECT,listing,metraj_all,3
1abe4d30-f375-ebf3-54a3-9f6778a7ea0e,273014:2,2,منطقه 2,MUNICIPAL_AREA,2024-07-22,1403-05,281,مرداد - 1403,44000000,43925092.87,36000000,52612085.77,4100000000,1147,DIRECT,listing,metraj_all,3
1abe4d30-f375-ebf3-54a3-9f6778a7ea0e,273014:2,2,منطقه 2,MUNICIPAL_AREA,2024-08-22,1403-06,282,شهریور - 1403,44629120.88,44474530.26,36489864.87,52373394.5,4250000000,606,DIRECT,listing,metraj_all,3
1abe4d30-f375-ebf3-54a3-9f6778a7ea0e,273014:2,2,منطقه 2,MUNICIPAL_AREA,2024-09-22,1403-07,283,مهر - 1403,43298969.07,42733789.92,36352941.18,48636363.64,4000000000,129,DIRECT,listing,metraj_all,3
1abe4d30-f375-ebf3-54a3-9f6778a7ea0e,273014:2,2,منطقه 2,MUNICIPAL_AREA,2024-11-21,1403-09,285,آذر - 1403,42307692.31,42167745.92,33333333.33,52499998.72,3900000000,457,DIRECT,listing,metraj_all,3
1abe4d30-f375-ebf3-54a3-9f6778a7ea0e,273014:2,2,منطقه 2,MUNICIPAL_AREA,2024-12-21,1403-10,286,دی - 1403,44210526.32,44134426.71,34772256.12,54999999.58,4160000000,1015,DIRECT,listing,metraj_all,3
1abe4d30-f375-ebf3-54a3-9f6778a7ea0e,273014:2,2,منطقه 2,MUNICIPAL_AREA,2025-01-20,1403-11,287,بهمن - 1403,44198286.42,44153358.06,34727851.56,55000000.71,4249999872,1620,DIRECT,listing,metraj_all,3
1abe4d30-f375-ebf3-54a3-9f6778a7ea0e,273014:2,2,منطقه 2,MUNICIPAL_AREA,2025-02-19,1403-12,288,اسفند - 1403,45200001.71,45150420.03,35319105.23,56462874.2,4400000000,1543,DIRECT,listing,metraj_all,3
1abe4d30-f375-ebf3-54a3-9f6778a7ea0e,273014:2,2,منطقه 2,MUNICIPAL_AREA,2025-03-21,1404-01,289,فروردین - 1404,45454545.45,45399720.99,35413251.37,57925619.33,4499999744,1295,DIRECT,listing,metraj_all,3
1abe4d30-f375-ebf3-54a3-9f6778a7ea0e,273014:2,2,منطقه 2,MUNICIPAL_AREA,2025-04-21,1404-02,290,اردیبهشت - 1404,48196882.22,48139721.26,38156882.59,60457665.91,4815000000,1424,DIRECT,listing,metraj_all,3
1abe4d30-f375-ebf3-54a3-9f6778a7ea0e,273014:2,2,منطقه 2,MUNICIPAL_AREA,2025-05-22,1404-03,291,خرداد - 1404,49576271.19,49528330.08,38888888.89,62727272.73,5100000000,1833,DIRECT,listing,metraj_all,3
1abe4d30-f375-ebf3-54a3-9f6778a7ea0e,273014:2,2,منطقه 2,MUNICIPAL_AREA,2025-06-22,1404-04,292,تیر - 1404,50000000,49955368.21,38888888.89,63004065.04,5100000000,2199,DIRECT,listing,metraj_all,3
1abe4d30-f375-ebf3-54a3-9f6778a7ea0e,273014:2,2,منطقه 2,MUNICIPAL_AREA,2025-07-23,1404-05,293,مرداد - 1404,49382716.05,49341691.06,38059701.49,62142857.14,4900000000,2161,DIRECT,listing,metraj_all,3
1abe4d30-f375-ebf3-54a3-9f6778a7ea0e,273014:2,2,منطقه 2,MUNICIPAL_AREA,2025-08-23,1404-06,294,شهریور - 1404,48000000,47974013.64,37075917.69,60000000,4500000000,2330,DIRECT,listing,metraj_all,3
1abe4d30-f375-ebf3-54a3-9f6778a7ea0e,273014:2,2,منطقه 2,MUNICIPAL_AREA,2025-09-23,1404-07,295,مهر - 1404,48550724.64,48536696.56,38333333.33,60000000,4500000000,2724,DIRECT,listing,metraj_all,3
1abe4d30-f375-ebf3-54a3-9f6778a7ea0e,273014:2,2,منطقه 2,MUNICIPAL_AREA,2025-10-23,1404-08,296,آبان - 1404,49462116.83,49453635.49,39473684.21,60526315.79,4580000000,3286,DIRECT,listing,metraj_all,3
1abe4d30-f375-ebf3-54a3-9f6778a7ea0e,273014:2,2,منطقه 2,MUNICIPAL_AREA,2025-11-22,1404-09,297,آذر - 1404,50434782.61,50429377.07,40540540.54,62919007.49,4800000000,3535,DIRECT,listing,metraj_all,3
1abe4d30-f375-ebf3-54a3-9f6778a7ea0e,273014:2,2,منطقه 2,MUNICIPAL_AREA,2025-12-22,1404-10,298,دی - 1404,52293577.98,52286947.23,41406250,65000000,5000000000,3449,DIRECT,listing,metraj_all,3
1abe4d30-f375-ebf3-54a3-9f6778a7ea0e,273014:2,2,منطقه 2,MUNICIPAL_AREA,2026-01-21,1404-11,299,بهمن - 1404,57262317.84,57253320.83,44444444.44,71851121.04,5987500000,3616,DIRECT,listing,metraj_all,3
1abe4d30-f375-ebf3-54a3-9f6778a7ea0e,273014:2,2,منطقه 2,MUNICIPAL_AREA,2026-02-20,1404-12,300,اسفند - 1404,61509971.51,61494363.53,47302052.79,76933880.72,6500000000,2788,DIRECT,listing,metraj_all,3
1abe4d30-f375-ebf3-54a3-9f6778a7ea0e,273014:2,2,منطقه 2,MUNICIPAL_AREA,2026-03-21,1405-01,301,فروردین - 1405,65811403.51,65797729.37,50290043.29,83333333.33,7200000000,2046,DIRECT,listing,metraj_all,3
1abe4d30-f375-ebf3-54a3-9f6778a7ea0e,273014:2,2,منطقه 2,MUNICIPAL_AREA,2026-04-21,1405-02,302,اردیبهشت - 1405,83000000,82961029.35,63888888.89,105185185.19,8550000000,1941,DIRECT,listing,metraj_all,3
1abe4d30-f375-ebf3-54a3-9f6778a7ea0e,273014:2,2,منطقه 2,MUNICIPAL_AREA,2026-05-22,1405-03,303,خرداد - 1405,90000000,89984577.42,72964285.72,113636363.64,9000000000,3232,DIRECT,listing,metraj_all,3
1abe4d30-f375-ebf3-54a3-9f6778a7ea0e,273014:2,2,منطقه 2,MUNICIPAL_AREA,2026-06-22,1405-04,304,تیر - 1405,92783505.15,92775572.68,75000000,117173579.11,9375000000,3499,DIRECT,listing,metraj_all,3
1abe4d30-f375-ebf3-54a3-9f6778a7ea0e,273014:2,2,منطقه 2,MUNICIPAL_AREA,2026-07-23,1405-05,305,مرداد - 1405,93975903.61,93981740.11,75877976.19,118690867.96,9100000000,2656,DIRECT,listing,metraj_all,3
4fe6f22d-a665-defe-e0d3-9fd1da6ca55a,273014:3,3,منطقه 3,MUNICIPAL_AREA,2022-11-22,1401-09,261,آذر - 1401,20000000,21651149.67,19626168.22,26500000,2100000000,5,MODELED,listing,metraj_all,3
4fe6f22d-a665-defe-e0d3-9fd1da6ca55a,273014:3,3,منطقه 3,MUNICIPAL_AREA,2022-12-22,1401-10,262,دی - 1401,23333333.33,23064452.48,20000000,30000000,2200000000,21,MODELED,listing,metraj_all,3
4fe6f22d-a665-defe-e0d3-9fd1da6ca55a,273014:3,3,منطقه 3,MUNICIPAL_AREA,2023-01-21,1401-11,263,بهمن - 1401,26671052.63,26509526.32,21740566.04,30239361.71,2850000000,58,DIRECT,listing,metraj_all,3
4fe6f22d-a665-defe-e0d3-9fd1da6ca55a,273014:3,3,منطقه 3,MUNICIPAL_AREA,2023-02-20,1401-12,264,اسفند - 1401,28468253.97,28347216.46,24031267.61,30994565.22,3050000000,70,DIRECT,listing,metraj_all,3
4fe6f22d-a665-defe-e0d3-9fd1da6ca55a,273014:3,3,منطقه 3,MUNICIPAL_AREA,2023-03-21,1402-01,265,فروردین - 1402,29375850.34,29228266.54,25081967.21,31375000,3250000000,54,DIRECT,listing,metraj_all,3
4fe6f22d-a665-defe-e0d3-9fd1da6ca55a,273014:3,3,منطقه 3,MUNICIPAL_AREA,2023-04-21,1402-02,266,اردیبهشت - 1402,34939024.39,34945790.21,30000000,38110902.26,3300000000,80,DIRECT,listing,metraj_all,3
4fe6f22d-a665-defe-e0d3-9fd1da6ca55a,273014:3,3,منطقه 3,MUNICIPAL_AREA,2023-05-22,1402-03,267,خرداد - 1402,36486486.49,36515325.94,32740743.26,41447368.43,3290000000,135,DIRECT,listing,metraj_all,3
4fe6f22d-a665-defe-e0d3-9fd1da6ca55a,273014:3,3,منطقه 3,MUNICIPAL_AREA,2023-06-22,1402-04,268,تیر - 1402,36538461.54,36529760.75,32344877.35,41447368.43,3200000000,191,DIRECT,listing,metraj_all,3
4fe6f22d-a665-defe-e0d3-9fd1da6ca55a,273014:3,3,منطقه 3,MUNICIPAL_AREA,2023-07-23,1402-05,269,مرداد - 1402,37226277.37,37112106.65,31707317.07,41666666.67,3200000000,185,DIRECT,listing,metraj_all,3
4fe6f22d-a665-defe-e0d3-9fd1da6ca55a,273014:3,3,منطقه 3,MUNICIPAL_AREA,2023-08-23,1402-06,270,شهریور - 1402,36774193.55,36590059.7,30000000,40666666.67,3500000000,169,DIRECT,listing,metraj_all,3
4fe6f22d-a665-defe-e0d3-9fd1da6ca55a,273014:3,3,منطقه 3,MUNICIPAL_AREA,2023-09-23,1402-07,271,مهر - 1402,35758377.43,35534575.38,30825757.58,40062500,3525000000,152,DIRECT,listing,metraj_all,3
4fe6f22d-a665-defe-e0d3-9fd1da6ca55a,273014:3,3,منطقه 3,MUNICIPAL_AREA,2023-10-23,1402-08,272,آبان - 1402,34523809.52,34376284.67,30000000,40000000,3500000000,187,DIRECT,listing,metraj_all,3
4fe6f22d-a665-defe-e0d3-9fd1da6ca55a,273014:3,3,منطقه 3,MUNICIPAL_AREA,2023-11-22,1402-09,273,آذر - 1402,33333333.33,33254951.04,29117023.53,40000000,3000000000,219,DIRECT,listing,metraj_all,3
4fe6f22d-a665-defe-e0d3-9fd1da6ca55a,273014:3,3,منطقه 3,MUNICIPAL_AREA,2023-12-22,1402-10,274,دی - 1402,32988095.24,32922821.95,28847730.14,39558059.7,2900000000,242,DIRECT,listing,metraj_all,3
4fe6f22d-a665-defe-e0d3-9fd1da6ca55a,273014:3,3,منطقه 3,MUNICIPAL_AREA,2024-01-21,1402-11,275,بهمن - 1402,33603932.59,33531100.12,29921875,40000000,3267000000,256,DIRECT,listing,metraj_all,3
4fe6f22d-a665-defe-e0d3-9fd1da6ca55a,273014:3,3,منطقه 3,MUNICIPAL_AREA,2024-02-20,1402-12,276,اسفند - 1402,34635278.52,34528652.11,30075757.58,40000000,3312500000,258,DIRECT,listing,metraj_all,3
4fe6f22d-a665-defe-e0d3-9fd1da6ca55a,273014:3,3,منطقه 3,MUNICIPAL_AREA,2024-03-20,1403-01,277,فروردین - 1403,35957446.81,35845518.09,31385869.57,42535919.54,3720000000,267,DIRECT,listing,metraj_all,3
4fe6f22d-a665-defe-e0d3-9fd1da6ca55a,273014:3,3,منطقه 3,MUNICIPAL_AREA,2024-04-20,1403-02,278,اردیبهشت - 1403,36000000,35953620.74,31957070.71,42000000,3500000000,335,DIRECT,listing,metraj_all,3
4fe6f22d-a665-defe-e0d3-9fd1da6ca55a,273014:3,3,منطقه 3,MUNICIPAL_AREA,2024-05-21,1403-03,279,خرداد - 1403,37000000,36945645.13,32727272.73,42153846.15,3731000000,345,DIRECT,listing,metraj_all,3
4fe6f22d-a665-defe-e0d3-9fd1da6ca55a,273014:3,3,منطقه 3,MUNICIPAL_AREA,2024-06-21,1403-04,280,تیر - 1403,36250000,36225878.65,32000000,41333333.33,3200000000,347,DIRECT,listing,metraj_all,3
4fe6f22d-a665-defe-e0d3-9fd1da6ca55a,273014:3,3,منطقه 3,MUNICIPAL_AREA,2024-07-22,1403-05,281,مرداد - 1403,36111111.11,36070385.16,32608695.65,41250000,3200000000,181,DIRECT,listing,metraj_all,3
4fe6f22d-a665-defe-e0d3-9fd1da6ca55a,273014:3,3,منطقه 3,MUNICIPAL_AREA,2024-08-22,1403-06,282,شهریور - 1403,35416666.67,35382564.66,32608695.65,41071428.57,2640000000,81,DIRECT,listing,metraj_all,3
4fe6f22d-a665-defe-e0d3-9fd1da6ca55a,273014:3,3,منطقه 3,MUNICIPAL_AREA,2024-09-22,1403-07,283,مهر - 1403,34000000,34759462.58,33333333.33,36842105.26,2690000000,9,MODELED,listing,metraj_all,3
4fe6f22d-a665-defe-e0d3-9fd1da6ca55a,273014:3,3,منطقه 3,MUNICIPAL_AREA,2024-10-22,1403-08,284,آبان - 1403,8823529.41,55524140.52,8823529.41,8823529.41,1200000000,1,MODELED,listing,metraj_all,3
4fe6f22d-a665-defe-e0d3-9fd1da6ca55a,273014:3,3,منطقه 3,MUNICIPAL_AREA,2024-11-21,1403-09,285,آذر - 1403,28285714.29,29493211.34,21523809.53,35313559.32,1700000000,52,DIRECT,listing,metraj_all,3
4fe6f22d-a665-defe-e0d3-9fd1da6ca55a,273014:3,3,منطقه 3,MUNICIPAL_AREA,2024-12-21,1403-10,286,دی - 1403,30952380.95,31444086.86,25471698.11,37704918.03,1800000000,101,DIRECT,listing,metraj_all,3
4fe6f22d-a665-defe-e0d3-9fd1da6ca55a,273014:3,3,منطقه 3,MUNICIPAL_AREA,2025-01-20,1403-11,287,بهمن - 1403,31369175.63,31741188.37,26042287.08,38722910.22,2000000000,138,DIRECT,listing,metraj_all,3
4fe6f22d-a665-defe-e0d3-9fd1da6ca55a,273014:3,3,منطقه 3,MUNICIPAL_AREA,2025-02-19,1403-12,288,اسفند - 1403,32608695.65,32936968.91,28035087.72,39258243.66,1960000000,139,DIRECT,listing,metraj_all,3
4fe6f22d-a665-defe-e0d3-9fd1da6ca55a,273014:3,3,منطقه 3,MUNICIPAL_AREA,2025-03-21,1404-01,289,فروردین - 1404,33400000,33841437.19,27333333.33,40000000,2100000000,101,DIRECT,listing,metraj_all,3
4fe6f22d-a665-defe-e0d3-9fd1da6ca55a,273014:3,3,منطقه 3,MUNICIPAL_AREA,2025-04-21,1404-02,290,اردیبهشت - 1404,34090909.09,34595959.61,28090909.09,40000000,2000000000,107,DIRECT,listing,metraj_all,3
4fe6f22d-a665-defe-e0d3-9fd1da6ca55a,273014:3,3,منطقه 3,MUNICIPAL_AREA,2025-05-22,1404-03,291,خرداد - 1404,34444444.44,35074072.4,27689655.18,44218750,2390000000,90,DIRECT,listing,metraj_all,3
4fe6f22d-a665-defe-e0d3-9fd1da6ca55a,273014:3,3,منطقه 3,MUNICIPAL_AREA,2025-06-22,1404-04,292,تیر - 1404,34444444.44,34872744.72,26579122.34,44852941.18,2450000000,123,DIRECT,listing,metraj_all,3
4fe6f22d-a665-defe-e0d3-9fd1da6ca55a,273014:3,3,منطقه 3,MUNICIPAL_AREA,2025-07-23,1404-05,293,مرداد - 1404,30550724.64,31364287.43,22579545.45,43245192.31,2420000000,112,DIRECT,listing,metraj_all,3
4fe6f22d-a665-defe-e0d3-9fd1da6ca55a,273014:3,3,منطقه 3,MUNICIPAL_AREA,2025-08-23,1404-06,294,شهریور - 1404,31083333.34,32287317.64,21391065.83,42000000,2385000000,80,DIRECT,listing,metraj_all,3
4fe6f22d-a665-defe-e0d3-9fd1da6ca55a,273014:3,3,منطقه 3,MUNICIPAL_AREA,2025-09-23,1404-07,295,مهر - 1404,35245901.64,36579640.47,23333333.33,44117647.06,2550000000,61,DIRECT,listing,metraj_all,3
4fe6f22d-a665-defe-e0d3-9fd1da6ca55a,273014:3,3,منطقه 3,MUNICIPAL_AREA,2025-10-23,1404-08,296,آبان - 1404,40000000,40966183.61,33535714.29,48546000,3750000000,59,DIRECT,listing,metraj_all,3
4fe6f22d-a665-defe-e0d3-9fd1da6ca55a,273014:3,3,منطقه 3,MUNICIPAL_AREA,2025-11-22,1404-09,297,آذر - 1404,37217948.72,38245273.27,30000000,46546803.66,3809500000,100,DIRECT,listing,metraj_all,3
4fe6f22d-a665-defe-e0d3-9fd1da6ca55a,273014:3,3,منطقه 3,MUNICIPAL_AREA,2025-12-22,1404-10,298,دی - 1404,35532786.89,37140255.04,27786231.89,42736757.62,3275000000,80,DIRECT,listing,metraj_all,3
4fe6f22d-a665-defe-e0d3-9fd1da6ca55a,273014:3,3,منطقه 3,MUNICIPAL_AREA,2026-01-21,1404-11,299,بهمن - 1404,34210526.32,37351712.66,27826086.96,42696629.21,3300000000,53,DIRECT,listing,metraj_all,3
4fe6f22d-a665-defe-e0d3-9fd1da6ca55a,273014:3,3,منطقه 3,MUNICIPAL_AREA,2026-02-20,1404-12,300,اسفند - 1404,28235294.12,43449801.17,27826086.96,40000000,2400000000,9,MODELED,listing,metraj_all,3
4fe6f22d-a665-defe-e0d3-9fd1da6ca55a,273014:3,3,منطقه 3,MUNICIPAL_AREA,2026-03-21,1405-01,301,فروردین - 1405,53500000,60285714.61,34625000,86500000,7100000000,4,MODELED,listing,metraj_all,3
4fe6f22d-a665-defe-e0d3-9fd1da6ca55a,273014:3,3,منطقه 3,MUNICIPAL_AREA,2026-04-21,1405-02,302,اردیبهشت - 1405,90579710.14,78900568.39,63789855.07,128623188.41,12500000000,3,MODELED,listing,metraj_all,3
4fe6f22d-a665-defe-e0d3-9fd1da6ca55a,273014:3,3,منطقه 3,MUNICIPAL_AREA,2026-05-22,1405-03,303,خرداد - 1405,83098591.55,84217067.3,70735294.12,104813664.6,10400000000,7,MODELED,listing,metraj_all,3
4fe6f22d-a665-defe-e0d3-9fd1da6ca55a,273014:3,3,منطقه 3,MUNICIPAL_AREA,2026-06-22,1405-04,304,تیر - 1405,86839150.85,88814681.83,78127589.07,111930641.82,10400000000,6,MODELED,listing,metraj_all,3
4fe6f22d-a665-defe-e0d3-9fd1da6ca55a,273014:3,3,منطقه 3,MUNICIPAL_AREA,2026-07-23,1405-05,305,مرداد - 1405,79784589.9,91032679.55,73602941.18,92085848.43,10200000000,4,MODELED,listing,metraj_all,3
db67b348-0027-bdfd-4e6f-d02d8595a785,273014:4,4,منطقه 4,MUNICIPAL_AREA,2022-11-22,1401-09,261,آذر - 1401,28260869.57,27030200.41,19117647.06,35000000,2400000000,37,DIRECT,listing,metraj_all,3
db67b348-0027-bdfd-4e6f-d02d8595a785,273014:4,4,منطقه 4,MUNICIPAL_AREA,2022-12-22,1401-10,262,دی - 1401,29166666.67,28730923.93,19463012.48,39949494.95,3000000000,143,DIRECT,listing,metraj_all,3
db67b348-0027-bdfd-4e6f-d02d8595a785,273014:4,4,منطقه 4,MUNICIPAL_AREA,2023-01-21,1401-11,263,بهمن - 1401,35294117.65,35109650.02,23000000,44565217.39,3840000000,517,DIRECT,listing,metraj_all,3
db67b348-0027-bdfd-4e6f-d02d8595a785,273014:4,4,منطقه 4,MUNICIPAL_AREA,2023-02-20,1401-12,264,اسفند - 1401,37000000,36866007.81,24900000,46588269.46,4000000000,699,DIRECT,listing,metraj_all,3
db67b348-0027-bdfd-4e6f-d02d8595a785,273014:4,4,منطقه 4,MUNICIPAL_AREA,2023-03-21,1402-01,265,فروردین - 1402,38167938.93,38007002.98,25741176.47,47142857.14,4250000000,595,DIRECT,listing,metraj_all,3
db67b348-0027-bdfd-4e6f-d02d8595a785,273014:4,4,منطقه 4,MUNICIPAL_AREA,2023-04-21,1402-02,266,اردیبهشت - 1402,48000000,47841462.4,32483974.36,59120553.36,5370000000,810,DIRECT,listing,metraj_all,3
db67b348-0027-bdfd-4e6f-d02d8595a785,273014:4,4,منطقه 4,MUNICIPAL_AREA,2023-05-22,1402-03,267,خرداد - 1402,49600000,49486242.46,31333333.33,63082314.88,5500000000,1106,DIRECT,listing,metraj_all,3
db67b348-0027-bdfd-4e6f-d02d8595a785,273014:4,4,منطقه 4,MUNICIPAL_AREA,2023-06-22,1402-04,268,تیر - 1402,50000000,49915824.54,31698717.95,64696078.43,5500000000,1610,DIRECT,listing,metraj_all,3
db67b348-0027-bdfd-4e6f-d02d8595a785,273014:4,4,منطقه 4,MUNICIPAL_AREA,2023-07-23,1402-05,269,مرداد - 1402,50000000,49892472.75,30201342.28,65000000,5200000000,1385,DIRECT,listing,metraj_all,3
db67b348-0027-bdfd-4e6f-d02d8595a785,273014:4,4,منطقه 4,MUNICIPAL_AREA,2023-08-23,1402-06,270,شهریور - 1402,51000000,50849856.02,31818181.82,66666666.67,5250000000,1157,DIRECT,listing,metraj_all,3
db67b348-0027-bdfd-4e6f-d02d8595a785,273014:4,4,منطقه 4,MUNICIPAL_AREA,2023-09-23,1402-07,271,مهر - 1402,50000000,49824141.58,28653342.07,65000000,5000000000,1006,DIRECT,listing,metraj_all,3
db67b348-0027-bdfd-4e6f-d02d8595a785,273014:4,4,منطقه 4,MUNICIPAL_AREA,2023-10-23,1402-08,272,آبان - 1402,45000000,44867105.96,24961832.06,60747663.55,4300000000,997,DIRECT,listing,metraj_all,3
db67b348-0027-bdfd-4e6f-d02d8595a785,273014:4,4,منطقه 4,MUNICIPAL_AREA,2023-11-22,1402-09,273,آذر - 1402,38784067.09,38713856.93,22035714.29,58181318.68,3635000000,1022,DIRECT,listing,metraj_all,3
db67b348-0027-bdfd-4e6f-d02d8595a785,273014:4,4,منطقه 4,MUNICIPAL_AREA,2023-12-22,1402-10,274,دی - 1402,36195553.54,36152763.9,21000000,56252717.39,3373000000,1124,DIRECT,listing,metraj_all,3
db67b348-0027-bdfd-4e6f-d02d8595a785,273014:4,4,منطقه 4,MUNICIPAL_AREA,2024-01-21,1402-11,275,بهمن - 1402,34537234.05,34513742.68,20768459.07,56018691.59,3200000000,1212,DIRECT,listing,metraj_all,3
db67b348-0027-bdfd-4e6f-d02d8595a785,273014:4,4,منطقه 4,MUNICIPAL_AREA,2024-02-20,1402-12,276,اسفند - 1402,33887362.64,33871781.61,20833333.33,56088332.84,3100000000,1344,DIRECT,listing,metraj_all,3
db67b348-0027-bdfd-4e6f-d02d8595a785,273014:4,4,منطقه 4,MUNICIPAL_AREA,2024-03-20,1403-01,277,فروردین - 1403,33906250,33898378.82,21837662.34,56486676.02,3060000000,1323,DIRECT,listing,metraj_all,3
db67b348-0027-bdfd-4e6f-d02d8595a785,273014:4,4,منطقه 4,MUNICIPAL_AREA,2024-04-20,1403-02,278,اردیبهشت - 1403,42000000,41952380.42,23833878.89,66370959.39,4190000000,1586,DIRECT,listing,metraj_all,3
db67b348-0027-bdfd-4e6f-d02d8595a785,273014:4,4,منطقه 4,MUNICIPAL_AREA,2024-05-21,1403-03,279,خرداد - 1403,44933333.33,44878202.36,24978260.87,70089464.02,4550000000,1779,DIRECT,listing,metraj_all,3
db67b348-0027-bdfd-4e6f-d02d8595a785,273014:4,4,منطقه 4,MUNICIPAL_AREA,2024-06-21,1403-04,280,تیر - 1403,45360000,45302595.67,25119047.62,70967741.94,4600000000,1727,DIRECT,listing,metraj_all,3
db67b348-0027-bdfd-4e6f-d02d8595a785,273014:4,4,منطقه 4,MUNICIPAL_AREA,2024-07-22,1403-05,281,مرداد - 1403,42307692.31,42244114.86,24494949.5,68968052.74,4000000000,1087,DIRECT,listing,metraj_all,3
db67b348-0027-bdfd-4e6f-d02d8595a785,273014:4,4,منطقه 4,MUNICIPAL_AREA,2024-08-22,1403-06,282,شهریور - 1403,38047619.05,37983678.17,22852564.11,61345588.24,3500000000,450,DIRECT,listing,metraj_all,3
db67b348-0027-bdfd-4e6f-d02d8595a785,273014:4,4,منطقه 4,MUNICIPAL_AREA,2024-09-22,1403-07,283,مهر - 1403,27735042.74,28749244.87,20166666.67,40917564.21,2750000000,66,DIRECT,listing,metraj_all,3
db67b348-0027-bdfd-4e6f-d02d8595a785,273014:4,4,منطقه 4,MUNICIPAL_AREA,2024-11-21,1403-09,285,آذر - 1403,44629120.43,44563122.48,29531512.61,72046256.24,4736999936,1332,DIRECT,listing,metraj_all,3
db67b348-0027-bdfd-4e6f-d02d8595a785,273014:4,4,منطقه 4,MUNICIPAL_AREA,2024-12-21,1403-10,286,دی - 1403,45196154.57,45166632.26,29166666.67,72672079.13,4899999744,2966,DIRECT,listing,metraj_all,3
db67b348-0027-bdfd-4e6f-d02d8595a785,273014:4,4,منطقه 4,MUNICIPAL_AREA,2025-01-20,1403-11,287,بهمن - 1403,45833335.47,45816249.12,28999999.39,74999998.17,5000000000,5233,DIRECT,listing,metraj_all,3
db67b348-0027-bdfd-4e6f-d02d8595a785,273014:4,4,منطقه 4,MUNICIPAL_AREA,2025-02-19,1403-12,288,اسفند - 1403,46666666.67,46649951.32,29411764.71,76281252.27,5400000000,5474,DIRECT,listing,metraj_all,3
db67b348-0027-bdfd-4e6f-d02d8595a785,273014:4,4,منطقه 4,MUNICIPAL_AREA,2025-03-21,1404-01,289,فروردین - 1404,48206897.43,48185532.44,29999999.64,78343497.68,5500000256,4627,DIRECT,listing,metraj_all,3
db67b348-0027-bdfd-4e6f-d02d8595a785,273014:4,4,منطقه 4,MUNICIPAL_AREA,2025-04-21,1404-02,290,اردیبهشت - 1404,51697456.54,51668227.51,32500000,81308943.09,6000000000,3992,DIRECT,listing,metraj_all,3
db67b348-0027-bdfd-4e6f-d02d8595a785,273014:4,4,منطقه 4,MUNICIPAL_AREA,2025-05-22,1404-03,291,خرداد - 1404,54022988.51,53989165.58,32857142.86,85714285.71,6400000000,3917,DIRECT,listing,metraj_all,3
db67b348-0027-bdfd-4e6f-d02d8595a785,273014:4,4,منطقه 4,MUNICIPAL_AREA,2025-06-22,1404-04,292,تیر - 1404,54495098.04,54464426.54,33333333.33,87596649.49,6375000000,4670,DIRECT,listing,metraj_all,3
db67b348-0027-bdfd-4e6f-d02d8595a785,273014:4,4,منطقه 4,MUNICIPAL_AREA,2025-07-23,1404-05,293,مرداد - 1404,52333333.33,52307612.85,30000000,84000000,6000000000,4600,DIRECT,listing,metraj_all,3
db67b348-0027-bdfd-4e6f-d02d8595a785,273014:4,4,منطقه 4,MUNICIPAL_AREA,2025-08-23,1404-06,294,شهریور - 1404,50529824.56,50512794.04,27000000,85120967.74,6150000000,5046,DIRECT,listing,metraj_all,3
db67b348-0027-bdfd-4e6f-d02d8595a785,273014:4,4,منطقه 4,MUNICIPAL_AREA,2025-09-23,1404-07,295,مهر - 1404,50257875.33,50248134.68,22598148.15,88441915.23,6200000000,5680,DIRECT,listing,metraj_all,3
db67b348-0027-bdfd-4e6f-d02d8595a785,273014:4,4,منطقه 4,MUNICIPAL_AREA,2025-10-23,1404-08,296,آبان - 1404,52777777.78,52768368.83,21975308.64,93225806.45,6650000000,6485,DIRECT,listing,metraj_all,3
db67b348-0027-bdfd-4e6f-d02d8595a785,273014:4,4,منطقه 4,MUNICIPAL_AREA,2025-11-22,1404-09,297,آذر - 1404,55000000,54990668.76,22666666.67,97564671.1,6900000000,6936,DIRECT,listing,metraj_all,3
db67b348-0027-bdfd-4e6f-d02d8595a785,273014:4,4,منطقه 4,MUNICIPAL_AREA,2025-12-22,1404-10,298,دی - 1404,56785714.29,56775751.42,23214285.71,103225806.45,7500000000,6801,DIRECT,listing,metraj_all,3
db67b348-0027-bdfd-4e6f-d02d8595a785,273014:4,4,منطقه 4,MUNICIPAL_AREA,2026-01-21,1404-11,299,بهمن - 1404,61000000,60990679.09,24503042.6,110645390.07,8200000000,7500,DIRECT,listing,metraj_all,3
db67b348-0027-bdfd-4e6f-d02d8595a785,273014:4,4,منطقه 4,MUNICIPAL_AREA,2026-02-20,1404-12,300,اسفند - 1404,65793379,65778667.23,25000000,119461732.55,8800000000,5870,DIRECT,listing,metraj_all,3
db67b348-0027-bdfd-4e6f-d02d8595a785,273014:4,4,منطقه 4,MUNICIPAL_AREA,2026-03-21,1405-01,301,فروردین - 1405,69803379.42,69787134.48,26554361.57,125983132.98,9670000000,4178,DIRECT,listing,metraj_all,3
db67b348-0027-bdfd-4e6f-d02d8595a785,273014:4,4,منطقه 4,MUNICIPAL_AREA,2026-04-21,1405-02,302,اردیبهشت - 1405,89245129.87,89211792.6,30151515.15,163899873.46,12500000000,4144,DIRECT,listing,metraj_all,3
db67b348-0027-bdfd-4e6f-d02d8595a785,273014:4,4,منطقه 4,MUNICIPAL_AREA,2026-05-22,1405-03,303,خرداد - 1405,96875000,96858333.33,33750000,181952380.95,13000000000,7115,DIRECT,listing,metraj_all,3
db67b348-0027-bdfd-4e6f-d02d8595a785,273014:4,4,منطقه 4,MUNICIPAL_AREA,2026-06-22,1405-04,304,تیر - 1405,99358974.36,99347141.04,35000000,183463541.67,12900000000,7899,DIRECT,listing,metraj_all,3
db67b348-0027-bdfd-4e6f-d02d8595a785,273014:4,4,منطقه 4,MUNICIPAL_AREA,2026-07-23,1405-05,305,مرداد - 1405,101546391.75,101535278.53,37883613.2,193845663.27,12980000000,5402,DIRECT,listing,metraj_all,3
05d7c556-45b0-6f2b-4eec-9a5c688806cc,273014:5,5,منطقه 5,MUNICIPAL_AREA,2021-08-23,1400-06,246,شهریور - 1400,10500000,10515799.37,7829710.15,15071428.57,1000000000,299,DIRECT,listing,metraj_all,3
05d7c556-45b0-6f2b-4eec-9a5c688806cc,273014:5,5,منطقه 5,MUNICIPAL_AREA,2021-09-23,1400-07,247,مهر - 1400,9185714.29,9847304.74,7250000,17958064.52,840000000,16,MODELED,listing,metraj_all,3
05d7c556-45b0-6f2b-4eec-9a5c688806cc,273014:5,5,منطقه 5,MUNICIPAL_AREA,2021-10-23,1400-08,248,آبان - 1400,10433255.27,12057085.14,7400497.52,17525000,830000000,12,MODELED,listing,metraj_all,3
05d7c556-45b0-6f2b-4eec-9a5c688806cc,273014:5,5,منطقه 5,MUNICIPAL_AREA,2021-11-22,1400-09,249,آذر - 1400,12280874.32,12490708.35,8625000,17256679.39,1090000000,96,DIRECT,listing,metraj_all,3
05d7c556-45b0-6f2b-4eec-9a5c688806cc,273014:5,5,منطقه 5,MUNICIPAL_AREA,2021-12-22,1400-10,250,دی - 1400,12000000,12074658.81,8517857.14,17500000,1100000000,254,DIRECT,listing,metraj_all,3
05d7c556-45b0-6f2b-4eec-9a5c688806cc,273014:5,5,منطقه 5,MUNICIPAL_AREA,2022-01-21,1400-11,251,بهمن - 1400,12244444.45,12271435.7,8571428.57,18051282.05,1100000000,512,DIRECT,listing,metraj_all,3
05d7c556-45b0-6f2b-4eec-9a5c688806cc,273014:5,5,منطقه 5,MUNICIPAL_AREA,2022-02-20,1400-12,252,اسفند - 1400,12157390.51,12178545.9,8654166.67,17500000,1115000000,626,DIRECT,listing,metraj_all,3
05d7c556-45b0-6f2b-4eec-9a5c688806cc,273014:5,5,منطقه 5,MUNICIPAL_AREA,2022-03-21,1401-01,253,فروردین - 1401,12046783.63,12059171.21,8662500,17428429.34,1100000000,672,DIRECT,listing,metraj_all,3
05d7c556-45b0-6f2b-4eec-9a5c688806cc,273014:5,5,منطقه 5,MUNICIPAL_AREA,2022-04-21,1401-02,254,اردیبهشت - 1401,12125000,12141581.21,8811295.18,17806451.61,1100000000,512,DIRECT,listing,metraj_all,3
05d7c556-45b0-6f2b-4eec-9a5c688806cc,273014:5,5,منطقه 5,MUNICIPAL_AREA,2022-05-22,1401-03,255,خرداد - 1401,12222222.22,12239784.35,9000000,19351449.28,1100000000,307,DIRECT,listing,metraj_all,3
05d7c556-45b0-6f2b-4eec-9a5c688806cc,273014:5,5,منطقه 5,MUNICIPAL_AREA,2022-06-22,1401-04,256,تیر - 1401,14464209.79,14501828.19,10528708.8,20000000,1372500000,744,DIRECT,listing,metraj_all,3
05d7c556-45b0-6f2b-4eec-9a5c688806cc,273014:5,5,منطقه 5,MUNICIPAL_AREA,2022-07-23,1401-05,257,مرداد - 1401,14814814.81,14832711.83,10625000,20614035.09,1430000000,1489,DIRECT,listing,metraj_all,3
05d7c556-45b0-6f2b-4eec-9a5c688806cc,273014:5,5,منطقه 5,MUNICIPAL_AREA,2022-08-23,1401-06,258,شهریور - 1401,15116279.07,15125677.51,11229166.67,21000000,1490000000,3057,DIRECT,listing,metraj_all,3
05d7c556-45b0-6f2b-4eec-9a5c688806cc,273014:5,5,منطقه 5,MUNICIPAL_AREA,2022-09-23,1401-07,259,مهر - 1401,15303308.83,15314821.67,11435064.94,21150710.7,1500000000,2414,DIRECT,listing,metraj_all,3
05d7c556-45b0-6f2b-4eec-9a5c688806cc,273014:5,5,منطقه 5,MUNICIPAL_AREA,2022-10-23,1401-08,260,آبان - 1401,15622023.81,15640852.73,11972389.14,21285754.5,1545000000,1568,DIRECT,listing,metraj_all,3
05d7c556-45b0-6f2b-4eec-9a5c688806cc,273014:5,5,منطقه 5,MUNICIPAL_AREA,2022-11-22,1401-09,261,آذر - 1401,23086419.75,23027226.04,15000000,28275862.07,1950000000,93,DIRECT,listing,metraj_all,3
05d7c556-45b0-6f2b-4eec-9a5c688806cc,273014:5,5,منطقه 5,MUNICIPAL_AREA,2022-12-22,1401-10,262,دی - 1401,21000000,21038955.91,15000000,28140909.09,1900000000,375,DIRECT,listing,metraj_all,3
05d7c556-45b0-6f2b-4eec-9a5c688806cc,273014:5,5,منطقه 5,MUNICIPAL_AREA,2023-01-21,1401-11,263,بهمن - 1401,24074074.07,24086806.44,17142857.14,31771159.88,2400000000,1167,DIRECT,listing,metraj_all,3
05d7c556-45b0-6f2b-4eec-9a5c688806cc,273014:5,5,منطقه 5,MUNICIPAL_AREA,2023-02-20,1401-12,264,اسفند - 1401,25500000,25513114.45,18000000,33719851.58,2550000000,1515,DIRECT,listing,metraj_all,3
05d7c556-45b0-6f2b-4eec-9a5c688806cc,273014:5,5,منطقه 5,MUNICIPAL_AREA,2023-03-21,1402-01,265,فروردین - 1402,27058823.53,27069847.55,19592022.22,34558441.56,2700000000,1235,DIRECT,listing,metraj_all,3
05d7c556-45b0-6f2b-4eec-9a5c688806cc,273014:5,5,منطقه 5,MUNICIPAL_AREA,2023-04-21,1402-02,266,اردیبهشت - 1402,32222222.22,32236765.12,23057692.31,42670731.71,3300000000,1900,DIRECT,listing,metraj_all,3
05d7c556-45b0-6f2b-4eec-9a5c688806cc,273014:5,5,منطقه 5,MUNICIPAL_AREA,2023-05-22,1402-03,267,خرداد - 1402,33684210.53,33694437.42,24553429.03,44795833.34,3366000000,3139,DIRECT,listing,metraj_all,3
05d7c556-45b0-6f2b-4eec-9a5c688806cc,273014:5,5,منطقه 5,MUNICIPAL_AREA,2023-06-22,1402-04,268,تیر - 1402,33057851.24,33064682.66,24750000,44476744.19,3300000000,4829,DIRECT,listing,metraj_all,3
05d7c556-45b0-6f2b-4eec-9a5c688806cc,273014:5,5,منطقه 5,MUNICIPAL_AREA,2023-07-23,1402-05,269,مرداد - 1402,32857142.86,32861528.46,24814814.81,43961177.97,3245000000,4876,DIRECT,listing,metraj_all,3
05d7c556-45b0-6f2b-4eec-9a5c688806cc,273014:5,5,منطقه 5,MUNICIPAL_AREA,2023-08-23,1402-06,270,شهریور - 1402,32500000,32502229.26,24750000,43703703.7,3155000000,4378,DIRECT,listing,metraj_all,3
05d7c556-45b0-6f2b-4eec-9a5c688806cc,273014:5,5,منطقه 5,MUNICIPAL_AREA,2023-09-23,1402-07,271,مهر - 1402,31954365.08,31954808.25,23939889.34,42771084.34,3000000000,4016,DIRECT,listing,metraj_all,3
05d7c556-45b0-6f2b-4eec-9a5c688806cc,273014:5,5,منطقه 5,MUNICIPAL_AREA,2023-10-23,1402-08,272,آبان - 1402,31809090.91,31808646.55,23608333.33,42168674.7,2950000000,4300,DIRECT,listing,metraj_all,3
05d7c556-45b0-6f2b-4eec-9a5c688806cc,273014:5,5,منطقه 5,MUNICIPAL_AREA,2023-11-22,1402-09,273,آذر - 1402,31348484.85,31348864.64,23636363.64,41283414.64,2945000000,4990,DIRECT,listing,metraj_all,3
05d7c556-45b0-6f2b-4eec-9a5c688806cc,273014:5,5,منطقه 5,MUNICIPAL_AREA,2023-12-22,1402-10,274,دی - 1402,31764705.88,31763973.48,24375000,41406250,3000000000,5745,DIRECT,listing,metraj_all,3
05d7c556-45b0-6f2b-4eec-9a5c688806cc,273014:5,5,منطقه 5,MUNICIPAL_AREA,2024-01-21,1402-11,275,بهمن - 1402,31578947.37,31579093.56,24657534.25,41666666.67,3000000000,5985,DIRECT,listing,metraj_all,3
05d7c556-45b0-6f2b-4eec-9a5c688806cc,273014:5,5,منطقه 5,MUNICIPAL_AREA,2024-02-20,1402-12,276,اسفند - 1402,31529654.66,31530113.14,24705882.35,41666666.67,3000000000,5400,DIRECT,listing,metraj_all,3
05d7c556-45b0-6f2b-4eec-9a5c688806cc,273014:5,5,منطقه 5,MUNICIPAL_AREA,2024-03-20,1403-01,277,فروردین - 1403,31764705.88,31767088.25,24978260.87,42028006.27,3000000000,4575,DIRECT,listing,metraj_all,3
05d7c556-45b0-6f2b-4eec-9a5c688806cc,273014:5,5,منطقه 5,MUNICIPAL_AREA,2024-04-20,1403-02,278,اردیبهشت - 1403,32487113.4,32491070.38,25384615.38,43947696.14,3100000000,4824,DIRECT,listing,metraj_all,3
05d7c556-45b0-6f2b-4eec-9a5c688806cc,273014:5,5,منطقه 5,MUNICIPAL_AREA,2024-05-21,1403-03,279,خرداد - 1403,33333333.33,33336131.89,26000000,45000000,3200000000,6197,DIRECT,listing,metraj_all,3
05d7c556-45b0-6f2b-4eec-9a5c688806cc,273014:5,5,منطقه 5,MUNICIPAL_AREA,2024-06-21,1403-04,280,تیر - 1403,33333333.33,33336124.66,26000000,45000000,3200000000,7354,DIRECT,listing,metraj_all,3
05d7c556-45b0-6f2b-4eec-9a5c688806cc,273014:5,5,منطقه 5,MUNICIPAL_AREA,2024-07-22,1403-05,281,مرداد - 1403,33333333.33,33336801.19,26000000,44531250,3150000000,5757,DIRECT,listing,metraj_all,3
05d7c556-45b0-6f2b-4eec-9a5c688806cc,273014:5,5,منطقه 5,MUNICIPAL_AREA,2024-08-22,1403-06,282,شهریور - 1403,33076923.08,33083454.83,26000000,44242424.24,3136000000,3097,DIRECT,listing,metraj_all,3
05d7c556-45b0-6f2b-4eec-9a5c688806cc,273014:5,5,منطقه 5,MUNICIPAL_AREA,2024-09-22,1403-07,283,مهر - 1403,33864145.66,33887027.3,26110655.74,44100877.2,3150000000,680,DIRECT,listing,metraj_all,3
05d7c556-45b0-6f2b-4eec-9a5c688806cc,273014:5,5,منطقه 5,MUNICIPAL_AREA,2024-10-22,1403-08,284,آبان - 1403,61904761.9,60349707.11,61904761.9,61904761.9,5200000000,1,MODELED,listing,metraj_all,3
05d7c556-45b0-6f2b-4eec-9a5c688806cc,273014:5,5,منطقه 5,MUNICIPAL_AREA,2024-11-21,1403-09,285,آذر - 1403,33895663.25,33904616.17,26000000,46000000,3324999936,2086,DIRECT,listing,metraj_all,3
05d7c556-45b0-6f2b-4eec-9a5c688806cc,273014:5,5,منطقه 5,MUNICIPAL_AREA,2024-12-21,1403-10,286,دی - 1403,34583334.4,34587546.95,26250000,46666668.56,3329999872,4327,DIRECT,listing,metraj_all,3
05d7c556-45b0-6f2b-4eec-9a5c688806cc,273014:5,5,منطقه 5,MUNICIPAL_AREA,2025-01-20,1403-11,287,بهمن - 1403,35000000,35002482.74,26737762.24,47278912.44,3400000000,7542,DIRECT,listing,metraj_all,3
05d7c556-45b0-6f2b-4eec-9a5c688806cc,273014:5,5,منطقه 5,MUNICIPAL_AREA,2025-02-19,1403-12,288,اسفند - 1403,35384615.38,35387482.88,27024057.15,47963334.03,3400000000,7367,DIRECT,listing,metraj_all,3
05d7c556-45b0-6f2b-4eec-9a5c688806cc,273014:5,5,منطقه 5,MUNICIPAL_AREA,2025-03-21,1404-01,289,فروردین - 1404,35775863.17,35779950.76,27272727.27,48598130.84,3500000000,6165,DIRECT,listing,metraj_all,3
05d7c556-45b0-6f2b-4eec-9a5c688806cc,273014:5,5,منطقه 5,MUNICIPAL_AREA,2025-04-21,1404-02,290,اردیبهشت - 1404,36923076.92,36928618.93,27500000,52000000,3600000000,5542,DIRECT,listing,metraj_all,3
05d7c556-45b0-6f2b-4eec-9a5c688806cc,273014:5,5,منطقه 5,MUNICIPAL_AREA,2025-05-22,1404-03,291,خرداد - 1404,38513513.51,38517307.09,28000000,53478260.87,3720000000,5861,DIRECT,listing,metraj_all,3
05d7c556-45b0-6f2b-4eec-9a5c688806cc,273014:5,5,منطقه 5,MUNICIPAL_AREA,2025-06-22,1404-04,292,تیر - 1404,39000000,39001656.99,28166666.67,53483316.48,3731000000,6875,DIRECT,listing,metraj_all,3
05d7c556-45b0-6f2b-4eec-9a5c688806cc,273014:5,5,منطقه 5,MUNICIPAL_AREA,2025-07-23,1404-05,293,مرداد - 1404,39423076.92,39424679.1,28417843.39,53438238.77,3800000000,6563,DIRECT,listing,metraj_all,3
05d7c556-45b0-6f2b-4eec-9a5c688806cc,273014:5,5,منطقه 5,MUNICIPAL_AREA,2025-08-23,1404-06,294,شهریور - 1404,39130434.78,39134238.84,27500000,53571428.57,3730000000,7321,DIRECT,listing,metraj_all,3
05d7c556-45b0-6f2b-4eec-9a5c688806cc,273014:5,5,منطقه 5,MUNICIPAL_AREA,2025-09-23,1404-07,295,مهر - 1404,40000000,40005502.91,27777777.78,55000000,3900000000,8559,DIRECT,listing,metraj_all,3
05d7c556-45b0-6f2b-4eec-9a5c688806cc,273014:5,5,منطقه 5,MUNICIPAL_AREA,2025-10-23,1404-08,296,آبان - 1404,41313330.94,41318651.29,28333333.33,56097560.98,4000000000,10052,DIRECT,listing,metraj_all,3
05d7c556-45b0-6f2b-4eec-9a5c688806cc,273014:5,5,منطقه 5,MUNICIPAL_AREA,2025-11-22,1404-09,297,آذر - 1404,42857142.86,42862285.36,29411764.71,58136574.08,4180000000,10999,DIRECT,listing,metraj_all,3
05d7c556-45b0-6f2b-4eec-9a5c688806cc,273014:5,5,منطقه 5,MUNICIPAL_AREA,2025-12-22,1404-10,298,دی - 1404,44333333.33,44338663.65,30588235.29,60000000,4400000000,10621,DIRECT,listing,metraj_all,3
05d7c556-45b0-6f2b-4eec-9a5c688806cc,273014:5,5,منطقه 5,MUNICIPAL_AREA,2026-01-21,1404-11,299,بهمن - 1404,47058823.53,47064985.8,32881218.46,65833333.33,4850000000,11254,DIRECT,listing,metraj_all,3
05d7c556-45b0-6f2b-4eec-9a5c688806cc,273014:5,5,منطقه 5,MUNICIPAL_AREA,2026-02-20,1404-12,300,اسفند - 1404,50416666.67,50424646.49,35561282.94,71428571.43,5300000000,8419,DIRECT,listing,metraj_all,3
05d7c556-45b0-6f2b-4eec-9a5c688806cc,273014:5,5,منطقه 5,MUNICIPAL_AREA,2026-03-21,1405-01,301,فروردین - 1405,53061224.49,53078458.37,36666666.67,76000000,5600000000,5757,DIRECT,listing,metraj_all,3
05d7c556-45b0-6f2b-4eec-9a5c688806cc,273014:5,5,منطقه 5,MUNICIPAL_AREA,2026-04-21,1405-02,302,اردیبهشت - 1405,69885995.6,69897297.55,46832386.37,98094709.59,7045000000,4866,DIRECT,listing,metraj_all,3
05d7c556-45b0-6f2b-4eec-9a5c688806cc,273014:5,5,منطقه 5,MUNICIPAL_AREA,2026-05-22,1405-03,303,خرداد - 1405,77777777.78,77786459.38,52758620.69,108387096.77,7700000000,8309,DIRECT,listing,metraj_all,3
05d7c556-45b0-6f2b-4eec-9a5c688806cc,273014:5,5,منطقه 5,MUNICIPAL_AREA,2026-06-22,1405-04,304,تیر - 1405,79136690.65,79148146.21,53846153.85,110000000,7800000000,9473,DIRECT,listing,metraj_all,3
05d7c556-45b0-6f2b-4eec-9a5c688806cc,273014:5,5,منطقه 5,MUNICIPAL_AREA,2026-07-23,1405-05,305,مرداد - 1405,81649659.87,81668807.81,55280112.05,113002032.52,8000000000,7240,DIRECT,listing,metraj_all,3
ba0a5036-8d85-26b9-9eee-bdf508317195,273014:6,6,منطقه 6,MUNICIPAL_AREA,2021-08-23,1400-06,246,شهریور - 1400,8388888.89,8888756.49,5722495.89,11273864.39,740000000,42,DIRECT,listing,metraj_all,3
ba0a5036-8d85-26b9-9eee-bdf508317195,273014:6,6,منطقه 6,MUNICIPAL_AREA,2021-09-23,1400-07,247,مهر - 1400,7117604.62,8696039.97,6166666.67,9355263.16,590000000,14,MODELED,listing,metraj_all,3
ba0a5036-8d85-26b9-9eee-bdf508317195,273014:6,6,منطقه 6,MUNICIPAL_AREA,2021-10-23,1400-08,248,آبان - 1400,7222222.22,10452440.68,6770833.34,9270175.44,600000000,11,MODELED,listing,metraj_all,3
ba0a5036-8d85-26b9-9eee-bdf508317195,273014:6,6,منطقه 6,MUNICIPAL_AREA,2021-11-22,1400-09,249,آذر - 1400,9066666.67,10714681.33,7048611.11,10694117.65,810000000,23,MODELED,listing,metraj_all,3
ba0a5036-8d85-26b9-9eee-bdf508317195,273014:6,6,منطقه 6,MUNICIPAL_AREA,2021-12-22,1400-10,250,دی - 1400,10574117.65,11104879.35,7672794.12,13077651.52,960000000,54,DIRECT,listing,metraj_all,3
ba0a5036-8d85-26b9-9eee-bdf508317195,273014:6,6,منطقه 6,MUNICIPAL_AREA,2022-01-21,1400-11,251,بهمن - 1400,11500000,11731547.08,7698529.41,13868131.87,1000000000,83,DIRECT,listing,metraj_all,3
ba0a5036-8d85-26b9-9eee-bdf508317195,273014:6,6,منطقه 6,MUNICIPAL_AREA,2022-02-20,1400-12,252,اسفند - 1400,12000000,12145910.02,8857142.86,14117647.06,1200000000,93,DIRECT,listing,metraj_all,3
ba0a5036-8d85-26b9-9eee-bdf508317195,273014:6,6,منطقه 6,MUNICIPAL_AREA,2022-03-21,1401-01,253,فروردین - 1401,12000000,12102484.7,9333333.33,14838709.68,1150000000,77,DIRECT,listing,metraj_all,3
ba0a5036-8d85-26b9-9eee-bdf508317195,273014:6,6,منطقه 6,MUNICIPAL_AREA,2022-04-21,1401-02,254,اردیبهشت - 1401,11726708.07,11907255.35,9392156.87,14879032.26,1010000000,60,DIRECT,listing,metraj_all,3
ba0a5036-8d85-26b9-9eee-bdf508317195,273014:6,6,منطقه 6,MUNICIPAL_AREA,2022-05-22,1401-03,255,خرداد - 1401,10842171.72,11303307.47,9772727.27,17250000,965000000,32,DIRECT,listing,metraj_all,3
ba0a5036-8d85-26b9-9eee-bdf508317195,273014:6,6,منطقه 6,MUNICIPAL_AREA,2022-06-22,1401-04,256,تیر - 1401,11166666.67,11295261.45,7923076.92,18524993.53,1140000000,467,DIRECT,listing,metraj_all,3
ba0a5036-8d85-26b9-9eee-bdf508317195,273014:6,6,منطقه 6,MUNICIPAL_AREA,2022-07-23,1401-05,257,مرداد - 1401,10681547.62,10746586.08,7692307.69,17130791.5,1040000000,1038,DIRECT,listing,metraj_all,3
ba0a5036-8d85-26b9-9eee-bdf508317195,273014:6,6,منطقه 6,MUNICIPAL_AREA,2022-08-23,1401-06,258,شهریور - 1401,10000000,10044586.3,7333333.33,16666666.67,950000000,1784,DIRECT,listing,metraj_all,3
ba0a5036-8d85-26b9-9eee-bdf508317195,273014:6,6,منطقه 6,MUNICIPAL_AREA,2022-09-23,1401-07,259,مهر - 1401,10000000,10060403.14,7239225.79,15877281.95,900000000,1330,DIRECT,listing,metraj_all,3
ba0a5036-8d85-26b9-9eee-bdf508317195,273014:6,6,منطقه 6,MUNICIPAL_AREA,2022-10-23,1401-08,260,آبان - 1401,9756097.56,9872990.82,7044311.14,15038659.79,900000000,746,DIRECT,listing,metraj_all,3
ba0a5036-8d85-26b9-9eee-bdf508317195,273014:6,6,منطقه 6,MUNICIPAL_AREA,2022-11-22,1401-09,261,آذر - 1401,16923913.05,17171806.42,13662988.12,21911057.69,1500000000,214,DIRECT,listing,metraj_all,3
ba0a5036-8d85-26b9-9eee-bdf508317195,273014:6,6,منطقه 6,MUNICIPAL_AREA,2022-12-22,1401-10,262,دی - 1401,16923076.92,16994118.01,13692105.27,22163742.69,1520000000,775,DIRECT,listing,metraj_all,3
ba0a5036-8d85-26b9-9eee-bdf508317195,273014:6,6,منطقه 6,MUNICIPAL_AREA,2023-01-21,1401-11,263,بهمن - 1401,20000000,20021776.76,15818181.82,25555555.56,1800000000,2549,DIRECT,listing,metraj_all,3
ba0a5036-8d85-26b9-9eee-bdf508317195,273014:6,6,منطقه 6,MUNICIPAL_AREA,2023-02-20,1401-12,264,اسفند - 1401,21538461.54,21555450.69,16842105.26,27079081.63,1900000000,3499,DIRECT,listing,metraj_all,3
ba0a5036-8d85-26b9-9eee-bdf508317195,273014:6,6,منطقه 6,MUNICIPAL_AREA,2023-03-21,1402-01,265,فروردین - 1402,22570810.39,22590689.98,17746451.61,27894736.84,2000000000,2938,DIRECT,listing,metraj_all,3
ba0a5036-8d85-26b9-9eee-bdf508317195,273014:6,6,منطقه 6,MUNICIPAL_AREA,2023-04-21,1402-02,266,اردیبهشت - 1402,26866071.43,26884243.56,20474812.63,34393750,2400000000,4466,DIRECT,listing,metraj_all,3
ba0a5036-8d85-26b9-9eee-bdf508317195,273014:6,6,منطقه 6,MUNICIPAL_AREA,2023-05-22,1402-03,267,خرداد - 1402,27175191.82,27189822.6,20833333.33,35416666.67,2472500000,6640,DIRECT,listing,metraj_all,3
ba0a5036-8d85-26b9-9eee-bdf508317195,273014:6,6,منطقه 6,MUNICIPAL_AREA,2023-06-22,1402-04,268,تیر - 1402,27010869.57,27020418.02,20588235.29,35294117.65,2430000000,9785,DIRECT,listing,metraj_all,3
ba0a5036-8d85-26b9-9eee-bdf508317195,273014:6,6,منطقه 6,MUNICIPAL_AREA,2023-07-23,1402-05,269,مرداد - 1402,26428571.43,26437944.18,20215078.63,34693877.55,2370000000,9135,DIRECT,listing,metraj_all,3
ba0a5036-8d85-26b9-9eee-bdf508317195,273014:6,6,منطقه 6,MUNICIPAL_AREA,2023-08-23,1402-06,270,شهریور - 1402,25873015.87,25882537.82,20000000,34027777.78,2300000000,7977,DIRECT,listing,metraj_all,3
ba0a5036-8d85-26b9-9eee-bdf508317195,273014:6,6,منطقه 6,MUNICIPAL_AREA,2023-09-23,1402-07,271,مهر - 1402,25000000,25010325.4,19684210.53,33333333.33,2210000000,6898,DIRECT,listing,metraj_all,3
ba0a5036-8d85-26b9-9eee-bdf508317195,273014:6,6,منطقه 6,MUNICIPAL_AREA,2023-10-23,1402-08,272,آبان - 1402,24400000,24411266.89,19087918.66,32608695.65,2137500000,6396,DIRECT,listing,metraj_all,3
ba0a5036-8d85-26b9-9eee-bdf508317195,273014:6,6,منطقه 6,MUNICIPAL_AREA,2023-11-22,1402-09,273,آذر - 1402,24588235.29,24600041.21,18888888.89,32530120.48,2150000000,5877,DIRECT,listing,metraj_all,3
ba0a5036-8d85-26b9-9eee-bdf508317195,273014:6,6,منطقه 6,MUNICIPAL_AREA,2023-12-22,1402-10,274,دی - 1402,24831439.39,24842685.97,18750000,32614416.48,2150000000,5780,DIRECT,listing,metraj_all,3
ba0a5036-8d85-26b9-9eee-bdf508317195,273014:6,6,منطقه 6,MUNICIPAL_AREA,2024-01-21,1402-11,275,بهمن - 1402,25000000,25011953.72,18588989.44,32857142.86,2180000000,5567,DIRECT,listing,metraj_all,3
ba0a5036-8d85-26b9-9eee-bdf508317195,273014:6,6,منطقه 6,MUNICIPAL_AREA,2024-02-20,1402-12,276,اسفند - 1402,25000000,25013579.83,18461538.46,33035714.29,2150000000,4981,DIRECT,listing,metraj_all,3
ba0a5036-8d85-26b9-9eee-bdf508317195,273014:6,6,منطقه 6,MUNICIPAL_AREA,2024-03-20,1403-01,277,فروردین - 1403,25000000,25019247.97,18545436.67,33600000,2165000000,4072,DIRECT,listing,metraj_all,3
ba0a5036-8d85-26b9-9eee-bdf508317195,273014:6,6,منطقه 6,MUNICIPAL_AREA,2024-04-20,1403-02,278,اردیبهشت - 1403,26885775.86,26902481.37,20000000,36173114.12,2300000000,4488,DIRECT,listing,metraj_all,3
ba0a5036-8d85-26b9-9eee-bdf508317195,273014:6,6,منطقه 6,MUNICIPAL_AREA,2024-05-21,1403-03,279,خرداد - 1403,27631578.95,27644869.68,21024487.76,37142857.14,2400000000,5587,DIRECT,listing,metraj_all,3
ba0a5036-8d85-26b9-9eee-bdf508317195,273014:6,6,منطقه 6,MUNICIPAL_AREA,2024-06-21,1403-04,280,تیر - 1403,27666666.67,27678418.61,21250000,36956521.74,2400000000,6561,DIRECT,listing,metraj_all,3
ba0a5036-8d85-26b9-9eee-bdf508317195,273014:6,6,منطقه 6,MUNICIPAL_AREA,2024-07-22,1403-05,281,مرداد - 1403,27368421.05,27385007.52,21153846.15,36307692.31,2365000000,4792,DIRECT,listing,metraj_all,3
ba0a5036-8d85-26b9-9eee-bdf508317195,273014:6,6,منطقه 6,MUNICIPAL_AREA,2024-08-22,1403-06,282,شهریور - 1403,27105496.45,27135941.05,20714285.71,35714285.71,2300000000,2618,DIRECT,listing,metraj_all,3
ba0a5036-8d85-26b9-9eee-bdf508317195,273014:6,6,منطقه 6,MUNICIPAL_AREA,2024-09-22,1403-07,283,مهر - 1403,26666666.67,26814416.03,20236471.86,35661244.7,2330000000,584,DIRECT,listing,metraj_all,3
ba0a5036-8d85-26b9-9eee-bdf508317195,273014:6,6,منطقه 6,MUNICIPAL_AREA,2024-11-21,1403-09,285,آذر - 1403,27733333.33,27786395.13,20000000,37200001.71,2400000000,1505,DIRECT,listing,metraj_all,3
ba0a5036-8d85-26b9-9eee-bdf508317195,273014:6,6,منطقه 6,MUNICIPAL_AREA,2024-12-21,1403-10,286,دی - 1403,28421052.63,28442768.49,20666666.67,38235292.61,2449999872,3669,DIRECT,listing,metraj_all,3
ba0a5036-8d85-26b9-9eee-bdf508317195,273014:6,6,منطقه 6,MUNICIPAL_AREA,2025-01-20,1403-11,287,بهمن - 1403,29113924.05,29125966.01,21226495.73,39638501.42,2500000000,6435,DIRECT,listing,metraj_all,3
ba0a5036-8d85-26b9-9eee-bdf508317195,273014:6,6,منطقه 6,MUNICIPAL_AREA,2025-02-19,1403-12,288,اسفند - 1403,29636243.85,29648249.53,21666666.67,40520508.69,2550000128,6540,DIRECT,listing,metraj_all,3
ba0a5036-8d85-26b9-9eee-bdf508317195,273014:6,6,منطقه 6,MUNICIPAL_AREA,2025-03-21,1404-01,289,فروردین - 1404,30000000,30015921.64,21900656.81,41170588.62,2600000000,5203,DIRECT,listing,metraj_all,3
ba0a5036-8d85-26b9-9eee-bdf508317195,273014:6,6,منطقه 6,MUNICIPAL_AREA,2025-04-21,1404-02,290,اردیبهشت - 1404,33333333.33,33346397.54,23125000,45230769.23,2900000000,5093,DIRECT,listing,metraj_all,3
ba0a5036-8d85-26b9-9eee-bdf508317195,273014:6,6,منطقه 6,MUNICIPAL_AREA,2025-05-22,1404-03,291,خرداد - 1404,36103896.1,36111694.33,24509113.5,47658073.85,3200000000,5936,DIRECT,listing,metraj_all,3
ba0a5036-8d85-26b9-9eee-bdf508317195,273014:6,6,منطقه 6,MUNICIPAL_AREA,2025-06-22,1404-04,292,تیر - 1404,36818181.82,36822538.83,24664772.73,48113408.52,3250000000,7616,DIRECT,listing,metraj_all,3
ba0a5036-8d85-26b9-9eee-bdf508317195,273014:6,6,منطقه 6,MUNICIPAL_AREA,2025-07-23,1404-05,293,مرداد - 1404,36752136.75,36757036.18,24644556.6,48666666.67,3200000000,7591,DIRECT,listing,metraj_all,3
ba0a5036-8d85-26b9-9eee-bdf508317195,273014:6,6,منطقه 6,MUNICIPAL_AREA,2025-08-23,1404-06,294,شهریور - 1404,36000000,36006937.64,24000000,48926644.4,3200000000,8522,DIRECT,listing,metraj_all,3
ba0a5036-8d85-26b9-9eee-bdf508317195,273014:6,6,منطقه 6,MUNICIPAL_AREA,2025-09-23,1404-07,295,مهر - 1404,36898982.89,36906923.22,24877840.91,49974587.2,3290000000,9834,DIRECT,listing,metraj_all,3
ba0a5036-8d85-26b9-9eee-bdf508317195,273014:6,6,منطقه 6,MUNICIPAL_AREA,2025-10-23,1404-08,296,آبان - 1404,37647058.82,37654941.03,25384615.38,50439560.44,3350000000,11433,DIRECT,listing,metraj_all,3
ba0a5036-8d85-26b9-9eee-bdf508317195,273014:6,6,منطقه 6,MUNICIPAL_AREA,2025-11-22,1404-09,297,آذر - 1404,39310897.44,39318318.15,26666666.67,51972066.44,3500000000,12398,DIRECT,listing,metraj_all,3
ba0a5036-8d85-26b9-9eee-bdf508317195,273014:6,6,منطقه 6,MUNICIPAL_AREA,2025-12-22,1404-10,298,دی - 1404,40170940.17,40179213.79,27227011.49,53493055.56,3600000000,11870,DIRECT,listing,metraj_all,3
ba0a5036-8d85-26b9-9eee-bdf508317195,273014:6,6,منطقه 6,MUNICIPAL_AREA,2026-01-21,1404-11,299,بهمن - 1404,43636363.64,43644646.6,29083951.76,59369959.68,3960000000,12502,DIRECT,listing,metraj_all,3
ba0a5036-8d85-26b9-9eee-bdf508317195,273014:6,6,منطقه 6,MUNICIPAL_AREA,2026-02-20,1404-12,300,اسفند - 1404,46111111.11,46122809.67,30472883.6,64800000,4225000000,9420,DIRECT,listing,metraj_all,3
ba0a5036-8d85-26b9-9eee-bdf508317195,273014:6,6,منطقه 6,MUNICIPAL_AREA,2026-03-21,1405-01,301,فروردین - 1405,49090909.09,49111530.43,31250000,69407374.89,4400000000,6735,DIRECT,listing,metraj_all,3
ba0a5036-8d85-26b9-9eee-bdf508317195,273014:6,6,منطقه 6,MUNICIPAL_AREA,2026-04-21,1405-02,302,اردیبهشت - 1405,62857142.86,62877342.09,38000000,90000000,5800000000,6198,DIRECT,listing,metraj_all,3
ba0a5036-8d85-26b9-9eee-bdf508317195,273014:6,6,منطقه 6,MUNICIPAL_AREA,2026-05-22,1405-03,303,خرداد - 1405,71969696.97,71982656,44000000,100000000,6600000000,10045,DIRECT,listing,metraj_all,3
ba0a5036-8d85-26b9-9eee-bdf508317195,273014:6,6,منطقه 6,MUNICIPAL_AREA,2026-06-22,1405-04,304,تیر - 1405,74774481.92,74788298.18,46666666.67,100000000,6800000000,11010,DIRECT,listing,metraj_all,3
ba0a5036-8d85-26b9-9eee-bdf508317195,273014:6,6,منطقه 6,MUNICIPAL_AREA,2026-07-23,1405-05,305,مرداد - 1405,72478070.18,72505404.59,45161290.32,100000000,6600000000,8424,DIRECT,listing,metraj_all,3
03bfe41b-74e7-6d45-3451-ae3620f5a96f,273014:7,7,منطقه 7,MUNICIPAL_AREA,2021-08-23,1400-06,246,شهریور - 1400,14285714.29,14161279.8,6935534.35,18920289.86,1440000000,255,DIRECT,listing,metraj_all,3
03bfe41b-74e7-6d45-3451-ae3620f5a96f,273014:7,7,منطقه 7,MUNICIPAL_AREA,2021-09-23,1400-07,247,مهر - 1400,18235581.63,14163508.2,15543145.16,26777419.36,1892500000,8,MODELED,listing,metraj_all,3
03bfe41b-74e7-6d45-3451-ae3620f5a96f,273014:7,7,منطقه 7,MUNICIPAL_AREA,2021-10-23,1400-08,248,آبان - 1400,19637096.78,16508532.45,15543145.16,26777419.36,2152500000,8,MODELED,listing,metraj_all,3
03bfe41b-74e7-6d45-3451-ae3620f5a96f,273014:7,7,منطقه 7,MUNICIPAL_AREA,2021-11-22,1400-09,249,آذر - 1400,16696721.31,16515596.83,11311827.96,21908526.26,1450000000,111,DIRECT,listing,metraj_all,3
03bfe41b-74e7-6d45-3451-ae3620f5a96f,273014:7,7,منطقه 7,MUNICIPAL_AREA,2021-12-22,1400-10,250,دی - 1400,16020833.34,15949160.59,8475000,22505630.63,1636000000,276,DIRECT,listing,metraj_all,3
03bfe41b-74e7-6d45-3451-ae3620f5a96f,273014:7,7,منطقه 7,MUNICIPAL_AREA,2022-01-21,1400-11,251,بهمن - 1400,15520270.27,15486813.6,7645016.34,22537053.18,1450000000,548,DIRECT,listing,metraj_all,3
03bfe41b-74e7-6d45-3451-ae3620f5a96f,273014:7,7,منطقه 7,MUNICIPAL_AREA,2022-02-20,1400-12,252,اسفند - 1400,15243902.44,15215500.66,7631221.72,22299922.3,1420000000,603,DIRECT,listing,metraj_all,3
03bfe41b-74e7-6d45-3451-ae3620f5a96f,273014:7,7,منطقه 7,MUNICIPAL_AREA,2022-03-21,1401-01,253,فروردین - 1401,14208074.54,14187310.22,7440476.19,22000000,1200000000,624,DIRECT,listing,metraj_all,3
03bfe41b-74e7-6d45-3451-ae3620f5a96f,273014:7,7,منطقه 7,MUNICIPAL_AREA,2022-04-21,1401-02,254,اردیبهشت - 1401,15000000,14955045.62,7549019.61,22222222.22,1200000000,437,DIRECT,listing,metraj_all,3
03bfe41b-74e7-6d45-3451-ae3620f5a96f,273014:7,7,منطقه 7,MUNICIPAL_AREA,2022-05-22,1401-03,255,خرداد - 1401,14541666.67,14480460.95,7347826.09,23495434.04,1150000000,278,DIRECT,listing,metraj_all,3
03bfe41b-74e7-6d45-3451-ae3620f5a96f,273014:7,7,منطقه 7,MUNICIPAL_AREA,2022-06-22,1401-04,256,تیر - 1401,23239436.62,23141274.65,17633053.22,28000000,2600000000,595,DIRECT,listing,metraj_all,3
03bfe41b-74e7-6d45-3451-ae3620f5a96f,273014:7,7,منطقه 7,MUNICIPAL_AREA,2022-07-23,1401-05,257,مرداد - 1401,23629032.26,23577377.21,19256756.76,28000000,2750000000,1177,DIRECT,listing,metraj_all,3
03bfe41b-74e7-6d45-3451-ae3620f5a96f,273014:7,7,منطقه 7,MUNICIPAL_AREA,2022-08-23,1401-06,258,شهریور - 1401,24355652.99,24330205.15,20000000,29000000,2900000000,2488,DIRECT,listing,metraj_all,3
03bfe41b-74e7-6d45-3451-ae3620f5a96f,273014:7,7,منطقه 7,MUNICIPAL_AREA,2022-09-23,1401-07,259,مهر - 1401,24583333.33,24550707.32,20470595.47,29220779.22,2925000000,1979,DIRECT,listing,metraj_all,3
03bfe41b-74e7-6d45-3451-ae3620f5a96f,273014:7,7,منطقه 7,MUNICIPAL_AREA,2022-10-23,1401-08,260,آبان - 1401,25000000,24951500.59,20946778.71,29896289.35,3000000000,1311,DIRECT,listing,metraj_all,3
03bfe41b-74e7-6d45-3451-ae3620f5a96f,273014:7,7,منطقه 7,MUNICIPAL_AREA,2022-11-22,1401-09,261,آذر - 1401,27331262.94,27248420.99,23993150.69,33002314.82,3500000000,576,DIRECT,listing,metraj_all,3
03bfe41b-74e7-6d45-3451-ae3620f5a96f,273014:7,7,منطقه 7,MUNICIPAL_AREA,2022-12-22,1401-10,262,دی - 1401,28571428.57,28541607.22,24545454.55,34782608.7,3605000000,2026,DIRECT,listing,metraj_all,3
03bfe41b-74e7-6d45-3451-ae3620f5a96f,273014:7,7,منطقه 7,MUNICIPAL_AREA,2023-01-21,1401-11,263,بهمن - 1401,31705510.39,31696285.3,27000000,38488241.76,3975500000,6638,DIRECT,listing,metraj_all,3
03bfe41b-74e7-6d45-3451-ae3620f5a96f,273014:7,7,منطقه 7,MUNICIPAL_AREA,2023-02-20,1401-12,264,اسفند - 1401,34000000,33992867.28,28736237.15,42000000,4280000000,9103,DIRECT,listing,metraj_all,3
03bfe41b-74e7-6d45-3451-ae3620f5a96f,273014:7,7,منطقه 7,MUNICIPAL_AREA,2023-03-21,1402-01,265,فروردین - 1402,35000000,34991438.1,29642857.14,43021118.33,4400000000,7662,DIRECT,listing,metraj_all,3
03bfe41b-74e7-6d45-3451-ae3620f5a96f,273014:7,7,منطقه 7,MUNICIPAL_AREA,2023-04-21,1402-02,266,اردیبهشت - 1402,42857142.86,42848864.25,36016949.15,53333333.33,5300000000,9481,DIRECT,listing,metraj_all,3
03bfe41b-74e7-6d45-3451-ae3620f5a96f,273014:7,7,منطقه 7,MUNICIPAL_AREA,2023-05-22,1402-03,267,خرداد - 1402,44957252.47,44950594.13,38750000,55555555.56,5504000000,12084,DIRECT,listing,metraj_all,3
03bfe41b-74e7-6d45-3451-ae3620f5a96f,273014:7,7,منطقه 7,MUNICIPAL_AREA,2023-06-22,1402-04,268,تیر - 1402,45000000,44995010.15,38500000,55469475.78,5450000000,17298,DIRECT,listing,metraj_all,3
03bfe41b-74e7-6d45-3451-ae3620f5a96f,273014:7,7,منطقه 7,MUNICIPAL_AREA,2023-07-23,1402-05,269,مرداد - 1402,45000000,44993506.88,38084263.07,55454545.45,5350000000,15391,DIRECT,listing,metraj_all,3
03bfe41b-74e7-6d45-3451-ae3620f5a96f,273014:7,7,منطقه 7,MUNICIPAL_AREA,2023-08-23,1402-06,270,شهریور - 1402,44590290.93,44582246.85,37777777.78,55000000,5250000000,13804,DIRECT,listing,metraj_all,3
03bfe41b-74e7-6d45-3451-ae3620f5a96f,273014:7,7,منطقه 7,MUNICIPAL_AREA,2023-09-23,1402-07,271,مهر - 1402,44074074.07,44064065.45,37280701.75,54635761.59,5200000000,11921,DIRECT,listing,metraj_all,3
03bfe41b-74e7-6d45-3451-ae3620f5a96f,273014:7,7,منطقه 7,MUNICIPAL_AREA,2023-10-23,1402-08,272,آبان - 1402,43589743.59,43578269.4,36666666.67,53897255.23,5160000000,10424,DIRECT,listing,metraj_all,3
03bfe41b-74e7-6d45-3451-ae3620f5a96f,273014:7,7,منطقه 7,MUNICIPAL_AREA,2023-11-22,1402-09,273,آذر - 1402,43684210.53,43669634.95,36206896.55,54060925.33,5199999999,8323,DIRECT,listing,metraj_all,3
03bfe41b-74e7-6d45-3451-ae3620f5a96f,273014:7,7,منطقه 7,MUNICIPAL_AREA,2023-12-22,1402-10,274,دی - 1402,43464052.29,43446344.7,35862068.97,54000000,5146000000,6835,DIRECT,listing,metraj_all,3
03bfe41b-74e7-6d45-3451-ae3620f5a96f,273014:7,7,منطقه 7,MUNICIPAL_AREA,2024-01-21,1402-11,275,بهمن - 1402,43571428.57,43550439.78,36163088.91,54000000,5100000000,5662,DIRECT,listing,metraj_all,3
03bfe41b-74e7-6d45-3451-ae3620f5a96f,273014:7,7,منطقه 7,MUNICIPAL_AREA,2024-02-20,1402-12,276,اسفند - 1402,43377483.44,43353571.27,35555555.56,53892215.57,5000000000,4841,DIRECT,listing,metraj_all,3
03bfe41b-74e7-6d45-3451-ae3620f5a96f,273014:7,7,منطقه 7,MUNICIPAL_AREA,2024-03-20,1403-01,277,فروردین - 1403,44444444.44,44415641.5,35652173.91,55263157.89,5200000000,4013,DIRECT,listing,metraj_all,3
03bfe41b-74e7-6d45-3451-ae3620f5a96f,273014:7,7,منطقه 7,MUNICIPAL_AREA,2024-04-20,1403-02,278,اردیبهشت - 1403,46018518.52,45988285.36,35000000,57902097.9,5300000000,3833,DIRECT,listing,metraj_all,3
03bfe41b-74e7-6d45-3451-ae3620f5a96f,273014:7,7,منطقه 7,MUNICIPAL_AREA,2024-05-21,1403-03,279,خرداد - 1403,46470588.24,46442884.26,32857142.86,58000000,5200000000,4105,DIRECT,listing,metraj_all,3
03bfe41b-74e7-6d45-3451-ae3620f5a96f,273014:7,7,منطقه 7,MUNICIPAL_AREA,2024-06-21,1403-04,280,تیر - 1403,46296296.3,46272244.64,31428571.43,57142857.14,5190000000,4525,DIRECT,listing,metraj_all,3
03bfe41b-74e7-6d45-3451-ae3620f5a96f,273014:7,7,منطقه 7,MUNICIPAL_AREA,2024-07-22,1403-05,281,مرداد - 1403,46032196.97,45999011.64,30032051.28,57142857.14,5100000000,3214,DIRECT,listing,metraj_all,3
03bfe41b-74e7-6d45-3451-ae3620f5a96f,273014:7,7,منطقه 7,MUNICIPAL_AREA,2024-08-22,1403-06,282,شهریور - 1403,46078431.37,46018045.61,30932098.77,57330000,5200000000,1807,DIRECT,listing,metraj_all,3
03bfe41b-74e7-6d45-3451-ae3620f5a96f,273014:7,7,منطقه 7,MUNICIPAL_AREA,2024-09-22,1403-07,283,مهر - 1403,45416666.67,45149275.58,28293269.23,57660738.71,5000000000,363,DIRECT,listing,metraj_all,3
03bfe41b-74e7-6d45-3451-ae3620f5a96f,273014:7,7,منطقه 7,MUNICIPAL_AREA,2024-11-21,1403-09,285,آذر - 1403,48013157.06,47959184.57,39265871.59,57814008.83,5750000128,2258,DIRECT,listing,metraj_all,3
03bfe41b-74e7-6d45-3451-ae3620f5a96f,273014:7,7,منطقه 7,MUNICIPAL_AREA,2024-12-21,1403-10,286,دی - 1403,48437500,48414441.75,39790528.21,58652036.9,5699999744,5206,DIRECT,listing,metraj_all,3
03bfe41b-74e7-6d45-3451-ae3620f5a96f,273014:7,7,منطقه 7,MUNICIPAL_AREA,2025-01-20,1403-11,287,بهمن - 1403,49090909.09,49076717.7,40257050.74,59375001.2,5800000000,8598,DIRECT,listing,metraj_all,3
03bfe41b-74e7-6d45-3451-ae3620f5a96f,273014:7,7,منطقه 7,MUNICIPAL_AREA,2025-02-19,1403-12,288,اسفند - 1403,49999998.03,49985538.77,40909088.58,60000000,5849999872,8635,DIRECT,listing,metraj_all,3
03bfe41b-74e7-6d45-3451-ae3620f5a96f,273014:7,7,منطقه 7,MUNICIPAL_AREA,2025-03-21,1404-01,289,فروردین - 1404,50889327.51,50871118.98,41666668.09,61111113.96,6040999936,6904,DIRECT,listing,metraj_all,3
03bfe41b-74e7-6d45-3451-ae3620f5a96f,273014:7,7,منطقه 7,MUNICIPAL_AREA,2025-04-21,1404-02,290,اردیبهشت - 1404,54166666.67,54145891.39,44117647.06,64999997.44,6449999872,6809,DIRECT,listing,metraj_all,3
03bfe41b-74e7-6d45-3451-ae3620f5a96f,273014:7,7,منطقه 7,MUNICIPAL_AREA,2025-05-22,1404-03,291,خرداد - 1404,56306306.31,56285096.91,46153846.15,67500000,6800000000,7329,DIRECT,listing,metraj_all,3
03bfe41b-74e7-6d45-3451-ae3620f5a96f,273014:7,7,منطقه 7,MUNICIPAL_AREA,2025-06-22,1404-04,292,تیر - 1404,56800000,56781436.19,46509595.06,68498434.44,6850000000,8964,DIRECT,listing,metraj_all,3
03bfe41b-74e7-6d45-3451-ae3620f5a96f,273014:7,7,منطقه 7,MUNICIPAL_AREA,2025-07-23,1404-05,293,مرداد - 1404,56666666.67,56647639.2,46428571.43,68750000,6900000000,8499,DIRECT,listing,metraj_all,3
03bfe41b-74e7-6d45-3451-ae3620f5a96f,273014:7,7,منطقه 7,MUNICIPAL_AREA,2025-08-23,1404-06,294,شهریور - 1404,56000000,55984198.4,45285714.29,67666666.67,6750000000,8901,DIRECT,listing,metraj_all,3
03bfe41b-74e7-6d45-3451-ae3620f5a96f,273014:7,7,منطقه 7,MUNICIPAL_AREA,2025-09-23,1404-07,295,مهر - 1404,55963302.75,55951772.4,45000000,67586206.9,6700000000,9745,DIRECT,listing,metraj_all,3
03bfe41b-74e7-6d45-3451-ae3620f5a96f,273014:7,7,منطقه 7,MUNICIPAL_AREA,2025-10-23,1404-08,296,آبان - 1404,56500000,56491143.53,45714285.71,68292682.93,6800000000,11093,DIRECT,listing,metraj_all,3
03bfe41b-74e7-6d45-3451-ae3620f5a96f,273014:7,7,منطقه 7,MUNICIPAL_AREA,2025-11-22,1404-09,297,آذر - 1404,58421052.63,58412868.72,47593482.91,70000000,7000000000,12090,DIRECT,listing,metraj_all,3
03bfe41b-74e7-6d45-3451-ae3620f5a96f,273014:7,7,منطقه 7,MUNICIPAL_AREA,2025-12-22,1404-10,298,دی - 1404,60500000,60491317.29,49411764.71,73150375.94,7500000000,12083,DIRECT,listing,metraj_all,3
03bfe41b-74e7-6d45-3451-ae3620f5a96f,273014:7,7,منطقه 7,MUNICIPAL_AREA,2026-01-21,1404-11,299,بهمن - 1404,66165413.53,66155812.54,51812500,83333333.33,8300000000,12661,DIRECT,listing,metraj_all,3
03bfe41b-74e7-6d45-3451-ae3620f5a96f,273014:7,7,منطقه 7,MUNICIPAL_AREA,2026-02-20,1404-12,300,اسفند - 1404,72285882.67,72271030.74,55361607.15,90000000,9200000000,10186,DIRECT,listing,metraj_all,3
03bfe41b-74e7-6d45-3451-ae3620f5a96f,273014:7,7,منطقه 7,MUNICIPAL_AREA,2026-03-21,1405-01,301,فروردین - 1405,81395348.84,81375118.61,62844782.58,100000000,10450000000,9083,DIRECT,listing,metraj_all,3
03bfe41b-74e7-6d45-3451-ae3620f5a96f,273014:7,7,منطقه 7,MUNICIPAL_AREA,2026-04-21,1405-02,302,اردیبهشت - 1405,95638297.87,95617952.64,75147186.15,120548048.05,12250000000,9939,DIRECT,listing,metraj_all,3
03bfe41b-74e7-6d45-3451-ae3620f5a96f,273014:7,7,منطقه 7,MUNICIPAL_AREA,2026-05-22,1405-03,303,خرداد - 1405,106400000,106383830.75,82608695.65,130303030.3,13300000000,13225,DIRECT,listing,metraj_all,3
03bfe41b-74e7-6d45-3451-ae3620f5a96f,273014:7,7,منطقه 7,MUNICIPAL_AREA,2026-06-22,1405-04,304,تیر - 1405,110810810.81,110793735.97,86666666.67,135412057.53,13900000000,12178,DIRECT,listing,metraj_all,3
03bfe41b-74e7-6d45-3451-ae3620f5a96f,273014:7,7,منطقه 7,MUNICIPAL_AREA,2026-07-23,1405-05,305,مرداد - 1405,116666666.67,116649462.97,95068456.13,141176470.59,14200000000,12275,DIRECT,listing,metraj_all,3
aec89fe6-3419-725b-bdd4-cfb164e0fde7,273014:8,8,منطقه 8,MUNICIPAL_AREA,2021-08-23,1400-06,246,شهریور - 1400,12087912.09,11941283.87,5714285.71,17647058.82,1075000000,65,DIRECT,listing,metraj_all,3
aec89fe6-3419-725b-bdd4-cfb164e0fde7,273014:8,8,منطقه 8,MUNICIPAL_AREA,2021-09-23,1400-07,247,مهر - 1400,19600000,14485793.8,17125000,27625000,1980000000,7,MODELED,listing,metraj_all,3
aec89fe6-3419-725b-bdd4-cfb164e0fde7,273014:8,8,منطقه 8,MUNICIPAL_AREA,2021-10-23,1400-08,248,آبان - 1400,19600000,16655621.57,16250000,24000000,2880000000,9,MODELED,listing,metraj_all,3
aec89fe6-3419-725b-bdd4-cfb164e0fde7,273014:8,8,منطقه 8,MUNICIPAL_AREA,2021-11-22,1400-09,249,آذر - 1400,17894736.84,16978622.85,15238095.24,23111111.11,1980000000,27,MODELED,listing,metraj_all,3
aec89fe6-3419-725b-bdd4-cfb164e0fde7,273014:8,8,منطقه 8,MUNICIPAL_AREA,2021-12-22,1400-10,250,دی - 1400,17283950.62,16884799.05,11600000,20967741.94,1552500000,73,DIRECT,listing,metraj_all,3
aec89fe6-3419-725b-bdd4-cfb164e0fde7,273014:8,8,منطقه 8,MUNICIPAL_AREA,2022-01-21,1400-11,251,بهمن - 1400,16438356.16,16240840.68,8570433.44,21192982.46,1425000000,131,DIRECT,listing,metraj_all,3
aec89fe6-3419-725b-bdd4-cfb164e0fde7,273014:8,8,منطقه 8,MUNICIPAL_AREA,2022-02-20,1400-12,252,اسفند - 1400,16779953.92,16589425.97,7733516.48,21000000,1322000000,162,DIRECT,listing,metraj_all,3
aec89fe6-3419-725b-bdd4-cfb164e0fde7,273014:8,8,منطقه 8,MUNICIPAL_AREA,2022-03-21,1401-01,253,فروردین - 1401,16000000,15818223.21,7000000,21428571.43,1200000000,161,DIRECT,listing,metraj_all,3
aec89fe6-3419-725b-bdd4-cfb164e0fde7,273014:8,8,منطقه 8,MUNICIPAL_AREA,2022-04-21,1401-02,254,اردیبهشت - 1401,16027351.92,15786335.03,7000000,20863095.24,1175000000,116,DIRECT,listing,metraj_all,3
aec89fe6-3419-725b-bdd4-cfb164e0fde7,273014:8,8,منطقه 8,MUNICIPAL_AREA,2022-05-22,1401-03,255,خرداد - 1401,13183908.05,13129182.89,6666666.67,21026785.71,875000000,64,DIRECT,listing,metraj_all,3
aec89fe6-3419-725b-bdd4-cfb164e0fde7,273014:8,8,منطقه 8,MUNICIPAL_AREA,2022-06-22,1401-04,256,تیر - 1401,20000000,19832337.73,9587104.08,30983606.56,1620000000,151,DIRECT,listing,metraj_all,3
aec89fe6-3419-725b-bdd4-cfb164e0fde7,273014:8,8,منطقه 8,MUNICIPAL_AREA,2022-07-23,1401-05,257,مرداد - 1401,20238095.24,20148827.59,9615384.62,32000000,1750000000,297,DIRECT,listing,metraj_all,3
aec89fe6-3419-725b-bdd4-cfb164e0fde7,273014:8,8,منطقه 8,MUNICIPAL_AREA,2022-08-23,1401-06,258,شهریور - 1401,19430555.56,19401454.46,9561974.79,30000000,1700000000,482,DIRECT,listing,metraj_all,3
aec89fe6-3419-725b-bdd4-cfb164e0fde7,273014:8,8,منطقه 8,MUNICIPAL_AREA,2022-09-23,1401-07,259,مهر - 1401,19047619.05,19020907.6,9558441.56,30000000,1700000000,347,DIRECT,listing,metraj_all,3
aec89fe6-3419-725b-bdd4-cfb164e0fde7,273014:8,8,منطقه 8,MUNICIPAL_AREA,2022-10-23,1401-08,260,آبان - 1401,18588235.29,18588491.33,9500000,27916666.67,1600000000,185,DIRECT,listing,metraj_all,3
aec89fe6-3419-725b-bdd4-cfb164e0fde7,273014:8,8,منطقه 8,MUNICIPAL_AREA,2022-11-22,1401-09,261,آذر - 1401,34244289.97,33018501.9,25156250,46865853.66,3560000000,86,DIRECT,listing,metraj_all,3
aec89fe6-3419-725b-bdd4-cfb164e0fde7,273014:8,8,منطقه 8,MUNICIPAL_AREA,2022-12-22,1401-10,262,دی - 1401,29946083.51,29635821.81,19363235.3,39398893.36,3000000000,230,DIRECT,listing,metraj_all,3
aec89fe6-3419-725b-bdd4-cfb164e0fde7,273014:8,8,منطقه 8,MUNICIPAL_AREA,2023-01-21,1401-11,263,بهمن - 1401,29951690.82,29882946.44,18042553.19,40000000,2800000000,627,DIRECT,listing,metraj_all,3
aec89fe6-3419-725b-bdd4-cfb164e0fde7,273014:8,8,منطقه 8,MUNICIPAL_AREA,2023-02-20,1401-12,264,اسفند - 1401,30292360.22,30256651.7,17478932.59,40228832.95,2800000000,772,DIRECT,listing,metraj_all,3
aec89fe6-3419-725b-bdd4-cfb164e0fde7,273014:8,8,منطقه 8,MUNICIPAL_AREA,2023-03-21,1402-01,265,فروردین - 1402,31291666.67,31246833.56,18216928.77,42002645.5,2900000000,628,DIRECT,listing,metraj_all,3
aec89fe6-3419-725b-bdd4-cfb164e0fde7,273014:8,8,منطقه 8,MUNICIPAL_AREA,2023-04-21,1402-02,266,اردیبهشت - 1402,39363636.36,39310420.27,22137404.58,58784313.73,3600000000,810,DIRECT,listing,metraj_all,3
aec89fe6-3419-725b-bdd4-cfb164e0fde7,273014:8,8,منطقه 8,MUNICIPAL_AREA,2023-05-22,1402-03,267,خرداد - 1402,45098039.22,45035826.76,29431909.75,65665168.54,4200000000,1307,DIRECT,listing,metraj_all,3
aec89fe6-3419-725b-bdd4-cfb164e0fde7,273014:8,8,منطقه 8,MUNICIPAL_AREA,2023-06-22,1402-04,268,تیر - 1402,45396389.33,45352197.48,28903508.77,65493071.22,4200000000,2034,DIRECT,listing,metraj_all,3
aec89fe6-3419-725b-bdd4-cfb164e0fde7,273014:8,8,منطقه 8,MUNICIPAL_AREA,2023-07-23,1402-05,269,مرداد - 1402,46243589.74,46188038.15,30000000,65545977.02,4348000000,2014,DIRECT,listing,metraj_all,3
aec89fe6-3419-725b-bdd4-cfb164e0fde7,273014:8,8,منطقه 8,MUNICIPAL_AREA,2023-08-23,1402-06,270,شهریور - 1402,45283018.87,45218687.42,27777777.78,63194444.44,4200000000,1825,DIRECT,listing,metraj_all,3
aec89fe6-3419-725b-bdd4-cfb164e0fde7,273014:8,8,منطقه 8,MUNICIPAL_AREA,2023-09-23,1402-07,271,مهر - 1402,43889995.02,43819760.79,24433333.33,61764705.88,4050000000,1664,DIRECT,listing,metraj_all,3
aec89fe6-3419-725b-bdd4-cfb164e0fde7,273014:8,8,منطقه 8,MUNICIPAL_AREA,2023-10-23,1402-08,272,آبان - 1402,44210526.32,44141143.64,23061538.46,62500000,4100000000,1805,DIRECT,listing,metraj_all,3
aec89fe6-3419-725b-bdd4-cfb164e0fde7,273014:8,8,منطقه 8,MUNICIPAL_AREA,2023-11-22,1402-09,273,آذر - 1402,45000000,44932826.24,26177884.61,65000000,4382500000,1994,DIRECT,listing,metraj_all,3
aec89fe6-3419-725b-bdd4-cfb164e0fde7,273014:8,8,منطقه 8,MUNICIPAL_AREA,2023-12-22,1402-10,274,دی - 1402,46153846.15,46089311.78,30128205.13,65454545.45,4500000000,2285,DIRECT,listing,metraj_all,3
aec89fe6-3419-725b-bdd4-cfb164e0fde7,273014:8,8,منطقه 8,MUNICIPAL_AREA,2024-01-21,1402-11,275,بهمن - 1402,45676044.64,45619372.08,29280045.35,65104895.11,4474500000,2462,DIRECT,listing,metraj_all,3
aec89fe6-3419-725b-bdd4-cfb164e0fde7,273014:8,8,منطقه 8,MUNICIPAL_AREA,2024-02-20,1402-12,276,اسفند - 1402,45522848.33,45463906.83,28960526.32,65000000,4400000000,2322,DIRECT,listing,metraj_all,3
aec89fe6-3419-725b-bdd4-cfb164e0fde7,273014:8,8,منطقه 8,MUNICIPAL_AREA,2024-03-20,1403-01,277,فروردین - 1403,45740853.66,45676627.18,26847222.22,66000000,4300000000,1996,DIRECT,listing,metraj_all,3
aec89fe6-3419-725b-bdd4-cfb164e0fde7,273014:8,8,منطقه 8,MUNICIPAL_AREA,2024-04-20,1403-02,278,اردیبهشت - 1403,49478260.87,49402831.43,31818181.82,69924812.03,4800000000,1989,DIRECT,listing,metraj_all,3
aec89fe6-3419-725b-bdd4-cfb164e0fde7,273014:8,8,منطقه 8,MUNICIPAL_AREA,2024-05-21,1403-03,279,خرداد - 1403,50000000,49932506.34,33696892.84,70000000,4900000000,2202,DIRECT,listing,metraj_all,3
aec89fe6-3419-725b-bdd4-cfb164e0fde7,273014:8,8,منطقه 8,MUNICIPAL_AREA,2024-06-21,1403-04,280,تیر - 1403,51865775.55,51798467.92,35503504.67,70000000,5000000000,2438,DIRECT,listing,metraj_all,3
aec89fe6-3419-725b-bdd4-cfb164e0fde7,273014:8,8,منطقه 8,MUNICIPAL_AREA,2024-07-22,1403-05,281,مرداد - 1403,52142857.14,52048632.86,35000000,69397533.21,5000000000,1774,DIRECT,listing,metraj_all,3
aec89fe6-3419-725b-bdd4-cfb164e0fde7,273014:8,8,منطقه 8,MUNICIPAL_AREA,2024-08-22,1403-06,282,شهریور - 1403,52475247.52,52298554.65,35000000,68421052.63,5000000000,973,DIRECT,listing,metraj_all,3
aec89fe6-3419-725b-bdd4-cfb164e0fde7,273014:8,8,منطقه 8,MUNICIPAL_AREA,2024-09-22,1403-07,283,مهر - 1403,53333333.33,52505076.18,40000000,69986338.8,5500000000,206,DIRECT,listing,metraj_all,3
aec89fe6-3419-725b-bdd4-cfb164e0fde7,273014:8,8,منطقه 8,MUNICIPAL_AREA,2024-11-21,1403-09,285,آذر - 1403,47524509.18,47344810.2,32044079.16,64591863.09,4869999872,644,DIRECT,listing,metraj_all,3
aec89fe6-3419-725b-bdd4-cfb164e0fde7,273014:8,8,منطقه 8,MUNICIPAL_AREA,2024-12-21,1403-10,286,دی - 1403,48888888.89,48798660.6,34146341.46,64999997.44,5000000000,1373,DIRECT,listing,metraj_all,3
aec89fe6-3419-725b-bdd4-cfb164e0fde7,273014:8,8,منطقه 8,MUNICIPAL_AREA,2025-01-20,1403-11,287,بهمن - 1403,48930203.89,48880675.38,34182692.31,64999997.44,5000000000,2424,DIRECT,listing,metraj_all,3
aec89fe6-3419-725b-bdd4-cfb164e0fde7,273014:8,8,منطقه 8,MUNICIPAL_AREA,2025-02-19,1403-12,288,اسفند - 1403,50315792.17,50263375.71,36023255.82,65290736.45,5200000000,2435,DIRECT,listing,metraj_all,3
aec89fe6-3419-725b-bdd4-cfb164e0fde7,273014:8,8,منطقه 8,MUNICIPAL_AREA,2025-03-21,1404-01,289,فروردین - 1404,50602409.64,50545002,36000000,66283184.71,5350000128,2133,DIRECT,listing,metraj_all,3
aec89fe6-3419-725b-bdd4-cfb164e0fde7,273014:8,8,منطقه 8,MUNICIPAL_AREA,2025-04-21,1404-02,290,اردیبهشت - 1404,53756722.03,53688619.45,39849481.09,69333333.33,5500000256,2010,DIRECT,listing,metraj_all,3
aec89fe6-3419-725b-bdd4-cfb164e0fde7,273014:8,8,منطقه 8,MUNICIPAL_AREA,2025-05-22,1404-03,291,خرداد - 1404,55000001.67,54936030.03,40909090.91,70833331.2,5600000000,2219,DIRECT,listing,metraj_all,3
aec89fe6-3419-725b-bdd4-cfb164e0fde7,273014:8,8,منطقه 8,MUNICIPAL_AREA,2025-06-22,1404-04,292,تیر - 1404,54960000,54902044.73,41250000,71610671.94,5500000256,2547,DIRECT,listing,metraj_all,3
aec89fe6-3419-725b-bdd4-cfb164e0fde7,273014:8,8,منطقه 8,MUNICIPAL_AREA,2025-07-23,1404-05,293,مرداد - 1404,54494382.02,54438421.18,39309523.81,72795138.89,5500000000,2495,DIRECT,listing,metraj_all,3
aec89fe6-3419-725b-bdd4-cfb164e0fde7,273014:8,8,منطقه 8,MUNICIPAL_AREA,2025-08-23,1404-06,294,شهریور - 1404,52777777.78,52738647.74,35000000,71818181.82,5300000000,2765,DIRECT,listing,metraj_all,3
aec89fe6-3419-725b-bdd4-cfb164e0fde7,273014:8,8,منطقه 8,MUNICIPAL_AREA,2025-09-23,1404-07,295,مهر - 1404,52941176.47,52916242.46,31666666.67,71666666.67,5300000000,3289,DIRECT,listing,metraj_all,3
aec89fe6-3419-725b-bdd4-cfb164e0fde7,273014:8,8,منطقه 8,MUNICIPAL_AREA,2025-10-23,1404-08,296,آبان - 1404,53448275.86,53430592.39,29901960.78,71904761.9,5300000000,3825,DIRECT,listing,metraj_all,3
aec89fe6-3419-725b-bdd4-cfb164e0fde7,273014:8,8,منطقه 8,MUNICIPAL_AREA,2025-11-22,1404-09,297,آذر - 1404,54545454.55,54531015.32,31578947.37,74025974.03,5500000000,4164,DIRECT,listing,metraj_all,3
aec89fe6-3419-725b-bdd4-cfb164e0fde7,273014:8,8,منطقه 8,MUNICIPAL_AREA,2025-12-22,1404-10,298,دی - 1404,56470588.24,56455406.19,32222222.22,76691649.18,5800000000,4252,DIRECT,listing,metraj_all,3
aec89fe6-3419-725b-bdd4-cfb164e0fde7,273014:8,8,منطقه 8,MUNICIPAL_AREA,2026-01-21,1404-11,299,بهمن - 1404,60389610.39,60376006.79,35000000,84982517.49,6500000000,4687,DIRECT,listing,metraj_all,3
aec89fe6-3419-725b-bdd4-cfb164e0fde7,273014:8,8,منطقه 8,MUNICIPAL_AREA,2026-02-20,1404-12,300,اسفند - 1404,65088757.4,65067029.48,36000000,89701082.93,7000000000,3647,DIRECT,listing,metraj_all,3
aec89fe6-3419-725b-bdd4-cfb164e0fde7,273014:8,8,منطقه 8,MUNICIPAL_AREA,2026-03-21,1405-01,301,فروردین - 1405,67777777.78,67759451.05,35135135.14,95384615.38,7800000000,2597,DIRECT,listing,metraj_all,3
aec89fe6-3419-725b-bdd4-cfb164e0fde7,273014:8,8,منطقه 8,MUNICIPAL_AREA,2026-04-21,1405-02,302,اردیبهشت - 1405,82500000,82469409.24,39404761.9,117757009.35,9000000000,2312,DIRECT,listing,metraj_all,3
aec89fe6-3419-725b-bdd4-cfb164e0fde7,273014:8,8,منطقه 8,MUNICIPAL_AREA,2026-05-22,1405-03,303,خرداد - 1405,95000000,94974385.25,48963286.71,131326086.96,9750000000,3894,DIRECT,listing,metraj_all,3
aec89fe6-3419-725b-bdd4-cfb164e0fde7,273014:8,8,منطقه 8,MUNICIPAL_AREA,2026-06-22,1405-04,304,تیر - 1405,98245614.04,98225566.35,52000000,135845230.37,10000000000,4103,DIRECT,listing,metraj_all,3
aec89fe6-3419-725b-bdd4-cfb164e0fde7,273014:8,8,منطقه 8,MUNICIPAL_AREA,2026-07-23,1405-05,305,مرداد - 1405,98837209.3,98827670.21,55084307.65,137817460.32,9600000000,3455,DIRECT,listing,metraj_all,3
06260d0d-25a3-bd66-7430-3ce76cff05a5,273014:9,9,منطقه 9,MUNICIPAL_AREA,2022-11-22,1401-09,261,آذر - 1401,29153061.23,28485427.56,24470843.85,36150000,3275000000,90,DIRECT,listing,metraj_all,3
06260d0d-25a3-bd66-7430-3ce76cff05a5,273014:9,9,منطقه 9,MUNICIPAL_AREA,2022-12-22,1401-10,262,دی - 1401,30000000,29725267.5,25000000,37612275.45,3296000000,263,DIRECT,listing,metraj_all,3
06260d0d-25a3-bd66-7430-3ce76cff05a5,273014:9,9,منطقه 9,MUNICIPAL_AREA,2023-01-21,1401-11,263,بهمن - 1401,34494949.5,34398388.07,28000000,42420895.99,3800000000,914,DIRECT,listing,metraj_all,3
06260d0d-25a3-bd66-7430-3ce76cff05a5,273014:9,9,منطقه 9,MUNICIPAL_AREA,2023-02-20,1401-12,264,اسفند - 1401,36328626.44,36256141.44,29873417.72,45504310.35,4120000000,1208,DIRECT,listing,metraj_all,3
06260d0d-25a3-bd66-7430-3ce76cff05a5,273014:9,9,منطقه 9,MUNICIPAL_AREA,2023-03-21,1402-01,265,فروردین - 1402,37500000,37413466.74,30448038.18,46624452.48,4310000000,1038,DIRECT,listing,metraj_all,3
06260d0d-25a3-bd66-7430-3ce76cff05a5,273014:9,9,منطقه 9,MUNICIPAL_AREA,2023-04-21,1402-02,266,اردیبهشت - 1402,45299145.3,45224675.1,36666666.67,55000000,4800000000,1373,DIRECT,listing,metraj_all,3
06260d0d-25a3-bd66-7430-3ce76cff05a5,273014:9,9,منطقه 9,MUNICIPAL_AREA,2023-05-22,1402-03,267,خرداد - 1402,46340656.29,46293334.34,38805147.06,57142857.14,4820000000,1984,DIRECT,listing,metraj_all,3
06260d0d-25a3-bd66-7430-3ce76cff05a5,273014:9,9,منطقه 9,MUNICIPAL_AREA,2023-06-22,1402-04,268,تیر - 1402,46153846.15,46120926.61,38461538.46,57009345.79,4700000000,2964,DIRECT,listing,metraj_all,3
06260d0d-25a3-bd66-7430-3ce76cff05a5,273014:9,9,منطقه 9,MUNICIPAL_AREA,2023-07-23,1402-05,269,مرداد - 1402,45161290.32,45126093.43,38000000,56043956.04,4500000000,2877,DIRECT,listing,metraj_all,3
06260d0d-25a3-bd66-7430-3ce76cff05a5,273014:9,9,منطقه 9,MUNICIPAL_AREA,2023-08-23,1402-06,270,شهریور - 1402,45000000,44956603.38,37894736.84,55118110.24,4260000000,2645,DIRECT,listing,metraj_all,3
06260d0d-25a3-bd66-7430-3ce76cff05a5,273014:9,9,منطقه 9,MUNICIPAL_AREA,2023-09-23,1402-07,271,مهر - 1402,44859813.08,44803672.68,37500000,55000000,4180000000,2257,DIRECT,listing,metraj_all,3
06260d0d-25a3-bd66-7430-3ce76cff05a5,273014:9,9,منطقه 9,MUNICIPAL_AREA,2023-10-23,1402-08,272,آبان - 1402,44117647.06,44057172.57,36764705.88,54666666.67,4100000000,2057,DIRECT,listing,metraj_all,3
06260d0d-25a3-bd66-7430-3ce76cff05a5,273014:9,9,منطقه 9,MUNICIPAL_AREA,2023-11-22,1402-09,273,آذر - 1402,43465934.56,43399076.06,35660714.28,53976105.23,4000000000,1774,DIRECT,listing,metraj_all,3
06260d0d-25a3-bd66-7430-3ce76cff05a5,273014:9,9,منطقه 9,MUNICIPAL_AREA,2023-12-22,1402-10,274,دی - 1402,42857142.86,42789413.83,35064935.06,52481060.61,3850000000,1690,DIRECT,listing,metraj_all,3
06260d0d-25a3-bd66-7430-3ce76cff05a5,273014:9,9,منطقه 9,MUNICIPAL_AREA,2024-01-21,1402-11,275,بهمن - 1402,42857142.86,42781582.06,35031847.13,53000000,3850000000,1471,DIRECT,listing,metraj_all,3
06260d0d-25a3-bd66-7430-3ce76cff05a5,273014:9,9,منطقه 9,MUNICIPAL_AREA,2024-02-20,1402-12,276,اسفند - 1402,43157894.74,43066780.22,35429852.32,52742946.71,3900000000,1239,DIRECT,listing,metraj_all,3
06260d0d-25a3-bd66-7430-3ce76cff05a5,273014:9,9,منطقه 9,MUNICIPAL_AREA,2024-03-20,1403-01,277,فروردین - 1403,45000000,44886831.51,36666666.67,55000000,4200000000,1063,DIRECT,listing,metraj_all,3
06260d0d-25a3-bd66-7430-3ce76cff05a5,273014:9,9,منطقه 9,MUNICIPAL_AREA,2024-04-20,1403-02,278,اردیبهشت - 1403,45109995.22,45032160.34,38276207.73,55555555.56,4250000000,1366,DIRECT,listing,metraj_all,3
06260d0d-25a3-bd66-7430-3ce76cff05a5,273014:9,9,منطقه 9,MUNICIPAL_AREA,2024-05-21,1403-03,279,خرداد - 1403,44889601.14,44835291.41,38181818.18,55281690.14,4185000000,1798,DIRECT,listing,metraj_all,3
06260d0d-25a3-bd66-7430-3ce76cff05a5,273014:9,9,منطقه 9,MUNICIPAL_AREA,2024-06-21,1403-04,280,تیر - 1403,44000000,43958837.8,37936227.67,55000000,4000000000,2082,DIRECT,listing,metraj_all,3
06260d0d-25a3-bd66-7430-3ce76cff05a5,273014:9,9,منطقه 9,MUNICIPAL_AREA,2024-07-22,1403-05,281,مرداد - 1403,43478260.87,43423375.32,37568879.86,53986842.11,3900000000,1474,DIRECT,listing,metraj_all,3
06260d0d-25a3-bd66-7430-3ce76cff05a5,273014:9,9,منطقه 9,MUNICIPAL_AREA,2024-08-22,1403-06,282,شهریور - 1403,43460441.91,43356535.15,37500000,54000000,3805000000,794,DIRECT,listing,metraj_all,3
06260d0d-25a3-bd66-7430-3ce76cff05a5,273014:9,9,منطقه 9,MUNICIPAL_AREA,2024-09-22,1403-07,283,مهر - 1403,42400000,42023944.81,35000000,50000000,3700000000,175,DIRECT,listing,metraj_all,3
06260d0d-25a3-bd66-7430-3ce76cff05a5,273014:9,9,منطقه 9,MUNICIPAL_AREA,2024-11-21,1403-09,285,آذر - 1403,49495915.52,49240827.8,39186509.31,59075737.01,4700000256,528,DIRECT,listing,metraj_all,3
06260d0d-25a3-bd66-7430-3ce76cff05a5,273014:9,9,منطقه 9,MUNICIPAL_AREA,2024-12-21,1403-10,286,دی - 1403,49629631.53,49520200.11,39394181.08,60000002.26,4700000256,1198,DIRECT,listing,metraj_all,3
06260d0d-25a3-bd66-7430-3ce76cff05a5,273014:9,9,منطقه 9,MUNICIPAL_AREA,2025-01-20,1403-11,287,بهمن - 1403,49572649.57,49508161.58,39892400.64,60682194.57,4729999872,1959,DIRECT,listing,metraj_all,3
06260d0d-25a3-bd66-7430-3ce76cff05a5,273014:9,9,منطقه 9,MUNICIPAL_AREA,2025-02-19,1403-12,288,اسفند - 1403,50000000,49933368.7,40935770.27,62735634.37,5000000000,1866,DIRECT,listing,metraj_all,3
06260d0d-25a3-bd66-7430-3ce76cff05a5,273014:9,9,منطقه 9,MUNICIPAL_AREA,2025-03-21,1404-01,289,فروردین - 1404,51139607.84,51054464.24,42030350.98,64105111.77,5200000000,1498,DIRECT,listing,metraj_all,3
06260d0d-25a3-bd66-7430-3ce76cff05a5,273014:9,9,منطقه 9,MUNICIPAL_AREA,2025-04-21,1404-02,290,اردیبهشت - 1404,53333333.33,53258258.26,43939393.94,65000000,5400000000,1766,DIRECT,listing,metraj_all,3
06260d0d-25a3-bd66-7430-3ce76cff05a5,273014:9,9,منطقه 9,MUNICIPAL_AREA,2025-05-22,1404-03,291,خرداد - 1404,53737745.1,53684652.69,44615384.62,65000000,5300000000,2438,DIRECT,listing,metraj_all,3
06260d0d-25a3-bd66-7430-3ce76cff05a5,273014:9,9,منطقه 9,MUNICIPAL_AREA,2025-06-22,1404-04,292,تیر - 1404,53773584.91,53728517.98,45000000,65000000,5390000000,3015,DIRECT,listing,metraj_all,3
06260d0d-25a3-bd66-7430-3ce76cff05a5,273014:9,9,منطقه 9,MUNICIPAL_AREA,2025-07-23,1404-05,293,مرداد - 1404,53750000,53704338.46,44852941.18,64655172.41,5300000000,2897,DIRECT,listing,metraj_all,3
06260d0d-25a3-bd66-7430-3ce76cff05a5,273014:9,9,منطقه 9,MUNICIPAL_AREA,2025-08-23,1404-06,294,شهریور - 1404,52727272.73,52690746.6,44047619.05,63565891.47,5050000000,2949,DIRECT,listing,metraj_all,3
06260d0d-25a3-bd66-7430-3ce76cff05a5,273014:9,9,منطقه 9,MUNICIPAL_AREA,2025-09-23,1404-07,295,مهر - 1404,51538461.54,51518130.75,42568532.82,62500000,4890000000,3346,DIRECT,listing,metraj_all,3
06260d0d-25a3-bd66-7430-3ce76cff05a5,273014:9,9,منطقه 9,MUNICIPAL_AREA,2025-10-23,1404-08,296,آبان - 1404,51893314.37,51879766.81,42307692.31,63949031.39,5000000000,3848,DIRECT,listing,metraj_all,3
06260d0d-25a3-bd66-7430-3ce76cff05a5,273014:9,9,منطقه 9,MUNICIPAL_AREA,2025-11-22,1404-09,297,آذر - 1404,52678571.43,52668510.84,42117647.06,64957264.96,5100000000,4125,DIRECT,listing,metraj_all,3
06260d0d-25a3-bd66-7430-3ce76cff05a5,273014:9,9,منطقه 9,MUNICIPAL_AREA,2025-12-22,1404-10,298,دی - 1404,55000000,54987440.34,43636363.64,68181818.18,5500000000,3971,DIRECT,listing,metraj_all,3
06260d0d-25a3-bd66-7430-3ce76cff05a5,273014:9,9,منطقه 9,MUNICIPAL_AREA,2026-01-21,1404-11,299,بهمن - 1404,59459459.46,59445442.88,46923076.92,75000000,5900000000,3885,DIRECT,listing,metraj_all,3
06260d0d-25a3-bd66-7430-3ce76cff05a5,273014:9,9,منطقه 9,MUNICIPAL_AREA,2026-02-20,1404-12,300,اسفند - 1404,64356435.64,64331222.15,50000000,81227836.88,6500000000,2851,DIRECT,listing,metraj_all,3
06260d0d-25a3-bd66-7430-3ce76cff05a5,273014:9,9,منطقه 9,MUNICIPAL_AREA,2026-03-21,1405-01,301,فروردین - 1405,72711462.45,72666376.74,54545454.55,92000000,7500000000,2144,DIRECT,listing,metraj_all,3
06260d0d-25a3-bd66-7430-3ce76cff05a5,273014:9,9,منطقه 9,MUNICIPAL_AREA,2026-04-21,1405-02,302,اردیبهشت - 1405,88208556.15,88146483.81,71034621.58,113943113.77,9000000000,2054,DIRECT,listing,metraj_all,3
06260d0d-25a3-bd66-7430-3ce76cff05a5,273014:9,9,منطقه 9,MUNICIPAL_AREA,2026-05-22,1405-03,303,خرداد - 1405,95555555.56,95521820.96,76470588.24,120291885.38,9500000000,3119,DIRECT,listing,metraj_all,3
06260d0d-25a3-bd66-7430-3ce76cff05a5,273014:9,9,منطقه 9,MUNICIPAL_AREA,2026-06-22,1405-04,304,تیر - 1405,97154761.91,97132019.5,77829163.25,123221917.81,9480000000,3136,DIRECT,listing,metraj_all,3
06260d0d-25a3-bd66-7430-3ce76cff05a5,273014:9,9,منطقه 9,MUNICIPAL_AREA,2026-07-23,1405-05,305,مرداد - 1405,109581181.87,109534194.36,84775980.92,133969155.85,11000000000,2980,DIRECT,listing,metraj_all,3
9e5426b1-520b-2eed-ff42-41be702b4c36,273014:10,10,منطقه 10,MUNICIPAL_AREA,2022-07-23,1401-05,257,مرداد - 1401,9166666.67,16109093.01,8750000,9583333.33,525000000,2,MODELED,listing,metraj_all,3
9e5426b1-520b-2eed-ff42-41be702b4c36,273014:10,10,منطقه 10,MUNICIPAL_AREA,2022-08-23,1401-06,258,شهریور - 1401,9500000,16037524.3,8916666.67,9750000,550000000,3,MODELED,listing,metraj_all,3
9e5426b1-520b-2eed-ff42-41be702b4c36,273014:10,10,منطقه 10,MUNICIPAL_AREA,2022-09-23,1401-07,259,مهر - 1401,9500000,16110784.87,8916666.67,9750000,550000000,3,MODELED,listing,metraj_all,3
9e5426b1-520b-2eed-ff42-41be702b4c36,273014:10,10,منطقه 10,MUNICIPAL_AREA,2022-10-23,1401-08,260,آبان - 1401,9500000,17766570.98,9500000,9500000,855000000,1,MODELED,listing,metraj_all,3
9e5426b1-520b-2eed-ff42-41be702b4c36,273014:10,10,منطقه 10,MUNICIPAL_AREA,2022-11-22,1401-09,261,آذر - 1401,17362500,18551854.53,14181818.18,22000000,1750000000,33,DIRECT,listing,metraj_all,3
9e5426b1-520b-2eed-ff42-41be702b4c36,273014:10,10,منطقه 10,MUNICIPAL_AREA,2022-12-22,1401-10,262,دی - 1401,17847368.42,18222564.73,14493644.07,20683908.05,1700000000,114,DIRECT,listing,metraj_all,3
9e5426b1-520b-2eed-ff42-41be702b4c36,273014:10,10,منطقه 10,MUNICIPAL_AREA,2023-01-21,1401-11,263,بهمن - 1401,20263975.16,20427823.88,17353445.51,24000000,2000000000,314,DIRECT,listing,metraj_all,3
9e5426b1-520b-2eed-ff42-41be702b4c36,273014:10,10,منطقه 10,MUNICIPAL_AREA,2023-02-20,1401-12,264,اسفند - 1401,21428571.43,21574869.8,18500000,25000000,2160000000,405,DIRECT,listing,metraj_all,3
9e5426b1-520b-2eed-ff42-41be702b4c36,273014:10,10,منطقه 10,MUNICIPAL_AREA,2023-03-21,1402-01,265,فروردین - 1402,22500000,22677054.15,20000000,25517241.38,2300000000,325,DIRECT,listing,metraj_all,3
9e5426b1-520b-2eed-ff42-41be702b4c36,273014:10,10,منطقه 10,MUNICIPAL_AREA,2023-04-21,1402-02,266,اردیبهشت - 1402,27007299.27,27189363.45,23846153.85,31000000,2600000000,429,DIRECT,listing,metraj_all,3
9e5426b1-520b-2eed-ff42-41be702b4c36,273014:10,10,منطقه 10,MUNICIPAL_AREA,2023-05-22,1402-03,267,خرداد - 1402,28256940.81,28404010.84,25547126.75,31955897.05,2660000000,578,DIRECT,listing,metraj_all,3
9e5426b1-520b-2eed-ff42-41be702b4c36,273014:10,10,منطقه 10,MUNICIPAL_AREA,2023-06-22,1402-04,268,تیر - 1402,28225806.45,28321208.2,25347826.09,31957281.85,2600000000,843,DIRECT,listing,metraj_all,3
9e5426b1-520b-2eed-ff42-41be702b4c36,273014:10,10,منطقه 10,MUNICIPAL_AREA,2023-07-23,1402-05,269,مرداد - 1402,28393734.65,28477146.44,25510204.08,32000000,2550000000,782,DIRECT,listing,metraj_all,3
9e5426b1-520b-2eed-ff42-41be702b4c36,273014:10,10,منطقه 10,MUNICIPAL_AREA,2023-08-23,1402-06,270,شهریور - 1402,28000000,28073042.64,25000000,31818181.82,2480000000,740,DIRECT,listing,metraj_all,3
9e5426b1-520b-2eed-ff42-41be702b4c36,273014:10,10,منطقه 10,MUNICIPAL_AREA,2023-09-23,1402-07,271,مهر - 1402,27500000,27571826.11,24404424.28,31250000,2375000000,635,DIRECT,listing,metraj_all,3
9e5426b1-520b-2eed-ff42-41be702b4c36,273014:10,10,منطقه 10,MUNICIPAL_AREA,2023-10-23,1402-08,272,آبان - 1402,27000000,27087786.5,23632784.54,30614427.87,2200000000,516,DIRECT,listing,metraj_all,3
9e5426b1-520b-2eed-ff42-41be702b4c36,273014:10,10,منطقه 10,MUNICIPAL_AREA,2023-11-22,1402-09,273,آذر - 1402,26309198.55,26441248.56,22991379.31,30072815.54,2140000000,386,DIRECT,listing,metraj_all,3
9e5426b1-520b-2eed-ff42-41be702b4c36,273014:10,10,منطقه 10,MUNICIPAL_AREA,2023-12-22,1402-10,274,دی - 1402,26349980.87,26496840.5,23245155.99,30000000,2150000000,330,DIRECT,listing,metraj_all,3
9e5426b1-520b-2eed-ff42-41be702b4c36,273014:10,10,منطقه 10,MUNICIPAL_AREA,2024-01-21,1402-11,275,بهمن - 1402,26195734.96,26374521.04,23260467.98,30570175.44,2280000000,296,DIRECT,listing,metraj_all,3
9e5426b1-520b-2eed-ff42-41be702b4c36,273014:10,10,منطقه 10,MUNICIPAL_AREA,2024-02-20,1402-12,276,اسفند - 1402,27041666.67,27217074.97,23799367.09,31000000,2350000000,260,DIRECT,listing,metraj_all,3
9e5426b1-520b-2eed-ff42-41be702b4c36,273014:10,10,منطقه 10,MUNICIPAL_AREA,2024-03-20,1403-01,277,فروردین - 1403,28093058.74,28234843.34,24861111.11,33103448.28,2474250000,326,DIRECT,listing,metraj_all,3
9e5426b1-520b-2eed-ff42-41be702b4c36,273014:10,10,منطقه 10,MUNICIPAL_AREA,2024-04-20,1403-02,278,اردیبهشت - 1403,30064102.57,30122694.64,25500000,36131778.06,2586500000,730,DIRECT,listing,metraj_all,3
9e5426b1-520b-2eed-ff42-41be702b4c36,273014:10,10,منطقه 10,MUNICIPAL_AREA,2024-05-21,1403-03,279,خرداد - 1403,30799869.62,30843714.92,26000000,37086693.55,2650000000,964,DIRECT,listing,metraj_all,3
9e5426b1-520b-2eed-ff42-41be702b4c36,273014:10,10,منطقه 10,MUNICIPAL_AREA,2024-06-21,1403-04,280,تیر - 1403,31622807.02,31659729.19,26726890.75,38000000,2786500000,1010,DIRECT,listing,metraj_all,3
9e5426b1-520b-2eed-ff42-41be702b4c36,273014:10,10,منطقه 10,MUNICIPAL_AREA,2024-07-22,1403-05,281,مرداد - 1403,32269383.14,32322208.35,27375000,38672268.91,2920000000,570,DIRECT,listing,metraj_all,3
9e5426b1-520b-2eed-ff42-41be702b4c36,273014:10,10,منطقه 10,MUNICIPAL_AREA,2024-08-22,1403-06,282,شهریور - 1403,33500000,33557165.07,28535714.29,40634615.39,3190000000,271,DIRECT,listing,metraj_all,3
9e5426b1-520b-2eed-ff42-41be702b4c36,273014:10,10,منطقه 10,MUNICIPAL_AREA,2024-09-22,1403-07,283,مهر - 1403,34483333.34,34633277.96,28666666.67,43194600.67,3900000000,54,DIRECT,listing,metraj_all,3
9e5426b1-520b-2eed-ff42-41be702b4c36,273014:10,10,منطقه 10,MUNICIPAL_AREA,2024-11-21,1403-09,285,آذر - 1403,30158730.16,30370559.06,27192684.77,33755342.9,2860000000,255,DIRECT,listing,metraj_all,3
9e5426b1-520b-2eed-ff42-41be702b4c36,273014:10,10,منطقه 10,MUNICIPAL_AREA,2024-12-21,1403-10,286,دی - 1403,30153991.95,30274770.42,27331002.33,34803704.94,2800000000,508,DIRECT,listing,metraj_all,3
9e5426b1-520b-2eed-ff42-41be702b4c36,273014:10,10,منطقه 10,MUNICIPAL_AREA,2025-01-20,1403-11,287,بهمن - 1403,30782343.39,30849889.07,27777777.78,36000000,2920000000,892,DIRECT,listing,metraj_all,3
9e5426b1-520b-2eed-ff42-41be702b4c36,273014:10,10,منطقه 10,MUNICIPAL_AREA,2025-02-19,1403-12,288,اسفند - 1403,30978000.96,31050146.61,28000000,36548407.16,2950000128,894,DIRECT,listing,metraj_all,3
9e5426b1-520b-2eed-ff42-41be702b4c36,273014:10,10,منطقه 10,MUNICIPAL_AREA,2025-03-21,1404-01,289,فروردین - 1404,31219059.15,31311258.29,28491580.1,36980768.17,2950000128,758,DIRECT,listing,metraj_all,3
9e5426b1-520b-2eed-ff42-41be702b4c36,273014:10,10,منطقه 10,MUNICIPAL_AREA,2025-04-21,1404-02,290,اردیبهشت - 1404,31818181.82,31885856.08,25000000,39442161.54,2750000128,1199,DIRECT,listing,metraj_all,3
9e5426b1-520b-2eed-ff42-41be702b4c36,273014:10,10,منطقه 10,MUNICIPAL_AREA,2025-05-22,1404-03,291,خرداد - 1404,31666666.67,31718786.47,22222222.22,41000000,2700000000,1731,DIRECT,listing,metraj_all,3
9e5426b1-520b-2eed-ff42-41be702b4c36,273014:10,10,منطقه 10,MUNICIPAL_AREA,2025-06-22,1404-04,292,تیر - 1404,31142857.14,31178662.87,21221445.22,41000000,2650000000,2503,DIRECT,listing,metraj_all,3
9e5426b1-520b-2eed-ff42-41be702b4c36,273014:10,10,منطقه 10,MUNICIPAL_AREA,2025-07-23,1404-05,293,مرداد - 1404,30389873.42,30438225.85,20830882.35,40796186.89,2600000000,2076,DIRECT,listing,metraj_all,3
9e5426b1-520b-2eed-ff42-41be702b4c36,273014:10,10,منطقه 10,MUNICIPAL_AREA,2025-08-23,1404-06,294,شهریور - 1404,30714285.71,30797100.98,20529824.56,41306818.18,2600000000,1343,DIRECT,listing,metraj_all,3
9e5426b1-520b-2eed-ff42-41be702b4c36,273014:10,10,منطقه 10,MUNICIPAL_AREA,2025-09-23,1404-07,295,مهر - 1404,33333333.33,33559617.9,21875000,44696969.7,2700000000,493,DIRECT,listing,metraj_all,3
9e5426b1-520b-2eed-ff42-41be702b4c36,273014:10,10,منطقه 10,MUNICIPAL_AREA,2025-10-23,1404-08,296,آبان - 1404,45901639.34,45960038.39,39726027.4,53333333.33,3800000000,121,DIRECT,listing,metraj_all,3
9e5426b1-520b-2eed-ff42-41be702b4c36,273014:10,10,منطقه 10,MUNICIPAL_AREA,2025-11-22,1404-09,297,آذر - 1404,50140845.07,49968257.17,40900641.02,56565934.07,5245000000,84,DIRECT,listing,metraj_all,3
9e5426b1-520b-2eed-ff42-41be702b4c36,273014:10,10,منطقه 10,MUNICIPAL_AREA,2025-12-22,1404-10,298,دی - 1404,50000000,50000000.04,42068965.52,58000000,5500000000,57,DIRECT,listing,metraj_all,3
9e5426b1-520b-2eed-ff42-41be702b4c36,273014:10,10,منطقه 10,MUNICIPAL_AREA,2026-01-21,1404-11,299,بهمن - 1404,53846153.85,53876319.81,42727272.73,65384615.38,5900000000,41,DIRECT,listing,metraj_all,3
9e5426b1-520b-2eed-ff42-41be702b4c36,273014:10,10,منطقه 10,MUNICIPAL_AREA,2026-02-20,1404-12,300,اسفند - 1404,52897102.9,54145854.26,44127764.13,64893412.34,6600000000,24,MODELED,listing,metraj_all,3
9e5426b1-520b-2eed-ff42-41be702b4c36,273014:10,10,منطقه 10,MUNICIPAL_AREA,2026-03-21,1405-01,301,فروردین - 1405,56256410.26,59066239.51,49379238.4,77781766.65,6950000000,14,MODELED,listing,metraj_all,3
9e5426b1-520b-2eed-ff42-41be702b4c36,273014:10,10,منطقه 10,MUNICIPAL_AREA,2026-04-21,1405-02,302,اردیبهشت - 1405,84745762.71,79825269.64,80645161.29,100000000,12500000000,9,MODELED,listing,metraj_all,3
9e5426b1-520b-2eed-ff42-41be702b4c36,273014:10,10,منطقه 10,MUNICIPAL_AREA,2026-05-22,1405-03,303,خرداد - 1405,94594594.59,88950715.61,83468771.77,110000000,13800000000,7,MODELED,listing,metraj_all,3
9e5426b1-520b-2eed-ff42-41be702b4c36,273014:10,10,منطقه 10,MUNICIPAL_AREA,2026-06-22,1405-04,304,تیر - 1405,94594594.59,91531531.81,84745762.71,100000000,14500000000,5,MODELED,listing,metraj_all,3
b807b3d3-49ab-5f09-cf9a-3baf86a1af55,273014:11,11,منطقه 11,MUNICIPAL_AREA,2022-11-22,1401-09,261,آذر - 1401,28350515.46,24895344.31,23353846.16,30086206.9,2580000000,7,MODELED,listing,metraj_all,3
b807b3d3-49ab-5f09-cf9a-3baf86a1af55,273014:11,11,منطقه 11,MUNICIPAL_AREA,2022-12-22,1401-10,262,دی - 1401,23500000,23277733.94,19037467.7,30000000,2050000000,35,DIRECT,listing,metraj_all,3
b807b3d3-49ab-5f09-cf9a-3baf86a1af55,273014:11,11,منطقه 11,MUNICIPAL_AREA,2023-01-21,1401-11,263,بهمن - 1401,27182795.7,27046344.68,20000000,31840909.09,2452500000,108,DIRECT,listing,metraj_all,3
b807b3d3-49ab-5f09-cf9a-3baf86a1af55,273014:11,11,منطقه 11,MUNICIPAL_AREA,2023-02-20,1401-12,264,اسفند - 1401,28888888.89,28799280.18,21610169.49,34579439.25,2550000000,145,DIRECT,listing,metraj_all,3
b807b3d3-49ab-5f09-cf9a-3baf86a1af55,273014:11,11,منطقه 11,MUNICIPAL_AREA,2023-03-21,1402-01,265,فروردین - 1402,30000000,29877446.41,23600000,34970930.23,2625000000,118,DIRECT,listing,metraj_all,3
b807b3d3-49ab-5f09-cf9a-3baf86a1af55,273014:11,11,منطقه 11,MUNICIPAL_AREA,2023-04-21,1402-02,266,اردیبهشت - 1402,35355392.16,35337618.39,29352941.18,43057692.31,3072000000,190,DIRECT,listing,metraj_all,3
b807b3d3-49ab-5f09-cf9a-3baf86a1af55,273014:11,11,منطقه 11,MUNICIPAL_AREA,2023-05-22,1402-03,267,خرداد - 1402,36075949.37,36104824.25,30000000,45000000,3069000000,277,DIRECT,listing,metraj_all,3
b807b3d3-49ab-5f09-cf9a-3baf86a1af55,273014:11,11,منطقه 11,MUNICIPAL_AREA,2023-06-22,1402-04,268,تیر - 1402,36363636.36,36363634.92,29304422.5,45000000,3069000000,411,DIRECT,listing,metraj_all,3
b807b3d3-49ab-5f09-cf9a-3baf86a1af55,273014:11,11,منطقه 11,MUNICIPAL_AREA,2023-07-23,1402-05,269,مرداد - 1402,37500000,37437654.57,28192934.79,45000000,3100000000,391,DIRECT,listing,metraj_all,3
b807b3d3-49ab-5f09-cf9a-3baf86a1af55,273014:11,11,منطقه 11,MUNICIPAL_AREA,2023-08-23,1402-06,270,شهریور - 1402,36800331.86,36708050.36,26765015.81,44027093.6,3000000000,350,DIRECT,listing,metraj_all,3
b807b3d3-49ab-5f09-cf9a-3baf86a1af55,273014:11,11,منطقه 11,MUNICIPAL_AREA,2023-09-23,1402-07,271,مهر - 1402,35869565.22,35754587.34,25000000,43538899.43,3000000000,315,DIRECT,listing,metraj_all,3
b807b3d3-49ab-5f09-cf9a-3baf86a1af55,273014:11,11,منطقه 11,MUNICIPAL_AREA,2023-10-23,1402-08,272,آبان - 1402,35294117.65,35190260.37,25000000,43629807.69,2968500000,344,DIRECT,listing,metraj_all,3
b807b3d3-49ab-5f09-cf9a-3baf86a1af55,273014:11,11,منطقه 11,MUNICIPAL_AREA,2023-11-22,1402-09,273,آذر - 1402,36666666.67,36546846.86,26676829.27,43984848.49,3000000000,418,DIRECT,listing,metraj_all,3
b807b3d3-49ab-5f09-cf9a-3baf86a1af55,273014:11,11,منطقه 11,MUNICIPAL_AREA,2023-12-22,1402-10,274,دی - 1402,38461538.46,38320020.96,29166666.67,45000000,3100000000,493,DIRECT,listing,metraj_all,3
b807b3d3-49ab-5f09-cf9a-3baf86a1af55,273014:11,11,منطقه 11,MUNICIPAL_AREA,2024-01-21,1402-11,275,بهمن - 1402,38983050.85,38848803.84,30120481.93,45000000,3300000000,535,DIRECT,listing,metraj_all,3
b807b3d3-49ab-5f09-cf9a-3baf86a1af55,273014:11,11,منطقه 11,MUNICIPAL_AREA,2024-02-20,1402-12,276,اسفند - 1402,39814814.81,39653102.05,31250000,45000000,3300000000,487,DIRECT,listing,metraj_all,3
b807b3d3-49ab-5f09-cf9a-3baf86a1af55,273014:11,11,منطقه 11,MUNICIPAL_AREA,2024-03-20,1403-01,277,فروردین - 1403,40000000,39852417.79,30935254.39,45000000,3317500000,474,DIRECT,listing,metraj_all,3
b807b3d3-49ab-5f09-cf9a-3baf86a1af55,273014:11,11,منطقه 11,MUNICIPAL_AREA,2024-04-20,1403-02,278,اردیبهشت - 1403,40243902.44,40139731.55,30725524.48,46628787.88,3450000000,551,DIRECT,listing,metraj_all,3
b807b3d3-49ab-5f09-cf9a-3baf86a1af55,273014:11,11,منطقه 11,MUNICIPAL_AREA,2024-05-21,1403-03,279,خرداد - 1403,40625000,40544731.24,31225490.2,47165103.09,3500000000,682,DIRECT,listing,metraj_all,3
b807b3d3-49ab-5f09-cf9a-3baf86a1af55,273014:11,11,منطقه 11,MUNICIPAL_AREA,2024-06-21,1403-04,280,تیر - 1403,40000000,39939486.45,30483041.16,47278869.78,3350000000,752,DIRECT,listing,metraj_all,3
b807b3d3-49ab-5f09-cf9a-3baf86a1af55,273014:11,11,منطقه 11,MUNICIPAL_AREA,2024-07-22,1403-05,281,مرداد - 1403,39252336.45,39181975.75,30000000,47285012.29,3200000000,547,DIRECT,listing,metraj_all,3
b807b3d3-49ab-5f09-cf9a-3baf86a1af55,273014:11,11,منطقه 11,MUNICIPAL_AREA,2024-08-22,1403-06,282,شهریور - 1403,37750000,37664720.59,28571428.57,46955838.88,3035500000,300,DIRECT,listing,metraj_all,3
b807b3d3-49ab-5f09-cf9a-3baf86a1af55,273014:11,11,منطقه 11,MUNICIPAL_AREA,2024-09-22,1403-07,283,مهر - 1403,37500000,37236279.35,26352941.18,46973800.51,3150000000,68,DIRECT,listing,metraj_all,3
b807b3d3-49ab-5f09-cf9a-3baf86a1af55,273014:11,11,منطقه 11,MUNICIPAL_AREA,2024-11-21,1403-09,285,آذر - 1403,42592593.54,42207260.34,30000000.44,47185325.75,3500000000,167,DIRECT,listing,metraj_all,3
b807b3d3-49ab-5f09-cf9a-3baf86a1af55,273014:11,11,منطقه 11,MUNICIPAL_AREA,2024-12-21,1403-10,286,دی - 1403,40000000,39902454.25,28333333.33,47530737.18,3325000064,358,DIRECT,listing,metraj_all,3
b807b3d3-49ab-5f09-cf9a-3baf86a1af55,273014:11,11,منطقه 11,MUNICIPAL_AREA,2025-01-20,1403-11,287,بهمن - 1403,40000000,39951094.9,28333333.33,47191011.24,3300000000,629,DIRECT,listing,metraj_all,3
b807b3d3-49ab-5f09-cf9a-3baf86a1af55,273014:11,11,منطقه 11,MUNICIPAL_AREA,2025-02-19,1403-12,288,اسفند - 1403,39583333.33,39548783.31,28000000,47572813.05,3255000064,593,DIRECT,listing,metraj_all,3
b807b3d3-49ab-5f09-cf9a-3baf86a1af55,273014:11,11,منطقه 11,MUNICIPAL_AREA,2025-03-21,1404-01,289,فروردین - 1404,40000000,39966600.25,27959111.26,47860190.16,3329999872,499,DIRECT,listing,metraj_all,3
b807b3d3-49ab-5f09-cf9a-3baf86a1af55,273014:11,11,منطقه 11,MUNICIPAL_AREA,2025-04-21,1404-02,290,اردیبهشت - 1404,40000000,40000000,27153259.36,49999997.87,3400000000,474,DIRECT,listing,metraj_all,3
b807b3d3-49ab-5f09-cf9a-3baf86a1af55,273014:11,11,منطقه 11,MUNICIPAL_AREA,2025-05-22,1404-03,291,خرداد - 1404,38799283.16,38833106.17,27153055.4,50000000,3294999936,564,DIRECT,listing,metraj_all,3
b807b3d3-49ab-5f09-cf9a-3baf86a1af55,273014:11,11,منطقه 11,MUNICIPAL_AREA,2025-06-22,1404-04,292,تیر - 1404,37567204.3,37604288.36,25000000,49022727.27,3200000000,684,DIRECT,listing,metraj_all,3
b807b3d3-49ab-5f09-cf9a-3baf86a1af55,273014:11,11,منطقه 11,MUNICIPAL_AREA,2025-07-23,1404-05,293,مرداد - 1404,37058823.53,37109905.25,24007874.02,48944444.45,3000000000,659,DIRECT,listing,metraj_all,3
b807b3d3-49ab-5f09-cf9a-3baf86a1af55,273014:11,11,منطقه 11,MUNICIPAL_AREA,2025-08-23,1404-06,294,شهریور - 1404,36144578.31,36231940.09,23431372.55,48245614.04,3000000000,651,DIRECT,listing,metraj_all,3
b807b3d3-49ab-5f09-cf9a-3baf86a1af55,273014:11,11,منطقه 11,MUNICIPAL_AREA,2025-09-23,1404-07,295,مهر - 1404,35882352.94,36008720.53,24705882.35,50000000,3000000000,689,DIRECT,listing,metraj_all,3
b807b3d3-49ab-5f09-cf9a-3baf86a1af55,273014:11,11,منطقه 11,MUNICIPAL_AREA,2025-10-23,1404-08,296,آبان - 1404,35955056.18,36088784.15,25040909.09,49528592.83,3000000000,791,DIRECT,listing,metraj_all,3
b807b3d3-49ab-5f09-cf9a-3baf86a1af55,273014:11,11,منطقه 11,MUNICIPAL_AREA,2025-11-22,1404-09,297,آذر - 1404,36470588.24,36609549.38,25238095.24,50000000,3000000000,857,DIRECT,listing,metraj_all,3
b807b3d3-49ab-5f09-cf9a-3baf86a1af55,273014:11,11,منطقه 11,MUNICIPAL_AREA,2025-12-22,1404-10,298,دی - 1404,37987341.77,38127676.57,26690140.85,50000000,3056500000,846,DIRECT,listing,metraj_all,3
b807b3d3-49ab-5f09-cf9a-3baf86a1af55,273014:11,11,منطقه 11,MUNICIPAL_AREA,2026-01-21,1404-11,299,بهمن - 1404,40633528.27,40777253.78,27272727.27,55000000,3500000000,920,DIRECT,listing,metraj_all,3
b807b3d3-49ab-5f09-cf9a-3baf86a1af55,273014:11,11,منطقه 11,MUNICIPAL_AREA,2026-02-20,1404-12,300,اسفند - 1404,42000000,42204633.21,28058823.53,59355811.4,3700000000,730,DIRECT,listing,metraj_all,3
b807b3d3-49ab-5f09-cf9a-3baf86a1af55,273014:11,11,منطقه 11,MUNICIPAL_AREA,2026-03-21,1405-01,301,فروردین - 1405,43577981.65,43949339.56,28000000,62142857.14,4000000000,513,DIRECT,listing,metraj_all,3
b807b3d3-49ab-5f09-cf9a-3baf86a1af55,273014:11,11,منطقه 11,MUNICIPAL_AREA,2026-04-21,1405-02,302,اردیبهشت - 1405,56048780.49,56456967.1,36666666.67,80000000,5400000000,464,DIRECT,listing,metraj_all,3
b807b3d3-49ab-5f09-cf9a-3baf86a1af55,273014:11,11,منطقه 11,MUNICIPAL_AREA,2026-05-22,1405-03,303,خرداد - 1405,69058344.06,69239088.46,44989782.02,92708071.41,6160000000,872,DIRECT,listing,metraj_all,3
b807b3d3-49ab-5f09-cf9a-3baf86a1af55,273014:11,11,منطقه 11,MUNICIPAL_AREA,2026-06-22,1405-04,304,تیر - 1405,70000000,70201612.91,45000000,93275862.07,6200000000,982,DIRECT,listing,metraj_all,3
b807b3d3-49ab-5f09-cf9a-3baf86a1af55,273014:11,11,منطقه 11,MUNICIPAL_AREA,2026-07-23,1405-05,305,مرداد - 1405,77211538.46,77467409.65,48735380.12,96000000,6350000000,706,DIRECT,listing,metraj_all,3
f5065322-d58a-5d9f-22ee-8781ba0b22a8,273014:12,12,منطقه 12,MUNICIPAL_AREA,2021-08-23,1400-06,246,شهریور - 1400,23880597.01,12160236.48,23880597.01,23880597.01,1600000000,1,MODELED,listing,metraj_all,3
f5065322-d58a-5d9f-22ee-8781ba0b22a8,273014:12,12,منطقه 12,MUNICIPAL_AREA,2021-09-23,1400-07,247,مهر - 1400,23880597.01,12085371.96,23880597.01,23880597.01,1600000000,1,MODELED,listing,metraj_all,3
f5065322-d58a-5d9f-22ee-8781ba0b22a8,273014:12,12,منطقه 12,MUNICIPAL_AREA,2021-10-23,1400-08,248,آبان - 1400,23880597.01,14903400.63,23880597.01,23880597.01,1600000000,1,MODELED,listing,metraj_all,3
f5065322-d58a-5d9f-22ee-8781ba0b22a8,273014:12,12,منطقه 12,MUNICIPAL_AREA,2022-11-22,1401-09,261,آذر - 1401,20000000,20266314.46,14560201.88,24037037.04,2247000000,83,DIRECT,listing,metraj_all,3
f5065322-d58a-5d9f-22ee-8781ba0b22a8,273014:12,12,منطقه 12,MUNICIPAL_AREA,2022-12-22,1401-10,262,دی - 1401,20000000,20065957.86,14264705.88,25000000,2000000000,369,DIRECT,listing,metraj_all,3
f5065322-d58a-5d9f-22ee-8781ba0b22a8,273014:12,12,منطقه 12,MUNICIPAL_AREA,2023-01-21,1401-11,263,بهمن - 1401,22500000,22524900.11,17102451.64,26666666.67,2350000000,1224,DIRECT,listing,metraj_all,3
f5065322-d58a-5d9f-22ee-8781ba0b22a8,273014:12,12,منطقه 12,MUNICIPAL_AREA,2023-02-20,1401-12,264,اسفند - 1401,23518518.52,23542989.54,17910447.76,28481012.66,2500000000,1617,DIRECT,listing,metraj_all,3
f5065322-d58a-5d9f-22ee-8781ba0b22a8,273014:12,12,منطقه 12,MUNICIPAL_AREA,2023-03-21,1402-01,265,فروردین - 1402,24000000,24032995.64,18750000,29113924.05,2550000000,1333,DIRECT,listing,metraj_all,3
f5065322-d58a-5d9f-22ee-8781ba0b22a8,273014:12,12,منطقه 12,MUNICIPAL_AREA,2023-04-21,1402-02,266,اردیبهشت - 1402,29866666.67,29895521.36,23437500,37500000,3100000000,1769,DIRECT,listing,metraj_all,3
f5065322-d58a-5d9f-22ee-8781ba0b22a8,273014:12,12,منطقه 12,MUNICIPAL_AREA,2023-05-22,1402-03,267,خرداد - 1402,32000000,32019378.34,25242718.45,40000000,3200000000,2521,DIRECT,listing,metraj_all,3
f5065322-d58a-5d9f-22ee-8781ba0b22a8,273014:12,12,منطقه 12,MUNICIPAL_AREA,2023-06-22,1402-04,268,تیر - 1402,32173913.04,32185130.34,25000000,40000000,3150000000,3725,DIRECT,listing,metraj_all,3
f5065322-d58a-5d9f-22ee-8781ba0b22a8,273014:12,12,منطقه 12,MUNICIPAL_AREA,2023-07-23,1402-05,269,مرداد - 1402,32098765.43,32107123.78,25000000,39495327.1,3000000000,3461,DIRECT,listing,metraj_all,3
f5065322-d58a-5d9f-22ee-8781ba0b22a8,273014:12,12,منطقه 12,MUNICIPAL_AREA,2023-08-23,1402-06,270,شهریور - 1402,31521739.13,31527963.94,24000000,38235294.12,2900000000,3133,DIRECT,listing,metraj_all,3
f5065322-d58a-5d9f-22ee-8781ba0b22a8,273014:12,12,منطقه 12,MUNICIPAL_AREA,2023-09-23,1402-07,271,مهر - 1402,30978260.87,30982241.98,23882669.98,37523148.15,2800000000,2890,DIRECT,listing,metraj_all,3
f5065322-d58a-5d9f-22ee-8781ba0b22a8,273014:12,12,منطقه 12,MUNICIPAL_AREA,2023-10-23,1402-08,272,آبان - 1402,31428571.43,31429212.32,23640701.98,38000000,2800000000,2939,DIRECT,listing,metraj_all,3
f5065322-d58a-5d9f-22ee-8781ba0b22a8,273014:12,12,منطقه 12,MUNICIPAL_AREA,2023-11-22,1402-09,273,آذر - 1402,32673267.33,32669631.03,25000000,38315602.84,2900000000,3111,DIRECT,listing,metraj_all,3
f5065322-d58a-5d9f-22ee-8781ba0b22a8,273014:12,12,منطقه 12,MUNICIPAL_AREA,2023-12-22,1402-10,274,دی - 1402,33529411.76,33523206.24,26020408.16,39600000,3060000000,3513,DIRECT,listing,metraj_all,3
f5065322-d58a-5d9f-22ee-8781ba0b22a8,273014:12,12,منطقه 12,MUNICIPAL_AREA,2024-01-21,1402-11,275,بهمن - 1402,34615384.62,34607864.1,27842023.17,40000000,3200000000,3911,DIRECT,listing,metraj_all,3
f5065322-d58a-5d9f-22ee-8781ba0b22a8,273014:12,12,منطقه 12,MUNICIPAL_AREA,2024-02-20,1402-12,276,اسفند - 1402,35000000,34991257.98,28000000,41077544.03,3250000000,3676,DIRECT,listing,metraj_all,3
f5065322-d58a-5d9f-22ee-8781ba0b22a8,273014:12,12,منطقه 12,MUNICIPAL_AREA,2024-03-20,1403-01,277,فروردین - 1403,36082474.23,36072691.24,29000000,42857142.86,3400000000,3287,DIRECT,listing,metraj_all,3
f5065322-d58a-5d9f-22ee-8781ba0b22a8,273014:12,12,منطقه 12,MUNICIPAL_AREA,2024-04-20,1403-02,278,اردیبهشت - 1403,39043809.53,39030995.25,30776198.44,45000000,3700000000,3614,DIRECT,listing,metraj_all,3
f5065322-d58a-5d9f-22ee-8781ba0b22a8,273014:12,12,منطقه 12,MUNICIPAL_AREA,2024-05-21,1403-03,279,خرداد - 1403,40000000,39988260.07,32000000,45000000,3750000000,4189,DIRECT,listing,metraj_all,3
f5065322-d58a-5d9f-22ee-8781ba0b22a8,273014:12,12,منطقه 12,MUNICIPAL_AREA,2024-06-21,1403-04,280,تیر - 1403,40000000,39990292.35,32754806.23,45000000,3700000000,4740,DIRECT,listing,metraj_all,3
f5065322-d58a-5d9f-22ee-8781ba0b22a8,273014:12,12,منطقه 12,MUNICIPAL_AREA,2024-07-22,1403-05,281,مرداد - 1403,40000000,39986217.5,33067612.42,45000000,3700000000,3376,DIRECT,listing,metraj_all,3
f5065322-d58a-5d9f-22ee-8781ba0b22a8,273014:12,12,منطقه 12,MUNICIPAL_AREA,2024-08-22,1403-06,282,شهریور - 1403,40616760.83,40588845.82,34283928.58,45000000,3745000000,1964,DIRECT,listing,metraj_all,3
f5065322-d58a-5d9f-22ee-8781ba0b22a8,273014:12,12,منطقه 12,MUNICIPAL_AREA,2024-09-22,1403-07,283,مهر - 1403,39669421.49,39574870.2,34375000,44000000,3800000000,437,DIRECT,listing,metraj_all,3
f5065322-d58a-5d9f-22ee-8781ba0b22a8,273014:12,12,منطقه 12,MUNICIPAL_AREA,2024-11-21,1403-09,285,آذر - 1403,42000000.37,41962573.66,34090907.15,48360506.21,4024999936,1654,DIRECT,listing,metraj_all,3
f5065322-d58a-5d9f-22ee-8781ba0b22a8,273014:12,12,منطقه 12,MUNICIPAL_AREA,2024-12-21,1403-10,286,دی - 1403,42000000,41985050.33,34000001.71,48275862.07,3995000064,3729,DIRECT,listing,metraj_all,3
f5065322-d58a-5d9f-22ee-8781ba0b22a8,273014:12,12,منطقه 12,MUNICIPAL_AREA,2025-01-20,1403-11,287,بهمن - 1403,42352941.18,42344141.22,34400002.05,48958283.1,4049999872,6215,DIRECT,listing,metraj_all,3
f5065322-d58a-5d9f-22ee-8781ba0b22a8,273014:12,12,منطقه 12,MUNICIPAL_AREA,2025-02-19,1403-12,288,اسفند - 1403,43000000,42991235.01,35074628.78,50000000,4150000128,6265,DIRECT,listing,metraj_all,3
f5065322-d58a-5d9f-22ee-8781ba0b22a8,273014:12,12,منطقه 12,MUNICIPAL_AREA,2025-03-21,1404-01,289,فروردین - 1404,43617021.28,43606670.75,35714285.71,50999998.24,4300000256,5127,DIRECT,listing,metraj_all,3
f5065322-d58a-5d9f-22ee-8781ba0b22a8,273014:12,12,منطقه 12,MUNICIPAL_AREA,2025-04-21,1404-02,290,اردیبهشت - 1404,45043478.26,45033571.6,36333332.48,53697916.67,4499999744,5081,DIRECT,listing,metraj_all,3
f5065322-d58a-5d9f-22ee-8781ba0b22a8,273014:12,12,منطقه 12,MUNICIPAL_AREA,2025-05-22,1404-03,291,خرداد - 1404,45384615.38,45376204.06,36242647.06,54658914.73,4550000000,5511,DIRECT,listing,metraj_all,3
f5065322-d58a-5d9f-22ee-8781ba0b22a8,273014:12,12,منطقه 12,MUNICIPAL_AREA,2025-06-22,1404-04,292,تیر - 1404,45200000,45192312.47,36052987.87,54928205.13,4500000000,6571,DIRECT,listing,metraj_all,3
f5065322-d58a-5d9f-22ee-8781ba0b22a8,273014:12,12,منطقه 12,MUNICIPAL_AREA,2025-07-23,1404-05,293,مرداد - 1404,44800000,44792805.64,35076349.03,54736842.11,4500000000,6000,DIRECT,listing,metraj_all,3
f5065322-d58a-5d9f-22ee-8781ba0b22a8,273014:12,12,منطقه 12,MUNICIPAL_AREA,2025-08-23,1404-06,294,شهریور - 1404,44117647.06,44114233.31,34302325.58,54367303.06,4350000000,6430,DIRECT,listing,metraj_all,3
f5065322-d58a-5d9f-22ee-8781ba0b22a8,273014:12,12,منطقه 12,MUNICIPAL_AREA,2025-09-23,1404-07,295,مهر - 1404,44859813.08,44859624.91,34722222.22,55108375.42,4400000000,7662,DIRECT,listing,metraj_all,3
f5065322-d58a-5d9f-22ee-8781ba0b22a8,273014:12,12,منطقه 12,MUNICIPAL_AREA,2025-10-23,1404-08,296,آبان - 1404,45555555.56,45556754.3,35044732.01,56709857.31,4500000000,9259,DIRECT,listing,metraj_all,3
f5065322-d58a-5d9f-22ee-8781ba0b22a8,273014:12,12,منطقه 12,MUNICIPAL_AREA,2025-11-22,1404-09,297,آذر - 1404,47244094.49,47245289,35844882.28,58620689.66,4590000000,10659,DIRECT,listing,metraj_all,3
f5065322-d58a-5d9f-22ee-8781ba0b22a8,273014:12,12,منطقه 12,MUNICIPAL_AREA,2025-12-22,1404-10,298,دی - 1404,49504950.5,49505412.47,36879550.97,60833333.33,4850000000,10706,DIRECT,listing,metraj_all,3
f5065322-d58a-5d9f-22ee-8781ba0b22a8,273014:12,12,منطقه 12,MUNICIPAL_AREA,2026-01-21,1404-11,299,بهمن - 1404,53738317.76,53738538.87,39166666.67,68000000,5400000000,11825,DIRECT,listing,metraj_all,3
f5065322-d58a-5d9f-22ee-8781ba0b22a8,273014:12,12,منطقه 12,MUNICIPAL_AREA,2026-02-20,1404-12,300,اسفند - 1404,57142857.14,57142857.14,40467491.37,71428571.43,5800000000,9126,DIRECT,listing,metraj_all,3
f5065322-d58a-5d9f-22ee-8781ba0b22a8,273014:12,12,منطقه 12,MUNICIPAL_AREA,2026-03-21,1405-01,301,فروردین - 1405,60000000,60004490.35,41302325.59,75000000,6200000000,6671,DIRECT,listing,metraj_all,3
f5065322-d58a-5d9f-22ee-8781ba0b22a8,273014:12,12,منطقه 12,MUNICIPAL_AREA,2026-04-21,1405-02,302,اردیبهشت - 1405,75000000,75000590.16,48000000,100000000,8000000000,6714,DIRECT,listing,metraj_all,3
f5065322-d58a-5d9f-22ee-8781ba0b22a8,273014:12,12,منطقه 12,MUNICIPAL_AREA,2026-05-22,1405-03,303,خرداد - 1405,89285714.29,89281756.66,59961666.67,110619469.03,9100000000,10819,DIRECT,listing,metraj_all,3
f5065322-d58a-5d9f-22ee-8781ba0b22a8,273014:12,12,منطقه 12,MUNICIPAL_AREA,2026-06-22,1405-04,304,تیر - 1405,91578947.37,91577591.47,63241578.69,113333333.33,9375000000,11635,DIRECT,listing,metraj_all,3
f5065322-d58a-5d9f-22ee-8781ba0b22a8,273014:12,12,منطقه 12,MUNICIPAL_AREA,2026-07-23,1405-05,305,مرداد - 1405,93333333.33,93335862.18,63636363.64,114949204.29,9300000000,8684,DIRECT,listing,metraj_all,3
