area_id,native_key,district_number,area_name_fa,level,date,period_code,period_id,label,price_psm_median_toman,price_psm_smoothed_toman,price_psm_p25_toman,price_psm_p75_toman,price_total_median_toman,sample_size,trust,source,metraj_band,window_months
de0ba416-7d2d-7b0d-ba34-4b1b4ba4f1d2,272895:1,1,منطقه 1,MUNICIPAL_AREA,2021-08-23,1400-06,246,شهریور - 1400,23166666.67,19333297.57,19000000,33779264.22,3025000000,10,MODELED,listing,metraj_all,3
de0ba416-7d2d-7b0d-ba34-4b1b4ba4f1d2,272895:1,1,منطقه 1,MUNICIPAL_AREA,2021-09-23,1400-07,247,مهر - 1400,18823529.41,17514475.81,16666666.67,19187500,2000000000,11,MODELED,listing,metraj_all,3
de0ba416-7d2d-7b0d-ba34-4b1b4ba4f1d2,272895:1,1,منطقه 1,MUNICIPAL_AREA,2021-10-23,1400-08,248,آبان - 1400,18000000,16929924.24,16000000,18617647.06,1790000000,6,MODELED,listing,metraj_all,3
de0ba416-7d2d-7b0d-ba34-4b1b4ba4f1d2,272895:1,1,منطقه 1,MUNICIPAL_AREA,2021-11-22,1400-09,249,آذر - 1400,18000000,17988133.38,18000000,18823529.41,1600000000,5,MODELED,listing,metraj_all,3
de0ba416-7d2d-7b0d-ba34-4b1b4ba4f1d2,272895:1,1,منطقه 1,MUNICIPAL_AREA,2021-12-22,1400-10,250,دی - 1400,23000000,18405597.22,23000000,23000000,4600000000,1,MODELED,listing,metraj_all,3
de0ba416-7d2d-7b0d-ba34-4b1b4ba4f1d2,272895:1,1,منطقه 1,MUNICIPAL_AREA,2022-01-21,1400-11,251,بهمن - 1400,23000000,16656672.65,23000000,23000000,4600000000,1,MODELED,listing,metraj_all,3
de0ba416-7d2d-7b0d-ba34-4b1b4ba4f1d2,272895:1,1,منطقه 1,MUNICIPAL_AREA,2022-02-20,1400-12,252,اسفند - 1400,28500000,17137612.41,25750000,31250000,3150000000,2,MODELED,listing,metraj_all,3
de0ba416-7d2d-7b0d-ba34-4b1b4ba4f1d2,272895:1,1,منطقه 1,MUNICIPAL_AREA,2022-03-21,1401-01,253,فروردین - 1401,27272727.27,24191935.52,25000000,34000000,2100000000,5,MODELED,listing,metraj_all,3
de0ba416-7d2d-7b0d-ba34-4b1b4ba4f1d2,272895:1,1,منطقه 1,MUNICIPAL_AREA,2022-04-21,1401-02,254,اردیبهشت - 1401,27272727.27,28421135.24,25000000,34000000,2100000000,5,MODELED,listing,metraj_all,3
de0ba416-7d2d-7b0d-ba34-4b1b4ba4f1d2,272895:1,1,منطقه 1,MUNICIPAL_AREA,2022-05-22,1401-03,255,خرداد - 1401,26136363.64,28896875.08,23718944.1,29704545.45,2650000000,4,MODELED,listing,metraj_all,3
de0ba416-7d2d-7b0d-ba34-4b1b4ba4f1d2,272895:1,1,منطقه 1,MUNICIPAL_AREA,2022-11-22,1401-09,261,آذر - 1401,32631578.95,30809072.88,25510204.08,45365853.66,3580000000,41,DIRECT,listing,metraj_all,3
de0ba416-7d2d-7b0d-ba34-4b1b4ba4f1d2,272895:1,1,منطقه 1,MUNICIPAL_AREA,2022-12-22,1401-10,262,دی - 1401,32394179.9,32027418.5,25719537.81,42000000,4000000000,250,DIRECT,listing,metraj_all,3
de0ba416-7d2d-7b0d-ba34-4b1b4ba4f1d2,272895:1,1,منطقه 1,MUNICIPAL_AREA,2023-01-21,1401-11,263,بهمن - 1401,36000000,35927242.3,29008064.52,46083470.4,5100000000,1330,DIRECT,listing,metraj_all,3
de0ba416-7d2d-7b0d-ba34-4b1b4ba4f1d2,272895:1,1,منطقه 1,MUNICIPAL_AREA,2023-02-20,1401-12,264,اسفند - 1401,37500000,37452256.13,30000000,50000000,5240000000,1965,DIRECT,listing,metraj_all,3
de0ba416-7d2d-7b0d-ba34-4b1b4ba4f1d2,272895:1,1,منطقه 1,MUNICIPAL_AREA,2023-03-21,1402-01,265,فروردین - 1402,38312724.66,38260884.74,30769230.77,50000000,5400000000,1760,DIRECT,listing,metraj_all,3
de0ba416-7d2d-7b0d-ba34-4b1b4ba4f1d2,272895:1,1,منطقه 1,MUNICIPAL_AREA,2023-04-21,1402-02,266,اردیبهشت - 1402,45000000,44960336.12,36235294.12,60000000,6200000000,2805,DIRECT,listing,metraj_all,3
de0ba416-7d2d-7b0d-ba34-4b1b4ba4f1d2,272895:1,1,منطقه 1,MUNICIPAL_AREA,2023-05-22,1402-03,267,خرداد - 1402,46505813.96,46477352.85,37500000,61136904.76,6050000000,4384,DIRECT,listing,metraj_all,3
de0ba416-7d2d-7b0d-ba34-4b1b4ba4f1d2,272895:1,1,منطقه 1,MUNICIPAL_AREA,2023-06-22,1402-04,268,تیر - 1402,46113807.98,46094809.93,37500000,61111111.11,6000000000,6566,DIRECT,listing,metraj_all,3
de0ba416-7d2d-7b0d-ba34-4b1b4ba4f1d2,272895:1,1,منطقه 1,MUNICIPAL_AREA,2023-07-23,1402-05,269,مرداد - 1402,45833333.33,45813510.45,37500000,60975609.76,5844500000,6464,DIRECT,listing,metraj_all,3
de0ba416-7d2d-7b0d-ba34-4b1b4ba4f1d2,272895:1,1,منطقه 1,MUNICIPAL_AREA,2023-08-23,1402-06,270,شهریور - 1402,45454545.45,45432028.27,37000000,60698802.64,5750000000,5888,DIRECT,listing,metraj_all,3
de0ba416-7d2d-7b0d-ba34-4b1b4ba4f1d2,272895:1,1,منطقه 1,MUNICIPAL_AREA,2023-09-23,1402-07,271,مهر - 1402,45500000,45473396.23,36842105.26,60162982.76,5700000000,5148,DIRECT,listing,metraj_all,3
de0ba416-7d2d-7b0d-ba34-4b1b4ba4f1d2,272895:1,1,منطقه 1,MUNICIPAL_AREA,2023-10-23,1402-08,272,آبان - 1402,45833333.33,45802039.04,36736842.11,60000000,5700000000,4593,DIRECT,listing,metraj_all,3
de0ba416-7d2d-7b0d-ba34-4b1b4ba4f1d2,272895:1,1,منطقه 1,MUNICIPAL_AREA,2023-11-22,1402-09,273,آذر - 1402,45857843.14,45821931.06,36762215.77,60000000,5700000000,3982,DIRECT,listing,metraj_all,3
de0ba416-7d2d-7b0d-ba34-4b1b4ba4f1d2,272895:1,1,منطقه 1,MUNICIPAL_AREA,2023-12-22,1402-10,274,دی - 1402,45625000,45577635.45,36363636.36,60000000,5650000000,2937,DIRECT,listing,metraj_all,3
de0ba416-7d2d-7b0d-ba34-4b1b4ba4f1d2,272895:1,1,منطقه 1,MUNICIPAL_AREA,2024-01-21,1402-11,275,بهمن - 1402,45000000,44912102.79,35945945.95,59666666.67,5500000000,1469,DIRECT,listing,metraj_all,3
de0ba416-7d2d-7b0d-ba34-4b1b4ba4f1d2,272895:1,1,منطقه 1,MUNICIPAL_AREA,2024-02-20,1402-12,276,اسفند - 1402,47500000,47391747.88,38747931.61,63728070.18,6377500000,1222,DIRECT,listing,metraj_all,3
de0ba416-7d2d-7b0d-ba34-4b1b4ba4f1d2,272895:1,1,منطقه 1,MUNICIPAL_AREA,2024-03-20,1403-01,277,فروردین - 1403,48674065.42,48579026.15,39297619.05,64557603.69,6387500000,1534,DIRECT,listing,metraj_all,3
de0ba416-7d2d-7b0d-ba34-4b1b4ba4f1d2,272895:1,1,منطقه 1,MUNICIPAL_AREA,2024-04-20,1403-02,278,اردیبهشت - 1403,48681159.42,48622760.1,39166666.67,64359099.8,6100000000,2558,DIRECT,listing,metraj_all,3
de0ba416-7d2d-7b0d-ba34-4b1b4ba4f1d2,272895:1,1,منطقه 1,MUNICIPAL_AREA,2024-05-21,1403-03,279,خرداد - 1403,48610038.61,48551574.05,38750000,64705882.35,5950000000,2660,DIRECT,listing,metraj_all,3
de0ba416-7d2d-7b0d-ba34-4b1b4ba4f1d2,272895:1,1,منطقه 1,MUNICIPAL_AREA,2024-06-21,1403-04,280,تیر - 1403,49000000,48937960.45,38818181.82,65000000,6000000000,2569,DIRECT,listing,metraj_all,3
de0ba416-7d2d-7b0d-ba34-4b1b4ba4f1d2,272895:1,1,منطقه 1,MUNICIPAL_AREA,2024-07-22,1403-05,281,مرداد - 1403,49000000,48895352.25,38461538.46,65111111.11,6200000000,1545,DIRECT,listing,metraj_all,3
de0ba416-7d2d-7b0d-ba34-4b1b4ba4f1d2,272895:1,1,منطقه 1,MUNICIPAL_AREA,2024-08-22,1403-06,282,شهریور - 1403,49667415.53,49396226.04,38394454.38,65000000,6425000000,622,DIRECT,listing,metraj_all,3
de0ba416-7d2d-7b0d-ba34-4b1b4ba4f1d2,272895:1,1,منطقه 1,MUNICIPAL_AREA,2024-11-21,1403-09,285,آذر - 1403,64999999.34,64803920.93,48484848.48,96666664.96,11000000512,1605,DIRECT,listing,metraj_all,3
de0ba416-7d2d-7b0d-ba34-4b1b4ba4f1d2,272895:1,1,منطقه 1,MUNICIPAL_AREA,2024-12-21,1403-10,286,دی - 1403,64854497.44,64773274.73,48000000,96640624.32,11000000512,3838,DIRECT,listing,metraj_all,3
de0ba416-7d2d-7b0d-ba34-4b1b4ba4f1d2,272895:1,1,منطقه 1,MUNICIPAL_AREA,2025-01-20,1403-11,287,بهمن - 1403,63333335.04,63283654.37,47000002.56,94408862.67,10499999744,5852,DIRECT,listing,metraj_all,3
de0ba416-7d2d-7b0d-ba34-4b1b4ba4f1d2,272895:1,1,منطقه 1,MUNICIPAL_AREA,2025-02-19,1403-12,288,اسفند - 1403,63435165.76,63389988.41,47222224.59,93333333.33,10400000000,6236,DIRECT,listing,metraj_all,3
de0ba416-7d2d-7b0d-ba34-4b1b4ba4f1d2,272895:1,1,منطقه 1,MUNICIPAL_AREA,2025-03-21,1404-01,289,فروردین - 1404,64957140.06,64902625.96,48091605.01,95000002.56,10675000320,5230,DIRECT,listing,metraj_all,3
de0ba416-7d2d-7b0d-ba34-4b1b4ba4f1d2,272895:1,1,منطقه 1,MUNICIPAL_AREA,2025-04-21,1404-02,290,اردیبهشت - 1404,68750003.2,68691018.35,50000000,98148147.2,11500000256,5134,DIRECT,listing,metraj_all,3
de0ba416-7d2d-7b0d-ba34-4b1b4ba4f1d2,272895:1,1,منطقه 1,MUNICIPAL_AREA,2025-05-22,1404-03,291,خرداد - 1404,70000000,69936859.14,50863354.04,100000000,12000000000,4879,DIRECT,listing,metraj_all,3
de0ba416-7d2d-7b0d-ba34-4b1b4ba4f1d2,272895:1,1,منطقه 1,MUNICIPAL_AREA,2025-06-22,1404-04,292,تیر - 1404,68687500,68635463.1,50000000,97530487.81,11150000000,5599,DIRECT,listing,metraj_all,3
de0ba416-7d2d-7b0d-ba34-4b1b4ba4f1d2,272895:1,1,منطقه 1,MUNICIPAL_AREA,2025-07-23,1404-05,293,مرداد - 1404,67428571.43,67376143.36,50000000,97777777.78,10800000000,5321,DIRECT,listing,metraj_all,3
de0ba416-7d2d-7b0d-ba34-4b1b4ba4f1d2,272895:1,1,منطقه 1,MUNICIPAL_AREA,2025-08-23,1404-06,294,شهریور - 1404,68025233.35,67976662.76,50866682.74,100000000,10700000000,5760,DIRECT,listing,metraj_all,3
de0ba416-7d2d-7b0d-ba34-4b1b4ba4f1d2,272895:1,1,منطقه 1,MUNICIPAL_AREA,2025-09-23,1404-07,295,مهر - 1404,70000000,69952685.54,52083333.33,103030303.03,11000000000,6174,DIRECT,listing,metraj_all,3
de0ba416-7d2d-7b0d-ba34-4b1b4ba4f1d2,272895:1,1,منطقه 1,MUNICIPAL_AREA,2025-10-23,1404-08,296,آبان - 1404,71638418.08,71597928.4,54288111.22,106179086.54,11400000000,7234,DIRECT,listing,metraj_all,3
de0ba416-7d2d-7b0d-ba34-4b1b4ba4f1d2,272895:1,1,منطقه 1,MUNICIPAL_AREA,2025-11-22,1404-09,297,آذر - 1404,75000000,74961052.23,56482758.62,110000000,12000000000,7821,DIRECT,listing,metraj_all,3
de0ba416-7d2d-7b0d-ba34-4b1b4ba4f1d2,272895:1,1,منطقه 1,MUNICIPAL_AREA,2025-12-22,1404-10,298,دی - 1404,80000000,79958414.67,59000000,116462530.22,13000000000,7854,DIRECT,listing,metraj_all,3
de0ba416-7d2d-7b0d-ba34-4b1b4ba4f1d2,272895:1,1,منطقه 1,MUNICIPAL_AREA,2026-01-21,1404-11,299,بهمن - 1404,90000000,89957216.78,65625000,130000000,14800000000,8652,DIRECT,listing,metraj_all,3
de0ba416-7d2d-7b0d-ba34-4b1b4ba4f1d2,272895:1,1,منطقه 1,MUNICIPAL_AREA,2026-02-20,1404-12,300,اسفند - 1404,100000000,99942129.63,71428571.43,140000000,16200000000,7118,DIRECT,listing,metraj_all,3
de0ba416-7d2d-7b0d-ba34-4b1b4ba4f1d2,272895:1,1,منطقه 1,MUNICIPAL_AREA,2026-03-21,1405-01,301,فروردین - 1405,110000000,109929191.94,78958333.33,152941176.47,18200000000,6161,DIRECT,listing,metraj_all,3
de0ba416-7d2d-7b0d-ba34-4b1b4ba4f1d2,272895:1,1,منطقه 1,MUNICIPAL_AREA,2026-04-21,1405-02,302,اردیبهشت - 1405,133333333.33,133242586.44,98000000,189648786.72,22000000000,6182,DIRECT,listing,metraj_all,3
de0ba416-7d2d-7b0d-ba34-4b1b4ba4f1d2,272895:1,1,منطقه 1,MUNICIPAL_AREA,2026-05-22,1405-03,303,خرداد - 1405,150000000,149928766.93,108000000,214027027.03,24500000000,8899,DIRECT,listing,metraj_all,3
de0ba416-7d2d-7b0d-ba34-4b1b4ba4f1d2,272895:1,1,منطقه 1,MUNICIPAL_AREA,2026-06-22,1405-04,304,تیر - 1405,155000000,154925045.53,111111111.11,220000000,25100000000,8501,DIRECT,listing,metraj_all,3
de0ba416-7d2d-7b0d-ba34-4b1b4ba4f1d2,272895:1,1,منطقه 1,MUNICIPAL_AREA,2026-07-23,1405-05,305,مرداد - 1405,166666666.67,166571937.49,119047619.05,234491379.31,27250000000,7311,DIRECT,listing,metraj_all,3
ea068aac-1108-c5e2-0af9-70041a711c96,272895:2,2,منطقه 2,MUNICIPAL_AREA,2021-08-23,1400-06,246,شهریور - 1400,5454545.45,11035313.79,4937500,11826923.08,452500000,8,MODELED,listing,metraj_all,3
ea068aac-1108-c5e2-0af9-70041a711c96,272895:2,2,منطقه 2,MUNICIPAL_AREA,2021-09-23,1400-07,247,مهر - 1400,10769230.77,14306088.16,4750000,15238095.24,1400000000,5,MODELED,listing,metraj_all,3
ea068aac-1108-c5e2-0af9-70041a711c96,272895:2,2,منطقه 2,MUNICIPAL_AREA,2021-10-23,1400-08,248,آبان - 1400,15238095.24,15937950.93,8600000,26000000,1600000000,5,MODELED,listing,metraj_all,3
ea068aac-1108-c5e2-0af9-70041a711c96,272895:2,2,منطقه 2,MUNICIPAL_AREA,2021-11-22,1400-09,249,آذر - 1400,26000000,20654800.05,18000000,28333333.33,2340000000,5,MODELED,listing,metraj_all,3
ea068aac-1108-c5e2-0af9-70041a711c96,272895:2,2,منطقه 2,MUNICIPAL_AREA,2021-12-22,1400-10,250,دی - 1400,18000000,17968327.61,9550000,23294117.65,1600000000,7,MODELED,listing,metraj_all,3
ea068aac-1108-c5e2-0af9-70041a711c96,272895:2,2,منطقه 2,MUNICIPAL_AREA,2022-01-21,1400-11,251,بهمن - 1400,19294117.65,17249256.56,12375000,32419786.09,1675000000,6,MODELED,listing,metraj_all,3
ea068aac-1108-c5e2-0af9-70041a711c96,272895:2,2,منطقه 2,MUNICIPAL_AREA,2022-02-20,1400-12,252,اسفند - 1400,10500000,13410089.93,8818181.82,20588235.29,970000000,5,MODELED,listing,metraj_all,3
ea068aac-1108-c5e2-0af9-70041a711c96,272895:2,2,منطقه 2,MUNICIPAL_AREA,2022-03-21,1401-01,253,فروردین - 1401,32980519.48,24373036.29,20899350.65,45061688.31,1485000000,2,MODELED,listing,metraj_all,3
ea068aac-1108-c5e2-0af9-70041a711c96,272895:2,2,منطقه 2,MUNICIPAL_AREA,2022-04-21,1401-02,254,اردیبهشت - 1401,8818181.82,27161052.19,8818181.82,8818181.82,970000000,1,MODELED,listing,metraj_all,3
ea068aac-1108-c5e2-0af9-70041a711c96,272895:2,2,منطقه 2,MUNICIPAL_AREA,2022-11-22,1401-09,261,آذر - 1401,15729483.28,16204940.45,11900000,27353238.87,1650000000,150,DIRECT,listing,metraj_all,3
ea068aac-1108-c5e2-0af9-70041a711c96,272895:2,2,منطقه 2,MUNICIPAL_AREA,2022-12-22,1401-10,262,دی - 1401,15625000,15729983.8,11875000,24950000,1580000000,679,DIRECT,listing,metraj_all,3
ea068aac-1108-c5e2-0af9-70041a711c96,272895:2,2,منطقه 2,MUNICIPAL_AREA,2023-01-21,1401-11,263,بهمن - 1401,18388625.59,18422971.78,14000000,28867521.37,2000000000,2279,DIRECT,listing,metraj_all,3
ea068aac-1108-c5e2-0af9-70041a711c96,272895:2,2,منطقه 2,MUNICIPAL_AREA,2023-02-20,1401-12,264,اسفند - 1401,20000000,20025363.25,15000000,31156250,2200000000,3172,DIRECT,listing,metraj_all,3
ea068aac-1108-c5e2-0af9-70041a711c96,272895:2,2,منطقه 2,MUNICIPAL_AREA,2023-03-21,1402-01,265,فروردین - 1402,20952380.95,20983161.99,16000000,32407407.41,2350000000,2649,DIRECT,listing,metraj_all,3
ea068aac-1108-c5e2-0af9-70041a711c96,272895:2,2,منطقه 2,MUNICIPAL_AREA,2023-04-21,1402-02,266,اردیبهشت - 1402,24615384.62,24641050.64,19444444.44,35782502.61,2650000000,3582,DIRECT,listing,metraj_all,3
ea068aac-1108-c5e2-0af9-70041a711c96,272895:2,2,منطقه 2,MUNICIPAL_AREA,2023-05-22,1402-03,267,خرداد - 1402,25000000,25017421.6,20000000,36032818.53,2665000000,5156,DIRECT,listing,metraj_all,3
ea068aac-1108-c5e2-0af9-70041a711c96,272895:2,2,منطقه 2,MUNICIPAL_AREA,2023-06-22,1402-04,268,تیر - 1402,25000000,25011143.6,20000000,36021505.38,2600000000,7726,DIRECT,listing,metraj_all,3
ea068aac-1108-c5e2-0af9-70041a711c96,272895:2,2,منطقه 2,MUNICIPAL_AREA,2023-07-23,1402-05,269,مرداد - 1402,25000000,25010374.79,20000000,35975609.76,2600000000,7701,DIRECT,listing,metraj_all,3
ea068aac-1108-c5e2-0af9-70041a711c96,272895:2,2,منطقه 2,MUNICIPAL_AREA,2023-08-23,1402-06,270,شهریور - 1402,25000000,25010305.87,19714285.71,35858585.86,2500000000,6951,DIRECT,listing,metraj_all,3
ea068aac-1108-c5e2-0af9-70041a711c96,272895:2,2,منطقه 2,MUNICIPAL_AREA,2023-09-23,1402-07,271,مهر - 1402,24690815.24,24702043,19545454.55,35476539.59,2500000000,6302,DIRECT,listing,metraj_all,3
ea068aac-1108-c5e2-0af9-70041a711c96,272895:2,2,منطقه 2,MUNICIPAL_AREA,2023-10-23,1402-08,272,آبان - 1402,24000000,24012082.91,18823529.41,34843846.63,2380000000,6138,DIRECT,listing,metraj_all,3
ea068aac-1108-c5e2-0af9-70041a711c96,272895:2,2,منطقه 2,MUNICIPAL_AREA,2023-11-22,1402-09,273,آذر - 1402,23440000,23452187.81,18235294.12,34285714.29,2300000000,6621,DIRECT,listing,metraj_all,3
ea068aac-1108-c5e2-0af9-70041a711c96,272895:2,2,منطقه 2,MUNICIPAL_AREA,2023-12-22,1402-10,274,دی - 1402,22972972.97,22988357.32,17647058.82,33333333.33,2200000000,5641,DIRECT,listing,metraj_all,3
ea068aac-1108-c5e2-0af9-70041a711c96,272895:2,2,منطقه 2,MUNICIPAL_AREA,2024-01-21,1402-11,275,بهمن - 1402,22727272.73,22755312.44,17647058.82,33333333.33,2200000000,3297,DIRECT,listing,metraj_all,3
ea068aac-1108-c5e2-0af9-70041a711c96,272895:2,2,منطقه 2,MUNICIPAL_AREA,2024-02-20,1402-12,276,اسفند - 1402,22980739.36,23025757.88,17666666.67,33333333.33,2200000000,2474,DIRECT,listing,metraj_all,3
ea068aac-1108-c5e2-0af9-70041a711c96,272895:2,2,منطقه 2,MUNICIPAL_AREA,2024-03-20,1403-01,277,فروردین - 1403,23207142.86,23236296.99,18000000,32293971.24,2200000000,3692,DIRECT,listing,metraj_all,3
ea068aac-1108-c5e2-0af9-70041a711c96,272895:2,2,منطقه 2,MUNICIPAL_AREA,2024-04-20,1403-02,278,اردیبهشت - 1403,23333333.33,23347879.26,18134299.33,32191454.66,2200000000,7106,DIRECT,listing,metraj_all,3
ea068aac-1108-c5e2-0af9-70041a711c96,272895:2,2,منطقه 2,MUNICIPAL_AREA,2024-05-21,1403-03,279,خرداد - 1403,23076923.08,23088066.35,18000000,31288018.44,2150000000,8895,DIRECT,listing,metraj_all,3
ea068aac-1108-c5e2-0af9-70041a711c96,272895:2,2,منطقه 2,MUNICIPAL_AREA,2024-06-21,1403-04,280,تیر - 1403,22941176.47,22952333.11,17857142.86,30588235.29,2100000000,9006,DIRECT,listing,metraj_all,3
ea068aac-1108-c5e2-0af9-70041a711c96,272895:2,2,منطقه 2,MUNICIPAL_AREA,2024-07-22,1403-05,281,مرداد - 1403,22580645.16,22598754.44,17500000,29500000,2000000000,5593,DIRECT,listing,metraj_all,3
ea068aac-1108-c5e2-0af9-70041a711c96,272895:2,2,منطقه 2,MUNICIPAL_AREA,2024-08-22,1403-06,282,شهریور - 1403,22352941.18,22397433.08,17300000,28723404.26,1950000000,2277,DIRECT,listing,metraj_all,3
ea068aac-1108-c5e2-0af9-70041a711c96,272895:2,2,منطقه 2,MUNICIPAL_AREA,2024-09-22,1403-07,283,مهر - 1403,27951807.23,63173120.29,27951807.23,27951807.23,2320000000,1,MODELED,listing,metraj_all,3
ea068aac-1108-c5e2-0af9-70041a711c96,272895:2,2,منطقه 2,MUNICIPAL_AREA,2024-11-21,1403-09,285,آذر - 1403,24499998.72,24540077.39,18848901.1,34256944.45,2489999872,2194,DIRECT,listing,metraj_all,3
ea068aac-1108-c5e2-0af9-70041a711c96,272895:2,2,منطقه 2,MUNICIPAL_AREA,2024-12-21,1403-10,286,دی - 1403,24561403.51,24577864.26,18823529.41,35000000,2480000000,5481,DIRECT,listing,metraj_all,3
ea068aac-1108-c5e2-0af9-70041a711c96,272895:2,2,منطقه 2,MUNICIPAL_AREA,2025-01-20,1403-11,287,بهمن - 1403,24516129.03,24526606.06,18509259.26,34285714.29,2449999872,9243,DIRECT,listing,metraj_all,3
ea068aac-1108-c5e2-0af9-70041a711c96,272895:2,2,منطقه 2,MUNICIPAL_AREA,2025-02-19,1403-12,288,اسفند - 1403,24999999.02,25010344.7,18823529.41,35362012.34,2500000000,9866,DIRECT,listing,metraj_all,3
ea068aac-1108-c5e2-0af9-70041a711c96,272895:2,2,منطقه 2,MUNICIPAL_AREA,2025-03-21,1404-01,289,فروردین - 1404,25416665.6,25429556.23,19166666.67,35900349.94,2600000000,8504,DIRECT,listing,metraj_all,3
ea068aac-1108-c5e2-0af9-70041a711c96,272895:2,2,منطقه 2,MUNICIPAL_AREA,2025-04-21,1404-02,290,اردیبهشت - 1404,26486485.1,26501389.1,20000000,38636362.47,2750000128,7989,DIRECT,listing,metraj_all,3
ea068aac-1108-c5e2-0af9-70041a711c96,272895:2,2,منطقه 2,MUNICIPAL_AREA,2025-05-22,1404-03,291,خرداد - 1404,26865671.64,26879822.75,20000000,38461538.46,2750000000,8657,DIRECT,listing,metraj_all,3
ea068aac-1108-c5e2-0af9-70041a711c96,272895:2,2,منطقه 2,MUNICIPAL_AREA,2025-06-22,1404-04,292,تیر - 1404,26666666.67,26678088.29,19643907.56,37500000,2700000000,11226,DIRECT,listing,metraj_all,3
ea068aac-1108-c5e2-0af9-70041a711c96,272895:2,2,منطقه 2,MUNICIPAL_AREA,2025-07-23,1404-05,293,مرداد - 1404,26470588.24,26481237.04,19333333.33,36246323.53,2600000000,12206,DIRECT,listing,metraj_all,3
ea068aac-1108-c5e2-0af9-70041a711c96,272895:2,2,منطقه 2,MUNICIPAL_AREA,2025-08-23,1404-06,294,شهریور - 1404,26397674.42,26406936.52,19056022.41,35000000,2580000000,14676,DIRECT,listing,metraj_all,3
ea068aac-1108-c5e2-0af9-70041a711c96,272895:2,2,منطقه 2,MUNICIPAL_AREA,2025-09-23,1404-07,295,مهر - 1404,26818181.82,26826452.32,19400000,35312500,2600000000,16824,DIRECT,listing,metraj_all,3
ea068aac-1108-c5e2-0af9-70041a711c96,272895:2,2,منطقه 2,MUNICIPAL_AREA,2025-10-23,1404-08,296,آبان - 1404,27523809.52,27531220.36,19923076.92,36173341.68,2700000000,19939,DIRECT,listing,metraj_all,3
ea068aac-1108-c5e2-0af9-70041a711c96,272895:2,2,منطقه 2,MUNICIPAL_AREA,2025-11-22,1404-09,297,آذر - 1404,28275862.07,28283580.5,20000000,37209302.33,2790000000,21010,DIRECT,listing,metraj_all,3
ea068aac-1108-c5e2-0af9-70041a711c96,272895:2,2,منطقه 2,MUNICIPAL_AREA,2025-12-22,1404-10,298,دی - 1404,29411764.71,29420617.62,20547945.21,40000000,2850000000,20193,DIRECT,listing,metraj_all,3
ea068aac-1108-c5e2-0af9-70041a711c96,272895:2,2,منطقه 2,MUNICIPAL_AREA,2026-01-21,1404-11,299,بهمن - 1404,32000000,32009519.58,22000000,45000000,3150000000,21988,DIRECT,listing,metraj_all,3
ea068aac-1108-c5e2-0af9-70041a711c96,272895:2,2,منطقه 2,MUNICIPAL_AREA,2026-02-20,1404-12,300,اسفند - 1404,35058823.53,35072513.1,23529411.76,48516396.1,3400000000,17296,DIRECT,listing,metraj_all,3
ea068aac-1108-c5e2-0af9-70041a711c96,272895:2,2,منطقه 2,MUNICIPAL_AREA,2026-03-21,1405-01,301,فروردین - 1405,38181818.18,38204428.35,25000000,52129932.71,3680000000,12428,DIRECT,listing,metraj_all,3
ea068aac-1108-c5e2-0af9-70041a711c96,272895:2,2,منطقه 2,MUNICIPAL_AREA,2026-04-21,1405-02,302,اردیبهشت - 1405,52222222.22,52243985.07,35000000,70666666.67,5450000000,11441,DIRECT,listing,metraj_all,3
ea068aac-1108-c5e2-0af9-70041a711c96,272895:2,2,منطقه 2,MUNICIPAL_AREA,2026-05-22,1405-03,303,خرداد - 1405,58000000,58015017.87,40000000,75161290.32,5950000000,18993,DIRECT,listing,metraj_all,3
ea068aac-1108-c5e2-0af9-70041a711c96,272895:2,2,منطقه 2,MUNICIPAL_AREA,2026-06-22,1405-04,304,تیر - 1405,58333333.33,58349226.25,40463800.91,75000000,5949500000,20674,DIRECT,listing,metraj_all,3
ea068aac-1108-c5e2-0af9-70041a711c96,272895:2,2,منطقه 2,MUNICIPAL_AREA,2026-07-23,1405-05,305,مرداد - 1405,60465116.28,60488166.46,42222222.22,80000000,6000000000,15977,DIRECT,listing,metraj_all,3
445675b3-efeb-ea5f-419c-2163f867b44e,272895:3,3,منطقه 3,MUNICIPAL_AREA,2021-08-23,1400-06,246,شهریور - 1400,7230769.23,12743542.06,6785714.29,9866666.67,700000000,5,MODELED,listing,metraj_all,3
445675b3-efeb-ea5f-419c-2163f867b44e,272895:3,3,منطقه 3,MUNICIPAL_AREA,2021-09-23,1400-07,247,مهر - 1400,7230769.23,14033652.02,6365384.62,13250801.28,550000000,3,MODELED,listing,metraj_all,3
445675b3-efeb-ea5f-419c-2163f867b44e,272895:3,3,منطقه 3,MUNICIPAL_AREA,2021-10-23,1400-08,248,آبان - 1400,13250801.28,15420142.35,6798076.92,19280711.21,1200000000,4,MODELED,listing,metraj_all,3
445675b3-efeb-ea5f-419c-2163f867b44e,272895:3,3,منطقه 3,MUNICIPAL_AREA,2021-11-22,1400-09,249,آذر - 1400,19290589.08,18200264.91,19280711.21,19300466.96,2325000000,2,MODELED,listing,metraj_all,3
445675b3-efeb-ea5f-419c-2163f867b44e,272895:3,3,منطقه 3,MUNICIPAL_AREA,2021-12-22,1400-10,250,دی - 1400,9058823.53,15895233.85,7364463.31,14184584.18,770000000,3,MODELED,listing,metraj_all,3
445675b3-efeb-ea5f-419c-2163f867b44e,272895:3,3,منطقه 3,MUNICIPAL_AREA,2022-01-21,1400-11,251,بهمن - 1400,7364463.31,14579360.48,6517283.2,8211643.42,660000000,2,MODELED,listing,metraj_all,3
445675b3-efeb-ea5f-419c-2163f867b44e,272895:3,3,منطقه 3,MUNICIPAL_AREA,2022-02-20,1400-12,252,اسفند - 1400,7364463.31,13615022.96,6517283.2,8211643.42,660000000,2,MODELED,listing,metraj_all,3
445675b3-efeb-ea5f-419c-2163f867b44e,272895:3,3,منطقه 3,MUNICIPAL_AREA,2022-11-22,1401-09,261,آذر - 1401,11381578.95,13374115.46,9004726.9,21869169.78,1110000000,50,DIRECT,listing,metraj_all,3
445675b3-efeb-ea5f-419c-2163f867b44e,272895:3,3,منطقه 3,MUNICIPAL_AREA,2022-12-22,1401-10,262,دی - 1401,11184210.53,11680983.85,8500000,17666666.67,1000000000,225,DIRECT,listing,metraj_all,3
445675b3-efeb-ea5f-419c-2163f867b44e,272895:3,3,منطقه 3,MUNICIPAL_AREA,2023-01-21,1401-11,263,بهمن - 1401,12292503.57,12543546.1,9289285.72,20498251.75,1110000000,546,DIRECT,listing,metraj_all,3
445675b3-efeb-ea5f-419c-2163f867b44e,272895:3,3,منطقه 3,MUNICIPAL_AREA,2023-02-20,1401-12,264,اسفند - 1401,13060200.67,13263043.71,9666666.67,20000000,1200000000,730,DIRECT,listing,metraj_all,3
445675b3-efeb-ea5f-419c-2163f867b44e,272895:3,3,منطقه 3,MUNICIPAL_AREA,2023-03-21,1402-01,265,فروردین - 1402,13571428.57,13845954.68,10000000,22142857.14,1200000000,557,DIRECT,listing,metraj_all,3
445675b3-efeb-ea5f-419c-2163f867b44e,272895:3,3,منطقه 3,MUNICIPAL_AREA,2023-04-21,1402-02,266,اردیبهشت - 1402,17142857.14,17320807.69,12896103.9,24676470.59,1500000000,928,DIRECT,listing,metraj_all,3
445675b3-efeb-ea5f-419c-2163f867b44e,272895:3,3,منطقه 3,MUNICIPAL_AREA,2023-05-22,1402-03,267,خرداد - 1402,18571428.57,18669762.36,13750000,25000000,1550000000,1559,DIRECT,listing,metraj_all,3
445675b3-efeb-ea5f-419c-2163f867b44e,272895:3,3,منطقه 3,MUNICIPAL_AREA,2023-06-22,1402-04,268,تیر - 1402,18571428.57,18637812.62,13750000,25363636.36,1580000000,2257,DIRECT,listing,metraj_all,3
445675b3-efeb-ea5f-419c-2163f867b44e,272895:3,3,منطقه 3,MUNICIPAL_AREA,2023-07-23,1402-05,269,مرداد - 1402,18461538.46,18522959.93,13578947.37,25263157.89,1570000000,2357,DIRECT,listing,metraj_all,3
445675b3-efeb-ea5f-419c-2163f867b44e,272895:3,3,منطقه 3,MUNICIPAL_AREA,2023-08-23,1402-06,270,شهریور - 1402,18416875.52,18482698.67,13529411.76,25458833.62,1575000000,2080,DIRECT,listing,metraj_all,3
445675b3-efeb-ea5f-419c-2163f867b44e,272895:3,3,منطقه 3,MUNICIPAL_AREA,2023-09-23,1402-07,271,مهر - 1402,18181818.18,18251864.34,13349358.98,24803225.81,1550000000,1931,DIRECT,listing,metraj_all,3
445675b3-efeb-ea5f-419c-2163f867b44e,272895:3,3,منطقه 3,MUNICIPAL_AREA,2023-10-23,1402-08,272,آبان - 1402,18000000,18075187.97,13157894.74,24666666.67,1500000000,1776,DIRECT,listing,metraj_all,3
445675b3-efeb-ea5f-419c-2163f867b44e,272895:3,3,منطقه 3,MUNICIPAL_AREA,2023-11-22,1402-09,273,آذر - 1402,17777777.78,17855559.11,13222222.22,24666666.67,1500000000,1757,DIRECT,listing,metraj_all,3
445675b3-efeb-ea5f-419c-2163f867b44e,272895:3,3,منطقه 3,MUNICIPAL_AREA,2023-12-22,1402-10,274,دی - 1402,17452830.19,17551468.89,13162280.71,24444444.44,1500000000,1431,DIRECT,listing,metraj_all,3
445675b3-efeb-ea5f-419c-2163f867b44e,272895:3,3,منطقه 3,MUNICIPAL_AREA,2024-01-21,1402-11,275,بهمن - 1402,17303030.3,17485828.47,13333333.33,24333881.58,1500000000,794,DIRECT,listing,metraj_all,3
445675b3-efeb-ea5f-419c-2163f867b44e,272895:3,3,منطقه 3,MUNICIPAL_AREA,2024-02-20,1402-12,276,اسفند - 1402,17647058.82,17926050.04,13295277.51,24000000,1500000000,582,DIRECT,listing,metraj_all,3
445675b3-efeb-ea5f-419c-2163f867b44e,272895:3,3,منطقه 3,MUNICIPAL_AREA,2024-03-20,1403-01,277,فروردین - 1403,17411764.71,17557916.59,13188679.25,23913043.48,1500000000,1125,DIRECT,listing,metraj_all,3
445675b3-efeb-ea5f-419c-2163f867b44e,272895:3,3,منطقه 3,MUNICIPAL_AREA,2024-04-20,1403-02,278,اردیبهشت - 1403,16916083.92,16990608.94,13142857.14,22500000,1400000000,2240,DIRECT,listing,metraj_all,3
445675b3-efeb-ea5f-419c-2163f867b44e,272895:3,3,منطقه 3,MUNICIPAL_AREA,2024-05-21,1403-03,279,خرداد - 1403,16470588.24,16523960.58,13076923.08,21333333.33,1370000000,3087,DIRECT,listing,metraj_all,3
445675b3-efeb-ea5f-419c-2163f867b44e,272895:3,3,منطقه 3,MUNICIPAL_AREA,2024-06-21,1403-04,280,تیر - 1403,16363636.36,16415446.9,13076923.08,21000000,1350000000,3201,DIRECT,listing,metraj_all,3
445675b3-efeb-ea5f-419c-2163f867b44e,272895:3,3,منطقه 3,MUNICIPAL_AREA,2024-07-22,1403-05,281,مرداد - 1403,16250000,16328612.95,13066666.67,20712413.79,1350000000,2086,DIRECT,listing,metraj_all,3
445675b3-efeb-ea5f-419c-2163f867b44e,272895:3,3,منطقه 3,MUNICIPAL_AREA,2024-08-22,1403-06,282,شهریور - 1403,16450070.32,16630318.86,13076923.08,21194117.65,1350000000,882,DIRECT,listing,metraj_all,3
445675b3-efeb-ea5f-419c-2163f867b44e,272895:3,3,منطقه 3,MUNICIPAL_AREA,2024-11-21,1403-09,285,آذر - 1403,20666666.67,20920507.76,16000000,27777777.78,1750000000,489,DIRECT,listing,metraj_all,3
445675b3-efeb-ea5f-419c-2163f867b44e,272895:3,3,منطقه 3,MUNICIPAL_AREA,2024-12-21,1403-10,286,دی - 1403,21062030.54,21168827.56,15794444.45,30000000,1750000000,1164,DIRECT,listing,metraj_all,3
445675b3-efeb-ea5f-419c-2163f867b44e,272895:3,3,منطقه 3,MUNICIPAL_AREA,2025-01-20,1403-11,287,بهمن - 1403,20833333.33,20899458.85,15384615.38,28571428.57,1770000000,2013,DIRECT,listing,metraj_all,3
445675b3-efeb-ea5f-419c-2163f867b44e,272895:3,3,منطقه 3,MUNICIPAL_AREA,2025-02-19,1403-12,288,اسفند - 1403,21254921.26,21320472.76,15714285.71,29333333.33,1800000000,2120,DIRECT,listing,metraj_all,3
445675b3-efeb-ea5f-419c-2163f867b44e,272895:3,3,منطقه 3,MUNICIPAL_AREA,2025-03-21,1404-01,289,فروردین - 1404,21428570.21,21509147.38,16000000,29442724.46,1870000000,1847,DIRECT,listing,metraj_all,3
445675b3-efeb-ea5f-419c-2163f867b44e,272895:3,3,منطقه 3,MUNICIPAL_AREA,2025-04-21,1404-02,290,اردیبهشت - 1404,20769230.77,20854033.49,15606250,29166666.67,1790000000,2070,DIRECT,listing,metraj_all,3
445675b3-efeb-ea5f-419c-2163f867b44e,272895:3,3,منطقه 3,MUNICIPAL_AREA,2025-05-22,1404-03,291,خرداد - 1404,20000000,20073522.04,15221014.49,28571428.57,1700000000,2592,DIRECT,listing,metraj_all,3
445675b3-efeb-ea5f-419c-2163f867b44e,272895:3,3,منطقه 3,MUNICIPAL_AREA,2025-06-22,1404-04,292,تیر - 1404,19405882.36,19462677.49,15000000,27500000,1645000000,3528,DIRECT,listing,metraj_all,3
445675b3-efeb-ea5f-419c-2163f867b44e,272895:3,3,منطقه 3,MUNICIPAL_AREA,2025-07-23,1404-05,293,مرداد - 1404,19800000,19851529.63,14875000,27857142.86,1630000000,3809,DIRECT,listing,metraj_all,3
445675b3-efeb-ea5f-419c-2163f867b44e,272895:3,3,منطقه 3,MUNICIPAL_AREA,2025-08-23,1404-06,294,شهریور - 1404,19629629.63,19674135.57,14620192.31,27830765,1600000000,4567,DIRECT,listing,metraj_all,3
445675b3-efeb-ea5f-419c-2163f867b44e,272895:3,3,منطقه 3,MUNICIPAL_AREA,2025-09-23,1404-07,295,مهر - 1404,19620253.16,19660444.38,14666666.67,28125000,1550000000,5245,DIRECT,listing,metraj_all,3
445675b3-efeb-ea5f-419c-2163f867b44e,272895:3,3,منطقه 3,MUNICIPAL_AREA,2025-10-23,1404-08,296,آبان - 1404,20000000,20036732.57,15000000,29000000,1600000000,6063,DIRECT,listing,metraj_all,3
445675b3-efeb-ea5f-419c-2163f867b44e,272895:3,3,منطقه 3,MUNICIPAL_AREA,2025-11-22,1404-09,297,آذر - 1404,20666666.67,20703176.07,15557291.67,30666666.67,1650000000,6518,DIRECT,listing,metraj_all,3
445675b3-efeb-ea5f-419c-2163f867b44e,272895:3,3,منطقه 3,MUNICIPAL_AREA,2025-12-22,1404-10,298,دی - 1404,21600000,21640033.18,16233766.23,32083333.33,1750000000,6409,DIRECT,listing,metraj_all,3
445675b3-efeb-ea5f-419c-2163f867b44e,272895:3,3,منطقه 3,MUNICIPAL_AREA,2026-01-21,1404-11,299,بهمن - 1404,24285714.29,24325228.17,18000000,36285714.29,2000000000,7242,DIRECT,listing,metraj_all,3
445675b3-efeb-ea5f-419c-2163f867b44e,272895:3,3,منطقه 3,MUNICIPAL_AREA,2026-02-20,1404-12,300,اسفند - 1404,25428571.43,25487391.25,19411764.71,38544973.55,2150000000,5655,DIRECT,listing,metraj_all,3
445675b3-efeb-ea5f-419c-2163f867b44e,272895:3,3,منطقه 3,MUNICIPAL_AREA,2026-03-21,1405-01,301,فروردین - 1405,27500000,27594414.47,21000000,41289389.71,2350000000,4100,DIRECT,listing,metraj_all,3
445675b3-efeb-ea5f-419c-2163f867b44e,272895:3,3,منطقه 3,MUNICIPAL_AREA,2026-04-21,1405-02,302,اردیبهشت - 1405,35294117.65,35414062.45,25666666.67,53000000,3000000000,3479,DIRECT,listing,metraj_all,3
445675b3-efeb-ea5f-419c-2163f867b44e,272895:3,3,منطقه 3,MUNICIPAL_AREA,2026-05-22,1405-03,303,خرداد - 1405,40000000,40083883.31,29000000,58947368.42,3460000000,5538,DIRECT,listing,metraj_all,3
445675b3-efeb-ea5f-419c-2163f867b44e,272895:3,3,منطقه 3,MUNICIPAL_AREA,2026-06-22,1405-04,304,تیر - 1405,41250000,41333917.77,29800000,60000000,3500000000,5943,DIRECT,listing,metraj_all,3
445675b3-efeb-ea5f-419c-2163f867b44e,272895:3,3,منطقه 3,MUNICIPAL_AREA,2026-07-23,1405-05,305,مرداد - 1405,43103448.28,43217554.76,31428571.43,62500000,3600000000,4741,DIRECT,listing,metraj_all,3
82ac794f-5ef1-844d-68b7-1da3bef9f99b,272895:4,4,منطقه 4,MUNICIPAL_AREA,2021-10-23,1400-08,248,آبان - 1400,11681818.18,15224941.72,9983766.24,15090909.09,1285000000,3,MODELED,listing,metraj_all,3
82ac794f-5ef1-844d-68b7-1da3bef9f99b,272895:4,4,منطقه 4,MUNICIPAL_AREA,2021-11-22,1400-09,249,آذر - 1400,11681818.18,16528265.79,9983766.24,15090909.09,1285000000,3,MODELED,listing,metraj_all,3
82ac794f-5ef1-844d-68b7-1da3bef9f99b,272895:4,4,منطقه 4,MUNICIPAL_AREA,2021-12-22,1400-10,250,دی - 1400,9066666.67,14986326.85,8285714.29,11681818.18,1285000000,5,MODELED,listing,metraj_all,3
82ac794f-5ef1-844d-68b7-1da3bef9f99b,272895:4,4,منطقه 4,MUNICIPAL_AREA,2022-01-21,1400-11,251,بهمن - 1400,7408333.34,14586672.15,6579166.67,8237500,1490000000,2,MODELED,listing,metraj_all,3
82ac794f-5ef1-844d-68b7-1da3bef9f99b,272895:4,4,منطقه 4,MUNICIPAL_AREA,2022-02-20,1400-12,252,اسفند - 1400,9066666.67,13527026.84,7408333.34,11933333.34,2300000000,3,MODELED,listing,metraj_all,3
82ac794f-5ef1-844d-68b7-1da3bef9f99b,272895:4,4,منطقه 4,MUNICIPAL_AREA,2022-03-21,1401-01,253,فروردین - 1401,11922727.28,20863404.26,10484090.91,13361363.64,2347500000,2,MODELED,listing,metraj_all,3
82ac794f-5ef1-844d-68b7-1da3bef9f99b,272895:4,4,منطقه 4,MUNICIPAL_AREA,2022-04-21,1401-02,254,اردیبهشت - 1401,11922727.28,26149903.91,10484090.91,13361363.64,2347500000,2,MODELED,listing,metraj_all,3
82ac794f-5ef1-844d-68b7-1da3bef9f99b,272895:4,4,منطقه 4,MUNICIPAL_AREA,2022-05-22,1401-03,255,خرداد - 1401,9045454.55,28096022.82,9045454.55,9045454.55,995000000,1,MODELED,listing,metraj_all,3
82ac794f-5ef1-844d-68b7-1da3bef9f99b,272895:4,4,منطقه 4,MUNICIPAL_AREA,2022-11-22,1401-09,261,آذر - 1401,8923076.92,10844906.4,7285714.29,11360000,780000000,65,DIRECT,listing,metraj_all,3
82ac794f-5ef1-844d-68b7-1da3bef9f99b,272895:4,4,منطقه 4,MUNICIPAL_AREA,2022-12-22,1401-10,262,دی - 1401,9285714.29,9665901.1,7572420.64,11268235.3,780000000,347,DIRECT,listing,metraj_all,3
82ac794f-5ef1-844d-68b7-1da3bef9f99b,272895:4,4,منطقه 4,MUNICIPAL_AREA,2023-01-21,1401-11,263,بهمن - 1401,10000000,10163157.31,8300000,12057692.31,817500000,986,DIRECT,listing,metraj_all,3
82ac794f-5ef1-844d-68b7-1da3bef9f99b,272895:4,4,منطقه 4,MUNICIPAL_AREA,2023-02-20,1401-12,264,اسفند - 1401,10500000,10628346.13,8800000,12666666.67,850000000,1359,DIRECT,listing,metraj_all,3
82ac794f-5ef1-844d-68b7-1da3bef9f99b,272895:4,4,منطقه 4,MUNICIPAL_AREA,2023-03-21,1402-01,265,فروردین - 1402,10833333.33,11001257.42,9090909.09,13000000,860000000,1080,DIRECT,listing,metraj_all,3
82ac794f-5ef1-844d-68b7-1da3bef9f99b,272895:4,4,منطقه 4,MUNICIPAL_AREA,2023-04-21,1402-02,266,اردیبهشت - 1402,15000000,15074770.22,11769230.77,23076923.08,1300000000,2509,DIRECT,listing,metraj_all,3
82ac794f-5ef1-844d-68b7-1da3bef9f99b,272895:4,4,منطقه 4,MUNICIPAL_AREA,2023-05-22,1402-03,267,خرداد - 1402,17796610.17,17834726.83,12941176.47,25000000,1500000000,4241,DIRECT,listing,metraj_all,3
82ac794f-5ef1-844d-68b7-1da3bef9f99b,272895:4,4,منطقه 4,MUNICIPAL_AREA,2023-06-22,1402-04,268,تیر - 1402,17833333.33,17858380.7,13000000,25000000,1500000000,6293,DIRECT,listing,metraj_all,3
82ac794f-5ef1-844d-68b7-1da3bef9f99b,272895:4,4,منطقه 4,MUNICIPAL_AREA,2023-07-23,1402-05,269,مرداد - 1402,18000000,18024100.26,13333333.33,25000000,1500000000,6214,DIRECT,listing,metraj_all,3
82ac794f-5ef1-844d-68b7-1da3bef9f99b,272895:4,4,منطقه 4,MUNICIPAL_AREA,2023-08-23,1402-06,270,شهریور - 1402,17647058.82,17671672.26,13333333.33,24230769.23,1500000000,5892,DIRECT,listing,metraj_all,3
82ac794f-5ef1-844d-68b7-1da3bef9f99b,272895:4,4,منطقه 4,MUNICIPAL_AREA,2023-09-23,1402-07,271,مهر - 1402,17656862.75,17683306.41,13388461.54,24000000,1500000000,5330,DIRECT,listing,metraj_all,3
82ac794f-5ef1-844d-68b7-1da3bef9f99b,272895:4,4,منطقه 4,MUNICIPAL_AREA,2023-10-23,1402-08,272,آبان - 1402,17869747.9,17898019.01,13600000,24444444.44,1500000000,4786,DIRECT,listing,metraj_all,3
82ac794f-5ef1-844d-68b7-1da3bef9f99b,272895:4,4,منطقه 4,MUNICIPAL_AREA,2023-11-22,1402-09,273,آذر - 1402,18436716.79,18469893.83,14000000,24500000,1500000000,3934,DIRECT,listing,metraj_all,3
82ac794f-5ef1-844d-68b7-1da3bef9f99b,272895:4,4,منطقه 4,MUNICIPAL_AREA,2023-12-22,1402-10,274,دی - 1402,18823529.41,18869007.94,14444444.44,24919580.42,1515000000,2814,DIRECT,listing,metraj_all,3
82ac794f-5ef1-844d-68b7-1da3bef9f99b,272895:4,4,منطقه 4,MUNICIPAL_AREA,2024-01-21,1402-11,275,بهمن - 1402,19090909.09,19184521.09,14777777.78,24539877.3,1550000000,1369,DIRECT,listing,metraj_all,3
82ac794f-5ef1-844d-68b7-1da3bef9f99b,272895:4,4,منطقه 4,MUNICIPAL_AREA,2024-02-20,1402-12,276,اسفند - 1402,19354838.71,19527633.35,15000000,25129928.06,1600000000,847,DIRECT,listing,metraj_all,3
82ac794f-5ef1-844d-68b7-1da3bef9f99b,272895:4,4,منطقه 4,MUNICIPAL_AREA,2024-03-20,1403-01,277,فروردین - 1403,20000000,20136054.45,15625000,26000000,1650000000,1019,DIRECT,listing,metraj_all,3
82ac794f-5ef1-844d-68b7-1da3bef9f99b,272895:4,4,منطقه 4,MUNICIPAL_AREA,2024-04-20,1403-02,278,اردیبهشت - 1403,21333333.33,21403950.14,16666666.67,27500000,1750000000,1739,DIRECT,listing,metraj_all,3
82ac794f-5ef1-844d-68b7-1da3bef9f99b,272895:4,4,منطقه 4,MUNICIPAL_AREA,2024-05-21,1403-03,279,خرداد - 1403,22307692.31,22361803.18,17787878.79,27916666.67,1830000000,1966,DIRECT,listing,metraj_all,3
82ac794f-5ef1-844d-68b7-1da3bef9f99b,272895:4,4,منطقه 4,MUNICIPAL_AREA,2024-06-21,1403-04,280,تیر - 1403,22727272.73,22780748.67,18248081.85,28000000,1880000000,1911,DIRECT,listing,metraj_all,3
82ac794f-5ef1-844d-68b7-1da3bef9f99b,272895:4,4,منطقه 4,MUNICIPAL_AREA,2024-07-22,1403-05,281,مرداد - 1403,22500000,22585156.33,18000000,27600000,1830000000,1191,DIRECT,listing,metraj_all,3
82ac794f-5ef1-844d-68b7-1da3bef9f99b,272895:4,4,منطقه 4,MUNICIPAL_AREA,2024-08-22,1403-06,282,شهریور - 1403,22280941.95,22485887.91,17971562.5,27454560.93,1800000000,490,DIRECT,listing,metraj_all,3
82ac794f-5ef1-844d-68b7-1da3bef9f99b,272895:4,4,منطقه 4,MUNICIPAL_AREA,2024-11-21,1403-09,285,آذر - 1403,17000000,17128406.74,13894927.54,22326923.72,1350000000,1262,DIRECT,listing,metraj_all,3
82ac794f-5ef1-844d-68b7-1da3bef9f99b,272895:4,4,منطقه 4,MUNICIPAL_AREA,2024-12-21,1403-10,286,دی - 1403,17333333.33,17389155.8,14000000,22500000,1350000000,2904,DIRECT,listing,metraj_all,3
82ac794f-5ef1-844d-68b7-1da3bef9f99b,272895:4,4,منطقه 4,MUNICIPAL_AREA,2025-01-20,1403-11,287,بهمن - 1403,17659722.43,17695875.34,14166666.67,23000000,1400000000,4568,DIRECT,listing,metraj_all,3
82ac794f-5ef1-844d-68b7-1da3bef9f99b,272895:4,4,منطقه 4,MUNICIPAL_AREA,2025-02-19,1403-12,288,اسفند - 1403,17894736.84,17933146.27,14307692.31,23333333.33,1400000000,4500,DIRECT,listing,metraj_all,3
82ac794f-5ef1-844d-68b7-1da3bef9f99b,272895:4,4,منطقه 4,MUNICIPAL_AREA,2025-03-21,1404-01,289,فروردین - 1404,18111111.11,18160625.3,14624872.01,24000000,1450000000,3682,DIRECT,listing,metraj_all,3
82ac794f-5ef1-844d-68b7-1da3bef9f99b,272895:4,4,منطقه 4,MUNICIPAL_AREA,2025-04-21,1404-02,290,اردیبهشت - 1404,18823529.41,18894720.49,15000000,25272727.27,1550000000,2741,DIRECT,listing,metraj_all,3
82ac794f-5ef1-844d-68b7-1da3bef9f99b,272895:4,4,منطقه 4,MUNICIPAL_AREA,2025-05-22,1404-03,291,خرداد - 1404,20877192.98,20961816.26,16428571.43,28000000,1700000000,2147,DIRECT,listing,metraj_all,3
82ac794f-5ef1-844d-68b7-1da3bef9f99b,272895:4,4,منطقه 4,MUNICIPAL_AREA,2025-06-22,1404-04,292,تیر - 1404,23000000,23079098.75,17954545.45,30000000,1872500000,2076,DIRECT,listing,metraj_all,3
82ac794f-5ef1-844d-68b7-1da3bef9f99b,272895:4,4,منطقه 4,MUNICIPAL_AREA,2025-07-23,1404-05,293,مرداد - 1404,23625000,23699397.78,18428571.43,30909090.91,1950000000,2121,DIRECT,listing,metraj_all,3
82ac794f-5ef1-844d-68b7-1da3bef9f99b,272895:4,4,منطقه 4,MUNICIPAL_AREA,2025-08-23,1404-06,294,شهریور - 1404,23571428.57,23635080.53,18496575.34,30711473.57,1900000000,2571,DIRECT,listing,metraj_all,3
82ac794f-5ef1-844d-68b7-1da3bef9f99b,272895:4,4,منطقه 4,MUNICIPAL_AREA,2025-09-23,1404-07,295,مهر - 1404,23750000,23805780.5,18888888.89,31212500,1900000000,3036,DIRECT,listing,metraj_all,3
82ac794f-5ef1-844d-68b7-1da3bef9f99b,272895:4,4,منطقه 4,MUNICIPAL_AREA,2025-10-23,1404-08,296,آبان - 1404,24444444.44,24494175.09,19333333.33,32000000,1980000000,3582,DIRECT,listing,metraj_all,3
82ac794f-5ef1-844d-68b7-1da3bef9f99b,272895:4,4,منطقه 4,MUNICIPAL_AREA,2025-11-22,1404-09,297,آذر - 1404,25000000,25049821.16,20000000,33000000,2050000000,3904,DIRECT,listing,metraj_all,3
82ac794f-5ef1-844d-68b7-1da3bef9f99b,272895:4,4,منطقه 4,MUNICIPAL_AREA,2025-12-22,1404-10,298,دی - 1404,26214904.23,26269663.69,20866459.63,34210526.32,2165000000,3840,DIRECT,listing,metraj_all,3
82ac794f-5ef1-844d-68b7-1da3bef9f99b,272895:4,4,منطقه 4,MUNICIPAL_AREA,2026-01-21,1404-11,299,بهمن - 1404,30000000,30052569.15,22670103.1,39000000,2450000000,4354,DIRECT,listing,metraj_all,3
82ac794f-5ef1-844d-68b7-1da3bef9f99b,272895:4,4,منطقه 4,MUNICIPAL_AREA,2026-02-20,1404-12,300,اسفند - 1404,33000000,33072637.52,24710084.03,43750000,2650000000,3535,DIRECT,listing,metraj_all,3
82ac794f-5ef1-844d-68b7-1da3bef9f99b,272895:4,4,منطقه 4,MUNICIPAL_AREA,2026-03-21,1405-01,301,فروردین - 1405,37222222.22,37323730.51,28333333.33,48598008.39,3080000000,2855,DIRECT,listing,metraj_all,3
82ac794f-5ef1-844d-68b7-1da3bef9f99b,272895:4,4,منطقه 4,MUNICIPAL_AREA,2026-04-21,1405-02,302,اردیبهشت - 1405,46923076.92,47027175.37,36666666.67,60000000,3800000000,2893,DIRECT,listing,metraj_all,3
82ac794f-5ef1-844d-68b7-1da3bef9f99b,272895:4,4,منطقه 4,MUNICIPAL_AREA,2026-05-22,1405-03,303,خرداد - 1405,51058823.53,51137895.6,40000000,65000000,4200000000,4477,DIRECT,listing,metraj_all,3
82ac794f-5ef1-844d-68b7-1da3bef9f99b,272895:4,4,منطقه 4,MUNICIPAL_AREA,2026-06-22,1405-04,304,تیر - 1405,52000000,52085472.53,40000000,65625000,4200000000,4577,DIRECT,listing,metraj_all,3
82ac794f-5ef1-844d-68b7-1da3bef9f99b,272895:4,4,منطقه 4,MUNICIPAL_AREA,2026-07-23,1405-05,305,مرداد - 1405,54191767.07,54305670.05,42000000,68333333.33,4350000000,3776,DIRECT,listing,metraj_all,3
15e82ef6-157a-ecc9-9e81-f64bf056b907,272895:5,5,منطقه 5,MUNICIPAL_AREA,2021-08-23,1400-06,246,شهریور - 1400,9666666.67,14969631.94,9666666.67,9666666.67,2900000000,1,MODELED,listing,metraj_all,3
15e82ef6-157a-ecc9-9e81-f64bf056b907,272895:5,5,منطقه 5,MUNICIPAL_AREA,2021-09-23,1400-07,247,مهر - 1400,9666666.67,15491985.02,9666666.67,9666666.67,2900000000,1,MODELED,listing,metraj_all,3
15e82ef6-157a-ecc9-9e81-f64bf056b907,272895:5,5,منطقه 5,MUNICIPAL_AREA,2021-10-23,1400-08,248,آبان - 1400,9666666.67,15685950.41,9666666.67,9666666.67,2900000000,1,MODELED,listing,metraj_all,3
15e82ef6-157a-ecc9-9e81-f64bf056b907,272895:5,5,منطقه 5,MUNICIPAL_AREA,2022-04-21,1401-02,254,اردیبهشت - 1401,19500000,27412782.69,17250000,21750000,1065000000,2,MODELED,listing,metraj_all,3
15e82ef6-157a-ecc9-9e81-f64bf056b907,272895:5,5,منطقه 5,MUNICIPAL_AREA,2022-05-22,1401-03,255,خرداد - 1401,24000000,26857656.98,20384615.39,26000000,1350000000,11,MODELED,listing,metraj_all,3
15e82ef6-157a-ecc9-9e81-f64bf056b907,272895:5,5,منطقه 5,MUNICIPAL_AREA,2022-06-22,1401-04,256,تیر - 1401,23538461.54,25611186.87,20412895.93,27919354.84,1590000000,26,MODELED,listing,metraj_all,3
15e82ef6-157a-ecc9-9e81-f64bf056b907,272895:5,5,منطقه 5,MUNICIPAL_AREA,2022-07-23,1401-05,257,مرداد - 1401,22580645.16,24414473.32,17096774.19,27272727.27,1500000000,45,DIRECT,listing,metraj_all,3
15e82ef6-157a-ecc9-9e81-f64bf056b907,272895:5,5,منطقه 5,MUNICIPAL_AREA,2022-08-23,1401-06,258,شهریور - 1401,22065573.77,23930326.42,16682166.53,27651515.15,1516000000,54,DIRECT,listing,metraj_all,3
15e82ef6-157a-ecc9-9e81-f64bf056b907,272895:5,5,منطقه 5,MUNICIPAL_AREA,2022-09-23,1401-07,259,مهر - 1401,22131147.54,24664690.07,16519483.57,27236363.64,1500000000,39,DIRECT,listing,metraj_all,3
15e82ef6-157a-ecc9-9e81-f64bf056b907,272895:5,5,منطقه 5,MUNICIPAL_AREA,2022-10-23,1401-08,260,آبان - 1401,22065573.77,26647586.68,16974868.31,27333333.34,1500000000,18,MODELED,listing,metraj_all,3
15e82ef6-157a-ecc9-9e81-f64bf056b907,272895:5,5,منطقه 5,MUNICIPAL_AREA,2022-11-22,1401-09,261,آذر - 1401,16552511.42,19944654.71,15179245.28,18070574.16,1630000000,10,MODELED,listing,metraj_all,3
15e82ef6-157a-ecc9-9e81-f64bf056b907,272895:5,5,منطقه 5,MUNICIPAL_AREA,2022-12-22,1401-10,262,دی - 1401,18137254.9,18995641.93,15000000,21030927.84,1550000000,45,DIRECT,listing,metraj_all,3
15e82ef6-157a-ecc9-9e81-f64bf056b907,272895:5,5,منطقه 5,MUNICIPAL_AREA,2023-01-21,1401-11,263,بهمن - 1401,20987654.32,21290114.89,17443181.82,25000000,2026250000,164,DIRECT,listing,metraj_all,3
15e82ef6-157a-ecc9-9e81-f64bf056b907,272895:5,5,منطقه 5,MUNICIPAL_AREA,2023-02-20,1401-12,264,اسفند - 1401,22981481.48,23204687.79,18276470.59,26187500,2225000000,218,DIRECT,listing,metraj_all,3
15e82ef6-157a-ecc9-9e81-f64bf056b907,272895:5,5,منطقه 5,MUNICIPAL_AREA,2023-03-21,1402-01,265,فروردین - 1402,23513513.51,23804888.93,19115384.62,26546982.43,2400000000,183,DIRECT,listing,metraj_all,3
15e82ef6-157a-ecc9-9e81-f64bf056b907,272895:5,5,منطقه 5,MUNICIPAL_AREA,2023-04-21,1402-02,266,اردیبهشت - 1402,28000000,28200502.35,24000000,32258064.52,2600000000,281,DIRECT,listing,metraj_all,3
15e82ef6-157a-ecc9-9e81-f64bf056b907,272895:5,5,منطقه 5,MUNICIPAL_AREA,2023-05-22,1402-03,267,خرداد - 1402,29487179.49,29589511.03,24705882.35,32500000,2600000000,431,DIRECT,listing,metraj_all,3
15e82ef6-157a-ecc9-9e81-f64bf056b907,272895:5,5,منطقه 5,MUNICIPAL_AREA,2023-06-22,1402-04,268,تیر - 1402,29215384.62,29284217.54,24347894.4,32500000,2600000000,630,DIRECT,listing,metraj_all,3
15e82ef6-157a-ecc9-9e81-f64bf056b907,272895:5,5,منطقه 5,MUNICIPAL_AREA,2023-07-23,1402-05,269,مرداد - 1402,28800000,28872289.16,24336075.21,32000000,2600000000,571,DIRECT,listing,metraj_all,3
15e82ef6-157a-ecc9-9e81-f64bf056b907,272895:5,5,منطقه 5,MUNICIPAL_AREA,2023-08-23,1402-06,270,شهریور - 1402,28181818.18,28259941.37,23636363.64,31325301.2,2500000000,501,DIRECT,listing,metraj_all,3
15e82ef6-157a-ecc9-9e81-f64bf056b907,272895:5,5,منطقه 5,MUNICIPAL_AREA,2023-09-23,1402-07,271,مهر - 1402,27867965.37,27949760.61,23076923.08,30451086.96,2500000000,468,DIRECT,listing,metraj_all,3
15e82ef6-157a-ecc9-9e81-f64bf056b907,272895:5,5,منطقه 5,MUNICIPAL_AREA,2023-10-23,1402-08,272,آبان - 1402,27307692.31,27382753.86,22713636.37,30099009.9,2500000000,539,DIRECT,listing,metraj_all,3
15e82ef6-157a-ecc9-9e81-f64bf056b907,272895:5,5,منطقه 5,MUNICIPAL_AREA,2023-11-22,1402-09,273,آذر - 1402,27000000,27069034.19,22794117.65,30000000,2530000000,645,DIRECT,listing,metraj_all,3
15e82ef6-157a-ecc9-9e81-f64bf056b907,272895:5,5,منطقه 5,MUNICIPAL_AREA,2023-12-22,1402-10,274,دی - 1402,26923076.92,27002935.34,22657142.86,30000000,2550000000,584,DIRECT,listing,metraj_all,3
15e82ef6-157a-ecc9-9e81-f64bf056b907,272895:5,5,منطقه 5,MUNICIPAL_AREA,2024-01-21,1402-11,275,بهمن - 1402,26666666.67,26812785.48,22797058.83,30000000,2600000000,355,DIRECT,listing,metraj_all,3
15e82ef6-157a-ecc9-9e81-f64bf056b907,272895:5,5,منطقه 5,MUNICIPAL_AREA,2024-02-20,1402-12,276,اسفند - 1402,27000000,27242004.71,23192815.25,30000000,2800000000,286,DIRECT,listing,metraj_all,3
15e82ef6-157a-ecc9-9e81-f64bf056b907,272895:5,5,منطقه 5,MUNICIPAL_AREA,2024-03-20,1403-01,277,فروردین - 1403,27575154.73,27726684.17,23258770.9,31119326.87,2965000000,414,DIRECT,listing,metraj_all,3
15e82ef6-157a-ecc9-9e81-f64bf056b907,272895:5,5,منطقه 5,MUNICIPAL_AREA,2024-04-20,1403-02,278,اردیبهشت - 1403,28496551.72,28563489.29,23529411.76,31666666.67,2830000000,765,DIRECT,listing,metraj_all,3
15e82ef6-157a-ecc9-9e81-f64bf056b907,272895:5,5,منطقه 5,MUNICIPAL_AREA,2024-05-21,1403-03,279,خرداد - 1403,28750000,28794363.26,23500000,32229569.89,2700000000,948,DIRECT,listing,metraj_all,3
15e82ef6-157a-ecc9-9e81-f64bf056b907,272895:5,5,منطقه 5,MUNICIPAL_AREA,2024-06-21,1403-04,280,تیر - 1403,29000000,29040567.96,23726478.5,32668316.84,2650000000,976,DIRECT,listing,metraj_all,3
15e82ef6-157a-ecc9-9e81-f64bf056b907,272895:5,5,منطقه 5,MUNICIPAL_AREA,2024-07-22,1403-05,281,مرداد - 1403,29000000,29058697.25,23636363.64,33000000,2600000000,625,DIRECT,listing,metraj_all,3
15e82ef6-157a-ecc9-9e81-f64bf056b907,272895:5,5,منطقه 5,MUNICIPAL_AREA,2024-08-22,1403-06,282,شهریور - 1403,29736842.11,29839845.71,24000000,33000000,2700000000,261,DIRECT,listing,metraj_all,3
15e82ef6-157a-ecc9-9e81-f64bf056b907,272895:5,5,منطقه 5,MUNICIPAL_AREA,2024-11-21,1403-09,285,آذر - 1403,29067513.84,29235459.63,24755639.43,32851133.24,2980000000,244,DIRECT,listing,metraj_all,3
15e82ef6-157a-ecc9-9e81-f64bf056b907,272895:5,5,منطقه 5,MUNICIPAL_AREA,2024-12-21,1403-10,286,دی - 1403,29500001.28,29560922.51,24676114.04,33000000,3000000000,663,DIRECT,listing,metraj_all,3
15e82ef6-157a-ecc9-9e81-f64bf056b907,272895:5,5,منطقه 5,MUNICIPAL_AREA,2025-01-20,1403-11,287,بهمن - 1403,30000000,30035864.78,24838509.32,33333333.33,3100000000,1164,DIRECT,listing,metraj_all,3
15e82ef6-157a-ecc9-9e81-f64bf056b907,272895:5,5,منطقه 5,MUNICIPAL_AREA,2025-02-19,1403-12,288,اسفند - 1403,30783165.65,30818191.12,25239992.34,34000000,3334166656,1256,DIRECT,listing,metraj_all,3
15e82ef6-157a-ecc9-9e81-f64bf056b907,272895:5,5,منطقه 5,MUNICIPAL_AREA,2025-03-21,1404-01,289,فروردین - 1404,31422947.64,31469734.87,25607639.03,34999999.19,3449999872,1052,DIRECT,listing,metraj_all,3
15e82ef6-157a-ecc9-9e81-f64bf056b907,272895:5,5,منطقه 5,MUNICIPAL_AREA,2025-04-21,1404-02,290,اردیبهشت - 1404,32203065.14,32274717.93,26065217.39,36227854.33,3500000000,856,DIRECT,listing,metraj_all,3
15e82ef6-157a-ecc9-9e81-f64bf056b907,272895:5,5,منطقه 5,MUNICIPAL_AREA,2025-05-22,1404-03,291,خرداد - 1404,32534247.45,32608612.58,26666666.67,37190082.64,3450000000,877,DIRECT,listing,metraj_all,3
15e82ef6-157a-ecc9-9e81-f64bf056b907,272895:5,5,منطقه 5,MUNICIPAL_AREA,2025-06-22,1404-04,292,تیر - 1404,32366946.78,32430071.15,26065217.39,37081868.13,3330000000,1120,DIRECT,listing,metraj_all,3
15e82ef6-157a-ecc9-9e81-f64bf056b907,272895:5,5,منطقه 5,MUNICIPAL_AREA,2025-07-23,1404-05,293,مرداد - 1404,32315491.03,32373076.85,26250000,36793548.39,3300000000,1234,DIRECT,listing,metraj_all,3
15e82ef6-157a-ecc9-9e81-f64bf056b907,272895:5,5,منطقه 5,MUNICIPAL_AREA,2025-08-23,1404-06,294,شهریور - 1404,32500000,32552594.67,26143162.39,36206896.55,3300000000,1416,DIRECT,listing,metraj_all,3
15e82ef6-157a-ecc9-9e81-f64bf056b907,272895:5,5,منطقه 5,MUNICIPAL_AREA,2025-09-23,1404-07,295,مهر - 1404,33454545.45,33497889.86,28000000,37409937.89,3400000000,1671,DIRECT,listing,metraj_all,3
15e82ef6-157a-ecc9-9e81-f64bf056b907,272895:5,5,منطقه 5,MUNICIPAL_AREA,2025-10-23,1404-08,296,آبان - 1404,34117647.06,34159561.31,28321428.57,38166666.67,3500000000,1944,DIRECT,listing,metraj_all,3
15e82ef6-157a-ecc9-9e81-f64bf056b907,272895:5,5,منطقه 5,MUNICIPAL_AREA,2025-11-22,1404-09,297,آذر - 1404,35000000,35043005.89,29465811.97,40000000,3700000000,2199,DIRECT,listing,metraj_all,3
15e82ef6-157a-ecc9-9e81-f64bf056b907,272895:5,5,منطقه 5,MUNICIPAL_AREA,2025-12-22,1404-10,298,دی - 1404,36666666.67,36715364.02,30555555.56,43000000,4000000000,2173,DIRECT,listing,metraj_all,3
15e82ef6-157a-ecc9-9e81-f64bf056b907,272895:5,5,منطقه 5,MUNICIPAL_AREA,2026-01-21,1404-11,299,بهمن - 1404,40666666.67,40715067.73,32823660.72,50000000,4300000000,2526,DIRECT,listing,metraj_all,3
15e82ef6-157a-ecc9-9e81-f64bf056b907,272895:5,5,منطقه 5,MUNICIPAL_AREA,2026-02-20,1404-12,300,اسفند - 1404,45000000,45068853.28,35126984.13,54000000,4800000000,1987,DIRECT,listing,metraj_all,3
15e82ef6-157a-ecc9-9e81-f64bf056b907,272895:5,5,منطقه 5,MUNICIPAL_AREA,2026-03-21,1405-01,301,فروردین - 1405,47861904.77,47991598.46,37484375,55882352.94,5115000000,1412,DIRECT,listing,metraj_all,3
15e82ef6-157a-ecc9-9e81-f64bf056b907,272895:5,5,منطقه 5,MUNICIPAL_AREA,2026-04-21,1405-02,302,اردیبهشت - 1405,61333333.33,61460012.21,46666666.67,73961538.46,6275000000,1238,DIRECT,listing,metraj_all,3
15e82ef6-157a-ecc9-9e81-f64bf056b907,272895:5,5,منطقه 5,MUNICIPAL_AREA,2026-05-22,1405-03,303,خرداد - 1405,70000000,70077718.33,56470588.24,80000000,7500000000,2118,DIRECT,listing,metraj_all,3
15e82ef6-157a-ecc9-9e81-f64bf056b907,272895:5,5,منطقه 5,MUNICIPAL_AREA,2026-06-22,1405-04,304,تیر - 1405,70550527.9,70639792.03,58888888.89,80000000,7600000000,2304,DIRECT,listing,metraj_all,3
15e82ef6-157a-ecc9-9e81-f64bf056b907,272895:5,5,منطقه 5,MUNICIPAL_AREA,2026-07-23,1405-05,305,مرداد - 1405,74873417.72,74987859.43,62500000,84053525.38,8125000000,1951,DIRECT,listing,metraj_all,3
f63168ea-9f0c-e853-e800-688831354dff,272895:6,6,منطقه 6,MUNICIPAL_AREA,2021-08-23,1400-06,246,شهریور - 1400,10820145.43,14719964.63,8445787,13194503.85,1725000000,2,MODELED,listing,metraj_all,3
f63168ea-9f0c-e853-e800-688831354dff,272895:6,6,منطقه 6,MUNICIPAL_AREA,2021-09-23,1400-07,247,مهر - 1400,10820145.43,15198788.29,8445787,13194503.85,1725000000,2,MODELED,listing,metraj_all,3
f63168ea-9f0c-e853-e800-688831354dff,272895:6,6,منطقه 6,MUNICIPAL_AREA,2021-11-22,1400-09,249,آذر - 1400,21428571.43,18295506.56,21428571.43,21428571.43,2400000000,1,MODELED,listing,metraj_all,3
f63168ea-9f0c-e853-e800-688831354dff,272895:6,6,منطقه 6,MUNICIPAL_AREA,2021-12-22,1400-10,250,دی - 1400,21428571.43,18262740.08,21428571.43,21428571.43,2400000000,1,MODELED,listing,metraj_all,3
f63168ea-9f0c-e853-e800-688831354dff,272895:6,6,منطقه 6,MUNICIPAL_AREA,2022-01-21,1400-11,251,بهمن - 1400,21428571.43,16513815.5,21428571.43,21428571.43,2400000000,1,MODELED,listing,metraj_all,3
f63168ea-9f0c-e853-e800-688831354dff,272895:6,6,منطقه 6,MUNICIPAL_AREA,2022-02-20,1400-12,252,اسفند - 1400,37000000,16877395.35,37000000,37000000,4810000000,1,MODELED,listing,metraj_all,3
f63168ea-9f0c-e853-e800-688831354dff,272895:6,6,منطقه 6,MUNICIPAL_AREA,2022-03-21,1401-01,253,فروردین - 1401,37000000,23955945.14,37000000,37000000,4810000000,1,MODELED,listing,metraj_all,3
f63168ea-9f0c-e853-e800-688831354dff,272895:6,6,منطقه 6,MUNICIPAL_AREA,2022-04-21,1401-02,254,اردیبهشت - 1401,42850649.35,31304557.58,39925324.68,45775974.03,9905000000,2,MODELED,listing,metraj_all,3
f63168ea-9f0c-e853-e800-688831354dff,272895:6,6,منطقه 6,MUNICIPAL_AREA,2022-05-22,1401-03,255,خرداد - 1401,48701298.7,31701099.56,48701298.7,48701298.7,15000000000,1,MODELED,listing,metraj_all,3
f63168ea-9f0c-e853-e800-688831354dff,272895:6,6,منطقه 6,MUNICIPAL_AREA,2022-06-22,1401-04,256,تیر - 1401,48701298.7,32609456.89,48701298.7,48701298.7,15000000000,1,MODELED,listing,metraj_all,3
f63168ea-9f0c-e853-e800-688831354dff,272895:6,6,منطقه 6,MUNICIPAL_AREA,2022-11-22,1401-09,261,آذر - 1401,24354978.36,24036796.99,20113636.36,53750000,2400000000,22,MODELED,listing,metraj_all,3
f63168ea-9f0c-e853-e800-688831354dff,272895:6,6,منطقه 6,MUNICIPAL_AREA,2022-12-22,1401-10,262,دی - 1401,26024720.9,25720265.39,14166666.67,44386969.91,2225000000,94,DIRECT,listing,metraj_all,3
f63168ea-9f0c-e853-e800-688831354dff,272895:6,6,منطقه 6,MUNICIPAL_AREA,2023-01-21,1401-11,263,بهمن - 1401,32990196.08,32771373.75,20217803.03,52166666.67,3000000000,298,DIRECT,listing,metraj_all,3
f63168ea-9f0c-e853-e800-688831354dff,272895:6,6,منطقه 6,MUNICIPAL_AREA,2023-02-20,1401-12,264,اسفند - 1401,35333333.33,35164432.21,22673160.18,52055555.56,3133000000,420,DIRECT,listing,metraj_all,3
f63168ea-9f0c-e853-e800-688831354dff,272895:6,6,منطقه 6,MUNICIPAL_AREA,2023-03-21,1402-01,265,فروردین - 1402,36000000,35808831.73,25000000,57000000,3500000000,349,DIRECT,listing,metraj_all,3
f63168ea-9f0c-e853-e800-688831354dff,272895:6,6,منطقه 6,MUNICIPAL_AREA,2023-04-21,1402-02,266,اردیبهشت - 1402,34615384.62,34596750.58,17250000,60000000,3000000000,409,DIRECT,listing,metraj_all,3
f63168ea-9f0c-e853-e800-688831354dff,272895:6,6,منطقه 6,MUNICIPAL_AREA,2023-05-22,1402-03,267,خرداد - 1402,30000000,30068493.15,15762987.01,57081280.79,2300000000,574,DIRECT,listing,metraj_all,3
f63168ea-9f0c-e853-e800-688831354dff,272895:6,6,منطقه 6,MUNICIPAL_AREA,2023-06-22,1402-04,268,تیر - 1402,29285714.29,29336179.69,15500000,55000000,2300000000,849,DIRECT,listing,metraj_all,3
f63168ea-9f0c-e853-e800-688831354dff,272895:6,6,منطقه 6,MUNICIPAL_AREA,2023-07-23,1402-05,269,مرداد - 1402,27941176.47,28000205.92,15916666.67,53055555.56,2190000000,847,DIRECT,listing,metraj_all,3
f63168ea-9f0c-e853-e800-688831354dff,272895:6,6,منطقه 6,MUNICIPAL_AREA,2023-08-23,1402-06,270,شهریور - 1402,25000000,25090924.12,15269010.05,51770833.34,2100000000,779,DIRECT,listing,metraj_all,3
f63168ea-9f0c-e853-e800-688831354dff,272895:6,6,منطقه 6,MUNICIPAL_AREA,2023-09-23,1402-07,271,مهر - 1402,25000000,25092592.6,15000000,51631097.56,2100000000,722,DIRECT,listing,metraj_all,3
f63168ea-9f0c-e853-e800-688831354dff,272895:6,6,منطقه 6,MUNICIPAL_AREA,2023-10-23,1402-08,272,آبان - 1402,25000000,25090036.02,15000000,52291666.67,2200000000,704,DIRECT,listing,metraj_all,3
f63168ea-9f0c-e853-e800-688831354dff,272895:6,6,منطقه 6,MUNICIPAL_AREA,2023-11-22,1402-09,273,آذر - 1402,27692307.69,27749979.85,16000000,52805232.56,2375000000,654,DIRECT,listing,metraj_all,3
f63168ea-9f0c-e853-e800-688831354dff,272895:6,6,منطقه 6,MUNICIPAL_AREA,2023-12-22,1402-10,274,دی - 1402,27272727.27,27359052.22,16666666.67,50333333.34,2350000000,499,DIRECT,listing,metraj_all,3
f63168ea-9f0c-e853-e800-688831354dff,272895:6,6,منطقه 6,MUNICIPAL_AREA,2024-01-21,1402-11,275,بهمن - 1402,28800000,28920754.84,16900000,48250000,2350000000,255,DIRECT,listing,metraj_all,3
f63168ea-9f0c-e853-e800-688831354dff,272895:6,6,منطقه 6,MUNICIPAL_AREA,2024-02-20,1402-12,276,اسفند - 1402,28848684.21,29119840.08,18222222.22,45000000,2275000000,186,DIRECT,listing,metraj_all,3
f63168ea-9f0c-e853-e800-688831354dff,272895:6,6,منطقه 6,MUNICIPAL_AREA,2024-03-20,1403-01,277,فروردین - 1403,28848684.21,29028800.25,17328385.9,47683823.53,2500000000,276,DIRECT,listing,metraj_all,3
f63168ea-9f0c-e853-e800-688831354dff,272895:6,6,منطقه 6,MUNICIPAL_AREA,2024-04-20,1403-02,278,اردیبهشت - 1403,28571428.57,28678167.3,17150000,53030303.03,2400000000,469,DIRECT,listing,metraj_all,3
f63168ea-9f0c-e853-e800-688831354dff,272895:6,6,منطقه 6,MUNICIPAL_AREA,2024-05-21,1403-03,279,خرداد - 1403,28000000,28096153.86,17647058.82,53257575.76,2300000000,510,DIRECT,listing,metraj_all,3
f63168ea-9f0c-e853-e800-688831354dff,272895:6,6,منطقه 6,MUNICIPAL_AREA,2024-06-21,1403-04,280,تیر - 1403,27579787.24,27694622.27,18023809.53,48912162.16,2200000000,462,DIRECT,listing,metraj_all,3
f63168ea-9f0c-e853-e800-688831354dff,272895:6,6,منطقه 6,MUNICIPAL_AREA,2024-07-22,1403-05,281,مرداد - 1403,27500000,27687357.53,18461538.46,40000000,2200000000,269,DIRECT,listing,metraj_all,3
f63168ea-9f0c-e853-e800-688831354dff,272895:6,6,منطقه 6,MUNICIPAL_AREA,2024-08-22,1403-06,282,شهریور - 1403,27250000,27705020.67,18505882.35,37316037.73,2150000000,106,DIRECT,listing,metraj_all,3
f63168ea-9f0c-e853-e800-688831354dff,272895:6,6,منطقه 6,MUNICIPAL_AREA,2024-11-21,1403-09,285,آذر - 1403,21464285.72,21761012,15555555.56,31312501.28,2000000000,390,DIRECT,listing,metraj_all,3
f63168ea-9f0c-e853-e800-688831354dff,272895:6,6,منطقه 6,MUNICIPAL_AREA,2024-12-21,1403-10,286,دی - 1403,21428571.43,21539321.47,15333333.33,31250000,2000000000,1089,DIRECT,listing,metraj_all,3
f63168ea-9f0c-e853-e800-688831354dff,272895:6,6,منطقه 6,MUNICIPAL_AREA,2025-01-20,1403-11,287,بهمن - 1403,20625000,20699975.3,15000000,30000000,1950000000,1802,DIRECT,listing,metraj_all,3
f63168ea-9f0c-e853-e800-688831354dff,272895:6,6,منطقه 6,MUNICIPAL_AREA,2025-02-19,1403-12,288,اسفند - 1403,20800000,20875523.26,15207142.86,30000000,1950000000,1899,DIRECT,listing,metraj_all,3
f63168ea-9f0c-e853-e800-688831354dff,272895:6,6,منطقه 6,MUNICIPAL_AREA,2025-03-21,1404-01,289,فروردین - 1404,20500000,20604482.26,15238095.24,29230769.23,1900000000,1511,DIRECT,listing,metraj_all,3
f63168ea-9f0c-e853-e800-688831354dff,272895:6,6,منطقه 6,MUNICIPAL_AREA,2025-04-21,1404-02,290,اردیبهشت - 1404,21470587.48,21595773.06,16000000,30331578.95,1950000000,1343,DIRECT,listing,metraj_all,3
f63168ea-9f0c-e853-e800-688831354dff,272895:6,6,منطقه 6,MUNICIPAL_AREA,2025-05-22,1404-03,291,خرداد - 1404,26250000,26312985.01,17961038.96,39890578.42,2500000000,2035,DIRECT,listing,metraj_all,3
f63168ea-9f0c-e853-e800-688831354dff,272895:6,6,منطقه 6,MUNICIPAL_AREA,2025-06-22,1404-04,292,تیر - 1404,28235294.12,28271111.94,19230769.23,40187683.29,2670000000,3135,DIRECT,listing,metraj_all,3
f63168ea-9f0c-e853-e800-688831354dff,272895:6,6,منطقه 6,MUNICIPAL_AREA,2025-07-23,1404-05,293,مرداد - 1404,28666666.67,28698798.91,18956442.83,40597147.95,2730000000,3355,DIRECT,listing,metraj_all,3
f63168ea-9f0c-e853-e800-688831354dff,272895:6,6,منطقه 6,MUNICIPAL_AREA,2025-08-23,1404-06,294,شهریور - 1404,25000000,25049342.11,16414835.17,38947368.42,2350000000,3030,DIRECT,listing,metraj_all,3
f63168ea-9f0c-e853-e800-688831354dff,272895:6,6,منطقه 6,MUNICIPAL_AREA,2025-09-23,1404-07,295,مهر - 1404,21000000,21078119.28,14117647.06,34000000,1800000000,2517,DIRECT,listing,metraj_all,3
f63168ea-9f0c-e853-e800-688831354dff,272895:6,6,منطقه 6,MUNICIPAL_AREA,2025-10-23,1404-08,296,آبان - 1404,20000000,20082104.13,13771551.73,31428571.43,1690000000,2707,DIRECT,listing,metraj_all,3
f63168ea-9f0c-e853-e800-688831354dff,272895:6,6,منطقه 6,MUNICIPAL_AREA,2025-11-22,1404-09,297,آذر - 1404,20408333.34,20491926.91,14000000,33196265.56,1700000000,2872,DIRECT,listing,metraj_all,3
f63168ea-9f0c-e853-e800-688831354dff,272895:6,6,منطقه 6,MUNICIPAL_AREA,2025-12-22,1404-10,298,دی - 1404,22222222.22,22298600.76,15000000,36551724.14,1900000000,3273,DIRECT,listing,metraj_all,3
f63168ea-9f0c-e853-e800-688831354dff,272895:6,6,منطقه 6,MUNICIPAL_AREA,2026-01-21,1404-11,299,بهمن - 1404,24285714.29,24359836.02,16666666.67,39805272.11,2100000000,3856,DIRECT,listing,metraj_all,3
f63168ea-9f0c-e853-e800-688831354dff,272895:6,6,منطقه 6,MUNICIPAL_AREA,2026-02-20,1404-12,300,اسفند - 1404,26000000,26087919.46,17940151.52,42666666.67,2400000000,3715,DIRECT,listing,metraj_all,3
f63168ea-9f0c-e853-e800-688831354dff,272895:6,6,منطقه 6,MUNICIPAL_AREA,2026-03-21,1405-01,301,فروردین - 1405,29906521.74,29999515.68,20000000,47322292.33,2700000000,3904,DIRECT,listing,metraj_all,3
f63168ea-9f0c-e853-e800-688831354dff,272895:6,6,منطقه 6,MUNICIPAL_AREA,2026-04-21,1405-02,302,اردیبهشت - 1405,35000000,35099534.38,23076923.08,52666666.67,3150000000,4224,DIRECT,listing,metraj_all,3
f63168ea-9f0c-e853-e800-688831354dff,272895:6,6,منطقه 6,MUNICIPAL_AREA,2026-05-22,1405-03,303,خرداد - 1405,37018518.52,37123522.64,24551948.06,58671804.51,3400000000,4706,DIRECT,listing,metraj_all,3
f63168ea-9f0c-e853-e800-688831354dff,272895:6,6,منطقه 6,MUNICIPAL_AREA,2026-06-22,1405-04,304,تیر - 1405,38235294.12,38382272.35,25600000,64000000,3400000000,3594,DIRECT,listing,metraj_all,3
f63168ea-9f0c-e853-e800-688831354dff,272895:6,6,منطقه 6,MUNICIPAL_AREA,2026-07-23,1405-05,305,مرداد - 1405,44333333.33,44456805.95,28600000,69565217.39,4000000000,4281,DIRECT,listing,metraj_all,3
4f69b050-dcd4-20b6-0698-f620bd4fa2b7,272895:7,7,منطقه 7,MUNICIPAL_AREA,2022-01-21,1400-11,251,بهمن - 1400,10666666.67,15535460.52,10666666.67,10666666.67,1600000000,1,MODELED,listing,metraj_all,3
4f69b050-dcd4-20b6-0698-f620bd4fa2b7,272895:7,7,منطقه 7,MUNICIPAL_AREA,2022-02-20,1400-12,252,اسفند - 1400,10666666.67,14483455.96,10666666.67,10666666.67,1600000000,1,MODELED,listing,metraj_all,3
4f69b050-dcd4-20b6-0698-f620bd4fa2b7,272895:7,7,منطقه 7,MUNICIPAL_AREA,2022-03-21,1401-01,253,فروردین - 1401,10666666.67,21562005.74,10666666.67,10666666.67,1600000000,1,MODELED,listing,metraj_all,3
4f69b050-dcd4-20b6-0698-f620bd4fa2b7,272895:7,7,منطقه 7,MUNICIPAL_AREA,2022-04-21,1401-02,254,اردیبهشت - 1401,22549019.61,28409310.17,22549019.61,22549019.61,1150000000,1,MODELED,listing,metraj_all,3
4f69b050-dcd4-20b6-0698-f620bd4fa2b7,272895:7,7,منطقه 7,MUNICIPAL_AREA,2022-05-22,1401-03,255,خرداد - 1401,22024509.81,27722059.7,21366935.49,22626050.42,1450000000,4,MODELED,listing,metraj_all,3
4f69b050-dcd4-20b6-0698-f620bd4fa2b7,272895:7,7,منطقه 7,MUNICIPAL_AREA,2022-06-22,1401-04,256,تیر - 1401,22703081.24,26474531.91,21568181.82,23142857.14,1605000000,12,MODELED,listing,metraj_all,3
4f69b050-dcd4-20b6-0698-f620bd4fa2b7,272895:7,7,منطقه 7,MUNICIPAL_AREA,2022-07-23,1401-05,257,مرداد - 1401,23000000,26866680.01,21795454.55,23603896.11,1600000000,15,MODELED,listing,metraj_all,3
4f69b050-dcd4-20b6-0698-f620bd4fa2b7,272895:7,7,منطقه 7,MUNICIPAL_AREA,2022-08-23,1401-06,258,شهریور - 1401,23324175.83,26660367.99,22460526.31,24867647.06,1552000000,22,MODELED,listing,metraj_all,3
4f69b050-dcd4-20b6-0698-f620bd4fa2b7,272895:7,7,منطقه 7,MUNICIPAL_AREA,2022-09-23,1401-07,259,مهر - 1401,24000000,28393960.82,23000000,25000000,1497500000,14,MODELED,listing,metraj_all,3
4f69b050-dcd4-20b6-0698-f620bd4fa2b7,272895:7,7,منطقه 7,MUNICIPAL_AREA,2022-10-23,1401-08,260,آبان - 1401,24500000,29697604.96,22460526.31,25046875,1437000000,10,MODELED,listing,metraj_all,3
4f69b050-dcd4-20b6-0698-f620bd4fa2b7,272895:7,7,منطقه 7,MUNICIPAL_AREA,2022-11-22,1401-09,261,آذر - 1401,16086956.52,17629475.98,10909090.91,25714285.71,1600000000,37,DIRECT,listing,metraj_all,3
4f69b050-dcd4-20b6-0698-f620bd4fa2b7,272895:7,7,منطقه 7,MUNICIPAL_AREA,2022-12-22,1401-10,262,دی - 1401,14000000,14637293.78,10000000,26666666.67,1400000000,129,DIRECT,listing,metraj_all,3
4f69b050-dcd4-20b6-0698-f620bd4fa2b7,272895:7,7,منطقه 7,MUNICIPAL_AREA,2023-01-21,1401-11,263,بهمن - 1401,21659420.29,21750512.51,12338680.6,34224085.37,2195000000,494,DIRECT,listing,metraj_all,3
4f69b050-dcd4-20b6-0698-f620bd4fa2b7,272895:7,7,منطقه 7,MUNICIPAL_AREA,2023-02-20,1401-12,264,اسفند - 1401,23981481.48,24039565.34,13664114.84,35205593.57,2500000000,694,DIRECT,listing,metraj_all,3
4f69b050-dcd4-20b6-0698-f620bd4fa2b7,272895:7,7,منطقه 7,MUNICIPAL_AREA,2023-03-21,1402-01,265,فروردین - 1402,25457211.62,25517339.85,15000000,36829692.15,2800000000,602,DIRECT,listing,metraj_all,3
4f69b050-dcd4-20b6-0698-f620bd4fa2b7,272895:7,7,منطقه 7,MUNICIPAL_AREA,2023-04-21,1402-02,266,اردیبهشت - 1402,20000000,20121143.77,15000000,28496969.7,1800000000,1132,DIRECT,listing,metraj_all,3
4f69b050-dcd4-20b6-0698-f620bd4fa2b7,272895:7,7,منطقه 7,MUNICIPAL_AREA,2023-05-22,1402-03,267,خرداد - 1402,19000000,19076335.88,15000000,25000000,1700000000,1955,DIRECT,listing,metraj_all,3
4f69b050-dcd4-20b6-0698-f620bd4fa2b7,272895:7,7,منطقه 7,MUNICIPAL_AREA,2023-06-22,1402-04,268,تیر - 1402,19000000,19048882.29,14942528.74,25000000,1700000000,2981,DIRECT,listing,metraj_all,3
4f69b050-dcd4-20b6-0698-f620bd4fa2b7,272895:7,7,منطقه 7,MUNICIPAL_AREA,2023-07-23,1402-05,269,مرداد - 1402,18991666.67,19037746.71,15000000,25000000,1700000000,3030,DIRECT,listing,metraj_all,3
4f69b050-dcd4-20b6-0698-f620bd4fa2b7,272895:7,7,منطقه 7,MUNICIPAL_AREA,2023-08-23,1402-06,270,شهریور - 1402,18750000,18797822.99,14916666.67,25000000,1700000000,2797,DIRECT,listing,metraj_all,3
4f69b050-dcd4-20b6-0698-f620bd4fa2b7,272895:7,7,منطقه 7,MUNICIPAL_AREA,2023-09-23,1402-07,271,مهر - 1402,18571428.57,18622202.69,14870431.9,25000000,1700000000,2591,DIRECT,listing,metraj_all,3
4f69b050-dcd4-20b6-0698-f620bd4fa2b7,272895:7,7,منطقه 7,MUNICIPAL_AREA,2023-10-23,1402-08,272,آبان - 1402,19000000,19047673.85,14888888.89,27000000,1750000000,2597,DIRECT,listing,metraj_all,3
4f69b050-dcd4-20b6-0698-f620bd4fa2b7,272895:7,7,منطقه 7,MUNICIPAL_AREA,2023-11-22,1402-09,273,آذر - 1402,20000000,20045218.76,15000000,33539473.69,1800000000,2538,DIRECT,listing,metraj_all,3
4f69b050-dcd4-20b6-0698-f620bd4fa2b7,272895:7,7,منطقه 7,MUNICIPAL_AREA,2023-12-22,1402-10,274,دی - 1402,20769230.77,20823446.87,15384615.38,37000000,1950000000,2000,DIRECT,listing,metraj_all,3
4f69b050-dcd4-20b6-0698-f620bd4fa2b7,272895:7,7,منطقه 7,MUNICIPAL_AREA,2024-01-21,1402-11,275,بهمن - 1402,21171568.63,21273723.67,15584210.53,38166182.17,2000000000,1050,DIRECT,listing,metraj_all,3
4f69b050-dcd4-20b6-0698-f620bd4fa2b7,272895:7,7,منطقه 7,MUNICIPAL_AREA,2024-02-20,1402-12,276,اسفند - 1402,23971830.99,24101493.95,17196875,42281034.48,2400000000,776,DIRECT,listing,metraj_all,3
4f69b050-dcd4-20b6-0698-f620bd4fa2b7,272895:7,7,منطقه 7,MUNICIPAL_AREA,2024-03-20,1403-01,277,فروردین - 1403,23571428.57,23662827.12,17500000,42056074.77,2300000000,1131,DIRECT,listing,metraj_all,3
4f69b050-dcd4-20b6-0698-f620bd4fa2b7,272895:7,7,منطقه 7,MUNICIPAL_AREA,2024-04-20,1403-02,278,اردیبهشت - 1403,23125000.05,23177769.73,17387959.87,41666666.67,2250000000,1991,DIRECT,listing,metraj_all,3
4f69b050-dcd4-20b6-0698-f620bd4fa2b7,272895:7,7,منطقه 7,MUNICIPAL_AREA,2024-05-21,1403-03,279,خرداد - 1403,22266666.67,22314138.29,17222222.22,40000000,2100000000,2251,DIRECT,listing,metraj_all,3
4f69b050-dcd4-20b6-0698-f620bd4fa2b7,272895:7,7,منطقه 7,MUNICIPAL_AREA,2024-06-21,1403-04,280,تیر - 1403,22235294.12,22284470.49,17333333.33,40000000,2100000000,2179,DIRECT,listing,metraj_all,3
4f69b050-dcd4-20b6-0698-f620bd4fa2b7,272895:7,7,منطقه 7,MUNICIPAL_AREA,2024-07-22,1403-05,281,مرداد - 1403,21965317.92,22046295.78,17376518.22,40000000,2090000000,1319,DIRECT,listing,metraj_all,3
4f69b050-dcd4-20b6-0698-f620bd4fa2b7,272895:7,7,منطقه 7,MUNICIPAL_AREA,2024-08-22,1403-06,282,شهریور - 1403,22000000,22183099.82,17500000,40000000,2100000000,565,DIRECT,listing,metraj_all,3
4f69b050-dcd4-20b6-0698-f620bd4fa2b7,272895:7,7,منطقه 7,MUNICIPAL_AREA,2024-09-22,1403-07,283,مهر - 1403,22235294.12,62653437.28,22235294.12,22235294.12,1890000000,1,MODELED,listing,metraj_all,3
4f69b050-dcd4-20b6-0698-f620bd4fa2b7,272895:7,7,منطقه 7,MUNICIPAL_AREA,2024-10-22,1403-08,284,آبان - 1403,22235294.12,67583488.65,22235294.12,22235294.12,1890000000,1,MODELED,listing,metraj_all,3
4f69b050-dcd4-20b6-0698-f620bd4fa2b7,272895:7,7,منطقه 7,MUNICIPAL_AREA,2024-11-21,1403-09,285,آذر - 1403,20769230.77,20873238.27,16827922.08,30000000,1800000000,1198,DIRECT,listing,metraj_all,3
4f69b050-dcd4-20b6-0698-f620bd4fa2b7,272895:7,7,منطقه 7,MUNICIPAL_AREA,2024-12-21,1403-10,286,دی - 1403,21000000.43,21041749.93,16923076.92,30769230.77,1850000000,3008,DIRECT,listing,metraj_all,3
4f69b050-dcd4-20b6-0698-f620bd4fa2b7,272895:7,7,منطقه 7,MUNICIPAL_AREA,2025-01-20,1403-11,287,بهمن - 1403,21337398.37,21365154.14,17222222.22,31643939.4,1900000000,4628,DIRECT,listing,metraj_all,3
4f69b050-dcd4-20b6-0698-f620bd4fa2b7,272895:7,7,منطقه 7,MUNICIPAL_AREA,2025-02-19,1403-12,288,اسفند - 1403,21818181.82,21846721.14,17600000,32800000,2000000000,4685,DIRECT,listing,metraj_all,3
4f69b050-dcd4-20b6-0698-f620bd4fa2b7,272895:7,7,منطقه 7,MUNICIPAL_AREA,2025-03-21,1404-01,289,فروردین - 1404,22500000,22536867.71,18087639.31,34416666.88,2050000000,3758,DIRECT,listing,metraj_all,3
4f69b050-dcd4-20b6-0698-f620bd4fa2b7,272895:7,7,منطقه 7,MUNICIPAL_AREA,2025-04-21,1404-02,290,اردیبهشت - 1404,24292857.75,24336343.08,18688406.64,40000000,2300000000,3236,DIRECT,listing,metraj_all,3
4f69b050-dcd4-20b6-0698-f620bd4fa2b7,272895:7,7,منطقه 7,MUNICIPAL_AREA,2025-05-22,1404-03,291,خرداد - 1404,26666666.67,26705897.92,19660919.54,44367951.13,2600000000,3167,DIRECT,listing,metraj_all,3
4f69b050-dcd4-20b6-0698-f620bd4fa2b7,272895:7,7,منطقه 7,MUNICIPAL_AREA,2025-06-22,1404-04,292,تیر - 1404,29000000,29028563.66,20000000,46462912.09,2995000000,3666,DIRECT,listing,metraj_all,3
4f69b050-dcd4-20b6-0698-f620bd4fa2b7,272895:7,7,منطقه 7,MUNICIPAL_AREA,2025-07-23,1404-05,293,مرداد - 1404,29654761.91,29678829.54,20000000,47222222.22,3000000000,4072,DIRECT,listing,metraj_all,3
4f69b050-dcd4-20b6-0698-f620bd4fa2b7,272895:7,7,منطقه 7,MUNICIPAL_AREA,2025-08-23,1404-06,294,شهریور - 1404,31515151.52,31532172.28,20400000,48786764.71,3100000000,4975,DIRECT,listing,metraj_all,3
4f69b050-dcd4-20b6-0698-f620bd4fa2b7,272895:7,7,منطقه 7,MUNICIPAL_AREA,2025-09-23,1404-07,295,مهر - 1404,33000000,33013997.72,20833333.33,50000000,3200000000,5520,DIRECT,listing,metraj_all,3
4f69b050-dcd4-20b6-0698-f620bd4fa2b7,272895:7,7,منطقه 7,MUNICIPAL_AREA,2025-10-23,1404-08,296,آبان - 1404,33928571.43,33942092.68,21148351.65,50588235.29,3300000000,6187,DIRECT,listing,metraj_all,3
4f69b050-dcd4-20b6-0698-f620bd4fa2b7,272895:7,7,منطقه 7,MUNICIPAL_AREA,2025-11-22,1404-09,297,آذر - 1404,35000000,35014834.48,22106725.15,52000000,3445000000,6394,DIRECT,listing,metraj_all,3
4f69b050-dcd4-20b6-0698-f620bd4fa2b7,272895:7,7,منطقه 7,MUNICIPAL_AREA,2025-12-22,1404-10,298,دی - 1404,40000000,40010240.38,24000000,55555555.56,3850000000,7116,DIRECT,listing,metraj_all,3
4f69b050-dcd4-20b6-0698-f620bd4fa2b7,272895:7,7,منطقه 7,MUNICIPAL_AREA,2026-01-21,1404-11,299,بهمن - 1404,43867521.37,43879388.56,27500000,61276337.87,4300000000,7636,DIRECT,listing,metraj_all,3
4f69b050-dcd4-20b6-0698-f620bd4fa2b7,272895:7,7,منطقه 7,MUNICIPAL_AREA,2026-02-20,1404-12,300,اسفند - 1404,51000000,51010482.89,32400000,69905752.21,5070000000,7383,DIRECT,listing,metraj_all,3
4f69b050-dcd4-20b6-0698-f620bd4fa2b7,272895:7,7,منطقه 7,MUNICIPAL_AREA,2026-03-21,1405-01,301,فروردین - 1405,65000000,65001570.94,40000000,79921259.84,6500000000,8293,DIRECT,listing,metraj_all,3
4f69b050-dcd4-20b6-0698-f620bd4fa2b7,272895:7,7,منطقه 7,MUNICIPAL_AREA,2026-04-21,1405-02,302,اردیبهشت - 1405,70065860.74,70073224.94,47744318.18,85592307.69,7000000000,9600,DIRECT,listing,metraj_all,3
4f69b050-dcd4-20b6-0698-f620bd4fa2b7,272895:7,7,منطقه 7,MUNICIPAL_AREA,2026-05-22,1405-03,303,خرداد - 1405,72640575.8,72654325.19,48888888.89,93176961.93,7400000000,10098,DIRECT,listing,metraj_all,3
4f69b050-dcd4-20b6-0698-f620bd4fa2b7,272895:7,7,منطقه 7,MUNICIPAL_AREA,2026-06-22,1405-04,304,تیر - 1405,73275862.07,73300817.37,47178947.37,100000000,7200000000,7175,DIRECT,listing,metraj_all,3
4f69b050-dcd4-20b6-0698-f620bd4fa2b7,272895:7,7,منطقه 7,MUNICIPAL_AREA,2026-07-23,1405-05,305,مرداد - 1405,92231800.77,92237378.6,58383333.33,111764705.88,9000000000,9104,DIRECT,listing,metraj_all,3
cb3aa3ec-e3db-49d3-f122-1894b87433e7,272895:8,8,منطقه 8,MUNICIPAL_AREA,2021-08-23,1400-06,246,شهریور - 1400,16203703.7,15563908.04,16203703.7,16203703.7,1750000000,1,MODELED,listing,metraj_all,3
cb3aa3ec-e3db-49d3-f122-1894b87433e7,272895:8,8,منطقه 8,MUNICIPAL_AREA,2021-09-23,1400-07,247,مهر - 1400,16203703.7,16086261.12,16203703.7,16203703.7,1750000000,1,MODELED,listing,metraj_all,3
cb3aa3ec-e3db-49d3-f122-1894b87433e7,272895:8,8,منطقه 8,MUNICIPAL_AREA,2021-10-23,1400-08,248,آبان - 1400,53556397.31,22499298.54,34880050.5,72232744.11,10375000000,2,MODELED,listing,metraj_all,3
cb3aa3ec-e3db-49d3-f122-1894b87433e7,272895:8,8,منطقه 8,MUNICIPAL_AREA,2021-11-22,1400-09,249,آذر - 1400,90909090.91,24611917.42,90909090.91,90909090.91,19000000000,1,MODELED,listing,metraj_all,3
cb3aa3ec-e3db-49d3-f122-1894b87433e7,272895:8,8,منطقه 8,MUNICIPAL_AREA,2021-12-22,1400-10,250,دی - 1400,33636363.64,21566973.87,33484848.49,62272727.28,18500000000,3,MODELED,listing,metraj_all,3
cb3aa3ec-e3db-49d3-f122-1894b87433e7,272895:8,8,منطقه 8,MUNICIPAL_AREA,2022-01-21,1400-11,251,بهمن - 1400,33333333.33,21792671.05,16037735.85,33636363.64,2250000000,5,MODELED,listing,metraj_all,3
cb3aa3ec-e3db-49d3-f122-1894b87433e7,272895:8,8,منطقه 8,MUNICIPAL_AREA,2022-02-20,1400-12,252,اسفند - 1400,33333333.33,21021201.04,16037735.85,33636363.64,2250000000,5,MODELED,listing,metraj_all,3
cb3aa3ec-e3db-49d3-f122-1894b87433e7,272895:8,8,منطقه 8,MUNICIPAL_AREA,2022-03-21,1401-01,253,فروردین - 1401,16037735.85,21125277.23,15426275.33,27755710.03,1700000000,3,MODELED,listing,metraj_all,3
cb3aa3ec-e3db-49d3-f122-1894b87433e7,272895:8,8,منطقه 8,MUNICIPAL_AREA,2022-11-22,1401-09,261,آذر - 1401,28916666.67,26770563.33,22129263.02,35568181.82,2672500000,16,MODELED,listing,metraj_all,3
cb3aa3ec-e3db-49d3-f122-1894b87433e7,272895:8,8,منطقه 8,MUNICIPAL_AREA,2022-12-22,1401-10,262,دی - 1401,31511123.17,30504990.66,24080357.15,42828947.37,3000000000,76,DIRECT,listing,metraj_all,3
cb3aa3ec-e3db-49d3-f122-1894b87433e7,272895:8,8,منطقه 8,MUNICIPAL_AREA,2023-01-21,1401-11,263,بهمن - 1401,36000000,35600429.03,28776041.67,45863636.36,3970000000,234,DIRECT,listing,metraj_all,3
cb3aa3ec-e3db-49d3-f122-1894b87433e7,272895:8,8,منطقه 8,MUNICIPAL_AREA,2023-02-20,1401-12,264,اسفند - 1401,39000000,38647438.23,30715811.97,48121212.12,4212500000,300,DIRECT,listing,metraj_all,3
cb3aa3ec-e3db-49d3-f122-1894b87433e7,272895:8,8,منطقه 8,MUNICIPAL_AREA,2023-03-21,1402-01,265,فروردین - 1402,40000000,39567213.51,32450331.13,50000000,4450000000,241,DIRECT,listing,metraj_all,3
cb3aa3ec-e3db-49d3-f122-1894b87433e7,272895:8,8,منطقه 8,MUNICIPAL_AREA,2023-04-21,1402-02,266,اردیبهشت - 1402,45000000,44763945.42,37850780.8,54233511.59,5270000000,463,DIRECT,listing,metraj_all,3
cb3aa3ec-e3db-49d3-f122-1894b87433e7,272895:8,8,منطقه 8,MUNICIPAL_AREA,2023-05-22,1402-03,267,خرداد - 1402,47222222.22,47064627.2,39215686.27,56250000,5600000000,829,DIRECT,listing,metraj_all,3
cb3aa3ec-e3db-49d3-f122-1894b87433e7,272895:8,8,منطقه 8,MUNICIPAL_AREA,2023-06-22,1402-04,268,تیر - 1402,47590722.5,47485842.39,39991388.89,56025862.07,5500000000,1322,DIRECT,listing,metraj_all,3
cb3aa3ec-e3db-49d3-f122-1894b87433e7,272895:8,8,منطقه 8,MUNICIPAL_AREA,2023-07-23,1402-05,269,مرداد - 1402,47540983.61,47442400.67,39565217.39,55298913.04,5185000000,1465,DIRECT,listing,metraj_all,3
cb3aa3ec-e3db-49d3-f122-1894b87433e7,272895:8,8,منطقه 8,MUNICIPAL_AREA,2023-08-23,1402-06,270,شهریور - 1402,46666666.67,46564099.41,39369100.85,55000000,5040000000,1403,DIRECT,listing,metraj_all,3
cb3aa3ec-e3db-49d3-f122-1894b87433e7,272895:8,8,منطقه 8,MUNICIPAL_AREA,2023-09-23,1402-07,271,مهر - 1402,46363636.36,46263596.18,38957621.33,54530760.19,5100000000,1448,DIRECT,listing,metraj_all,3
cb3aa3ec-e3db-49d3-f122-1894b87433e7,272895:8,8,منطقه 8,MUNICIPAL_AREA,2023-10-23,1402-08,272,آبان - 1402,48550420.17,48460964.33,40625000,57692307.69,5400000000,1904,DIRECT,listing,metraj_all,3
cb3aa3ec-e3db-49d3-f122-1894b87433e7,272895:8,8,منطقه 8,MUNICIPAL_AREA,2023-11-22,1402-09,273,آذر - 1402,50000000,49928545.01,41721014.49,60000000,5500000000,2576,DIRECT,listing,metraj_all,3
cb3aa3ec-e3db-49d3-f122-1894b87433e7,272895:8,8,منطقه 8,MUNICIPAL_AREA,2023-12-22,1402-10,274,دی - 1402,50000000,49923098.44,42017773.9,60000000,5500000000,2374,DIRECT,listing,metraj_all,3
cb3aa3ec-e3db-49d3-f122-1894b87433e7,272895:8,8,منطقه 8,MUNICIPAL_AREA,2024-01-21,1402-11,275,بهمن - 1402,50000000,49871886.14,42047438.98,60000000,5700000000,1395,DIRECT,listing,metraj_all,3
cb3aa3ec-e3db-49d3-f122-1894b87433e7,272895:8,8,منطقه 8,MUNICIPAL_AREA,2024-02-20,1402-12,276,اسفند - 1402,52941176.47,52776458.6,45000000,61989130.44,5800000000,1130,DIRECT,listing,metraj_all,3
cb3aa3ec-e3db-49d3-f122-1894b87433e7,272895:8,8,منطقه 8,MUNICIPAL_AREA,2024-03-20,1403-01,277,فروردین - 1403,53977370.23,53840912.8,45400219.3,62998031.5,5800000000,1454,DIRECT,listing,metraj_all,3
cb3aa3ec-e3db-49d3-f122-1894b87433e7,272895:8,8,منطقه 8,MUNICIPAL_AREA,2024-04-20,1403-02,278,اردیبهشت - 1403,54000000,53917247.31,45098039.22,63157894.74,6000000000,2445,DIRECT,listing,metraj_all,3
cb3aa3ec-e3db-49d3-f122-1894b87433e7,272895:8,8,منطقه 8,MUNICIPAL_AREA,2024-05-21,1403-03,279,خرداد - 1403,53333333.33,53253027.91,44392361.11,63703208.56,5935000000,2522,DIRECT,listing,metraj_all,3
cb3aa3ec-e3db-49d3-f122-1894b87433e7,272895:8,8,منطقه 8,MUNICIPAL_AREA,2024-06-21,1403-04,280,تیر - 1403,53000000,52919419.83,43991379.31,62500000,5850000000,2472,DIRECT,listing,metraj_all,3
cb3aa3ec-e3db-49d3-f122-1894b87433e7,272895:8,8,منطقه 8,MUNICIPAL_AREA,2024-07-22,1403-05,281,مرداد - 1403,52000000,51870739.61,43166666.67,62162162.16,5508000000,1481,DIRECT,listing,metraj_all,3
cb3aa3ec-e3db-49d3-f122-1894b87433e7,272895:8,8,منطقه 8,MUNICIPAL_AREA,2024-08-22,1403-06,282,شهریور - 1403,51333333.33,51030513.79,42591463.42,60000000,5500000000,611,DIRECT,listing,metraj_all,3
cb3aa3ec-e3db-49d3-f122-1894b87433e7,272895:8,8,منطقه 8,MUNICIPAL_AREA,2024-11-21,1403-09,285,آذر - 1403,50000000.86,49718469.37,35392627.94,65454545.45,5699999744,582,DIRECT,listing,metraj_all,3
cb3aa3ec-e3db-49d3-f122-1894b87433e7,272895:8,8,منطقه 8,MUNICIPAL_AREA,2024-12-21,1403-10,286,دی - 1403,48148146.25,48040938.1,33333333.33,64686275.16,5500000256,1347,DIRECT,listing,metraj_all,3
cb3aa3ec-e3db-49d3-f122-1894b87433e7,272895:8,8,منطقه 8,MUNICIPAL_AREA,2025-01-20,1403-11,287,بهمن - 1403,48999999.39,48939510.74,34694445.04,64878671.51,5500000256,2435,DIRECT,listing,metraj_all,3
cb3aa3ec-e3db-49d3-f122-1894b87433e7,272895:8,8,منطقه 8,MUNICIPAL_AREA,2025-02-19,1403-12,288,اسفند - 1403,49450546.64,49396551.36,35000000,64999999.02,5600000000,2626,DIRECT,listing,metraj_all,3
cb3aa3ec-e3db-49d3-f122-1894b87433e7,272895:8,8,منطقه 8,MUNICIPAL_AREA,2025-03-21,1404-01,289,فروردین - 1404,50000000.95,49943038.83,35714285.71,66650001.07,5900000256,2379,DIRECT,listing,metraj_all,3
cb3aa3ec-e3db-49d3-f122-1894b87433e7,272895:8,8,منطقه 8,MUNICIPAL_AREA,2025-04-21,1404-02,290,اردیبهشت - 1404,54857142.86,54785469.89,40217391.3,70000001.51,6600000000,2285,DIRECT,listing,metraj_all,3
cb3aa3ec-e3db-49d3-f122-1894b87433e7,272895:8,8,منطقه 8,MUNICIPAL_AREA,2025-05-22,1404-03,291,خرداد - 1404,58139534.88,58066112.32,44960936.22,74715579.3,7350000000,2579,DIRECT,listing,metraj_all,3
cb3aa3ec-e3db-49d3-f122-1894b87433e7,272895:8,8,منطقه 8,MUNICIPAL_AREA,2025-06-22,1404-04,292,تیر - 1404,59999999.27,59933093.27,46666666.67,75000000,7500000000,3054,DIRECT,listing,metraj_all,3
cb3aa3ec-e3db-49d3-f122-1894b87433e7,272895:8,8,منطقه 8,MUNICIPAL_AREA,2025-07-23,1404-05,293,مرداد - 1404,60344827.59,60281328.93,48506280.08,75000000,7500000000,3276,DIRECT,listing,metraj_all,3
cb3aa3ec-e3db-49d3-f122-1894b87433e7,272895:8,8,منطقه 8,MUNICIPAL_AREA,2025-08-23,1404-06,294,شهریور - 1404,63483146.07,63423890.09,50000000,77500000,7490000000,3953,DIRECT,listing,metraj_all,3
cb3aa3ec-e3db-49d3-f122-1894b87433e7,272895:8,8,منطقه 8,MUNICIPAL_AREA,2025-09-23,1404-07,295,مهر - 1404,65000000,64947660.71,52352941.18,80000000,7600000000,4625,DIRECT,listing,metraj_all,3
cb3aa3ec-e3db-49d3-f122-1894b87433e7,272895:8,8,منطقه 8,MUNICIPAL_AREA,2025-10-23,1404-08,296,آبان - 1404,66956521.74,66911989.08,54838709.68,82608695.65,8000000000,5525,DIRECT,listing,metraj_all,3
cb3aa3ec-e3db-49d3-f122-1894b87433e7,272895:8,8,منطقه 8,MUNICIPAL_AREA,2025-11-22,1404-09,297,آذر - 1404,70000000,69957236.29,56886227.54,85000000,8400000000,5953,DIRECT,listing,metraj_all,3
cb3aa3ec-e3db-49d3-f122-1894b87433e7,272895:8,8,منطقه 8,MUNICIPAL_AREA,2025-12-22,1404-10,298,دی - 1404,73125000,73082996.91,59589646.47,90000000,8800000000,6139,DIRECT,listing,metraj_all,3
cb3aa3ec-e3db-49d3-f122-1894b87433e7,272895:8,8,منطقه 8,MUNICIPAL_AREA,2026-01-21,1404-11,299,بهمن - 1404,80000000,79959438.13,65000000,100000000,9800000000,6661,DIRECT,listing,metraj_all,3
cb3aa3ec-e3db-49d3-f122-1894b87433e7,272895:8,8,منطقه 8,MUNICIPAL_AREA,2026-02-20,1404-12,300,اسفند - 1404,87823299.89,87769836.67,70000000,109411764.71,10800000000,5428,DIRECT,listing,metraj_all,3
cb3aa3ec-e3db-49d3-f122-1894b87433e7,272895:8,8,منطقه 8,MUNICIPAL_AREA,2026-03-21,1405-01,301,فروردین - 1405,96000000,95935458.27,78867521.37,120000000,11900000000,4591,DIRECT,listing,metraj_all,3
cb3aa3ec-e3db-49d3-f122-1894b87433e7,272895:8,8,منطقه 8,MUNICIPAL_AREA,2026-04-21,1405-02,302,اردیبهشت - 1405,120000000,119912105.94,95000000,149588284.34,14500000000,4866,DIRECT,listing,metraj_all,3
cb3aa3ec-e3db-49d3-f122-1894b87433e7,272895:8,8,منطقه 8,MUNICIPAL_AREA,2026-05-22,1405-03,303,خرداد - 1405,134868421.05,134802603.32,108280254.78,162000000,16150000000,7333,DIRECT,listing,metraj_all,3
cb3aa3ec-e3db-49d3-f122-1894b87433e7,272895:8,8,منطقه 8,MUNICIPAL_AREA,2026-06-22,1405-04,304,تیر - 1405,140000000,139933622.97,113600000,169867549.67,16900000000,7341,DIRECT,listing,metraj_all,3
cb3aa3ec-e3db-49d3-f122-1894b87433e7,272895:8,8,منطقه 8,MUNICIPAL_AREA,2026-07-23,1405-05,305,مرداد - 1405,149484536.08,149404925.06,120000000,180404135.34,18000000000,6543,DIRECT,listing,metraj_all,3
3b1db13c-5375-2f43-d970-0655a2b5e18e,272895:9,9,منطقه 9,MUNICIPAL_AREA,2021-08-23,1400-06,246,شهریور - 1400,19223300.97,17361614.72,16448801.74,20000000,1700000000,10,MODELED,listing,metraj_all,3
3b1db13c-5375-2f43-d970-0655a2b5e18e,272895:9,9,منطقه 9,MUNICIPAL_AREA,2021-09-23,1400-07,247,مهر - 1400,18148148.15,17160704.68,14864253.4,27708333.34,1600000000,11,MODELED,listing,metraj_all,3
3b1db13c-5375-2f43-d970-0655a2b5e18e,272895:9,9,منطقه 9,MUNICIPAL_AREA,2021-10-23,1400-08,248,آبان - 1400,18750000,17765151.51,15812500,23166666.67,1650000000,15,MODELED,listing,metraj_all,3
3b1db13c-5375-2f43-d970-0655a2b5e18e,272895:9,9,منطقه 9,MUNICIPAL_AREA,2021-11-22,1400-09,249,آذر - 1400,18750000,18442880.03,16108108.11,22166666.67,1750000000,15,MODELED,listing,metraj_all,3
3b1db13c-5375-2f43-d970-0655a2b5e18e,272895:9,9,منطقه 9,MUNICIPAL_AREA,2021-12-22,1400-10,250,دی - 1400,18750000,18400503.02,16216216.22,21333333.33,1750000000,13,MODELED,listing,metraj_all,3
3b1db13c-5375-2f43-d970-0655a2b5e18e,272895:9,9,منطقه 9,MUNICIPAL_AREA,2022-01-21,1400-11,251,بهمن - 1400,19166666.67,17201462.45,18177083.33,22250000,1975000000,6,MODELED,listing,metraj_all,3
3b1db13c-5375-2f43-d970-0655a2b5e18e,272895:9,9,منطقه 9,MUNICIPAL_AREA,2022-02-20,1400-12,252,اسفند - 1400,18125000,15617411.45,14831730.77,19062500,1450000000,3,MODELED,listing,metraj_all,3
3b1db13c-5375-2f43-d970-0655a2b5e18e,272895:9,9,منطقه 9,MUNICIPAL_AREA,2022-03-21,1401-01,253,فروردین - 1401,24169903.91,23220926.25,23111168.3,25866587.25,3357000000,6,MODELED,listing,metraj_all,3
3b1db13c-5375-2f43-d970-0655a2b5e18e,272895:9,9,منطقه 9,MUNICIPAL_AREA,2022-04-21,1401-02,254,اردیبهشت - 1401,29090909.09,29086224.29,24850000,34566341.52,2200000000,194,DIRECT,listing,metraj_all,3
3b1db13c-5375-2f43-d970-0655a2b5e18e,272895:9,9,منطقه 9,MUNICIPAL_AREA,2022-05-22,1401-03,255,خرداد - 1401,30168364.46,30165419.3,25000000,36250000,2100000000,558,DIRECT,listing,metraj_all,3
3b1db13c-5375-2f43-d970-0655a2b5e18e,272895:9,9,منطقه 9,MUNICIPAL_AREA,2022-06-22,1401-04,256,تیر - 1401,31298432.42,31295067.19,26000000,37910848.55,2100000000,876,DIRECT,listing,metraj_all,3
3b1db13c-5375-2f43-d970-0655a2b5e18e,272895:9,9,منطقه 9,MUNICIPAL_AREA,2022-07-23,1401-05,257,مرداد - 1401,33000000,32996822.69,27518115.94,39682539.68,2130000000,1039,DIRECT,listing,metraj_all,3
3b1db13c-5375-2f43-d970-0655a2b5e18e,272895:9,9,منطقه 9,MUNICIPAL_AREA,2022-08-23,1401-06,258,شهریور - 1401,34615384.62,34610668.96,29384469.7,40514172.71,2150000000,1295,DIRECT,listing,metraj_all,3
3b1db13c-5375-2f43-d970-0655a2b5e18e,272895:9,9,منطقه 9,MUNICIPAL_AREA,2022-09-23,1401-07,259,مهر - 1401,35000000,34995371.75,29719172.3,41000000,2150000000,972,DIRECT,listing,metraj_all,3
3b1db13c-5375-2f43-d970-0655a2b5e18e,272895:9,9,منطقه 9,MUNICIPAL_AREA,2022-10-23,1401-08,260,آبان - 1401,35000000,34998336.67,30000000,40632301.4,2150000000,620,DIRECT,listing,metraj_all,3
3b1db13c-5375-2f43-d970-0655a2b5e18e,272895:9,9,منطقه 9,MUNICIPAL_AREA,2022-11-22,1401-09,261,آذر - 1401,26948275.86,26857988.91,22937500,34427631.58,3172500000,390,DIRECT,listing,metraj_all,3
3b1db13c-5375-2f43-d970-0655a2b5e18e,272895:9,9,منطقه 9,MUNICIPAL_AREA,2022-12-22,1401-10,262,دی - 1401,28125000,28082112.24,23339416.06,35000000,3200000000,1218,DIRECT,listing,metraj_all,3
3b1db13c-5375-2f43-d970-0655a2b5e18e,272895:9,9,منطقه 9,MUNICIPAL_AREA,2023-01-21,1401-11,263,بهمن - 1401,30689655.17,30678702.33,26190476.19,36554111.68,3400000000,4043,DIRECT,listing,metraj_all,3
3b1db13c-5375-2f43-d970-0655a2b5e18e,272895:9,9,منطقه 9,MUNICIPAL_AREA,2023-02-20,1401-12,264,اسفند - 1401,32706766.92,32698167.07,27826086.96,38518518.52,3600000000,5381,DIRECT,listing,metraj_all,3
3b1db13c-5375-2f43-d970-0655a2b5e18e,272895:9,9,منطقه 9,MUNICIPAL_AREA,2023-03-21,1402-01,265,فروردین - 1402,33333333.33,33324143.07,28662162.17,38953488.37,3625000000,4556,DIRECT,listing,metraj_all,3
3b1db13c-5375-2f43-d970-0655a2b5e18e,272895:9,9,منطقه 9,MUNICIPAL_AREA,2023-04-21,1402-02,266,اردیبهشت - 1402,40000000,39990917.23,34513305.32,46666666.67,4400000000,6778,DIRECT,listing,metraj_all,3
3b1db13c-5375-2f43-d970-0655a2b5e18e,272895:9,9,منطقه 9,MUNICIPAL_AREA,2023-05-22,1402-03,267,خرداد - 1402,41333333.33,41326104.81,36000000,48625874.13,4500000000,10135,DIRECT,listing,metraj_all,3
3b1db13c-5375-2f43-d970-0655a2b5e18e,272895:9,9,منطقه 9,MUNICIPAL_AREA,2023-06-22,1402-04,268,تیر - 1402,41379310.34,41374070.86,36000000,48699887.07,4500000000,14798,DIRECT,listing,metraj_all,3
3b1db13c-5375-2f43-d970-0655a2b5e18e,272895:9,9,منطقه 9,MUNICIPAL_AREA,2023-07-23,1402-05,269,مرداد - 1402,41333333.33,41327459.41,35652173.91,48235294.12,4500000000,14177,DIRECT,listing,metraj_all,3
3b1db13c-5375-2f43-d970-0655a2b5e18e,272895:9,9,منطقه 9,MUNICIPAL_AREA,2023-08-23,1402-06,270,شهریور - 1402,41111111.11,41104043.9,35294117.65,47951066.56,4400000000,12636,DIRECT,listing,metraj_all,3
3b1db13c-5375-2f43-d970-0655a2b5e18e,272895:9,9,منطقه 9,MUNICIPAL_AREA,2023-09-23,1402-07,271,مهر - 1402,40769230.77,40761315.06,35000000,47692307.69,4350000000,11349,DIRECT,listing,metraj_all,3
3b1db13c-5375-2f43-d970-0655a2b5e18e,272895:9,9,منطقه 9,MUNICIPAL_AREA,2023-10-23,1402-08,272,آبان - 1402,40555555.56,40547120.27,34883720.93,47887297.47,4397500000,10810,DIRECT,listing,metraj_all,3
3b1db13c-5375-2f43-d970-0655a2b5e18e,272895:9,9,منطقه 9,MUNICIPAL_AREA,2023-11-22,1402-09,273,آذر - 1402,40588235.29,40579548.41,34782608.7,48333333.33,4500000000,10427,DIRECT,listing,metraj_all,3
3b1db13c-5375-2f43-d970-0655a2b5e18e,272895:9,9,منطقه 9,MUNICIPAL_AREA,2023-12-22,1402-10,274,دی - 1402,40462821.3,40452091.67,34666666.67,48467365.97,4550000000,8188,DIRECT,listing,metraj_all,3
3b1db13c-5375-2f43-d970-0655a2b5e18e,272895:9,9,منطقه 9,MUNICIPAL_AREA,2024-01-21,1402-11,275,بهمن - 1402,40336134.45,40316797.56,34642857.14,48734177.22,4600000000,4301,DIRECT,listing,metraj_all,3
3b1db13c-5375-2f43-d970-0655a2b5e18e,272895:9,9,منطقه 9,MUNICIPAL_AREA,2024-02-20,1402-12,276,اسفند - 1402,41818181.82,41795446.91,35375000,50625000,4800000000,3357,DIRECT,listing,metraj_all,3
3b1db13c-5375-2f43-d970-0655a2b5e18e,272895:9,9,منطقه 9,MUNICIPAL_AREA,2024-03-20,1403-01,277,فروردین - 1403,43076923.08,43055906.83,36363636.36,52083333.33,5000000000,4309,DIRECT,listing,metraj_all,3
3b1db13c-5375-2f43-d970-0655a2b5e18e,272895:9,9,منطقه 9,MUNICIPAL_AREA,2024-04-20,1403-02,278,اردیبهشت - 1403,43453109.9,43440482.06,36611408.1,52083333.33,4900000000,7726,DIRECT,listing,metraj_all,3
3b1db13c-5375-2f43-d970-0655a2b5e18e,272895:9,9,منطقه 9,MUNICIPAL_AREA,2024-05-21,1403-03,279,خرداد - 1403,43793103.45,43780540.18,37142857.14,52500000,4900000000,8581,DIRECT,listing,metraj_all,3
3b1db13c-5375-2f43-d970-0655a2b5e18e,272895:9,9,منطقه 9,MUNICIPAL_AREA,2024-06-21,1403-04,280,تیر - 1403,43902439.02,43889878.61,37333333.33,52500000,4900000000,8670,DIRECT,listing,metraj_all,3
3b1db13c-5375-2f43-d970-0655a2b5e18e,272895:9,9,منطقه 9,MUNICIPAL_AREA,2024-07-22,1403-05,281,مرداد - 1403,43943661.97,43922350.2,37333333.33,52727272.73,4900000000,5253,DIRECT,listing,metraj_all,3
3b1db13c-5375-2f43-d970-0655a2b5e18e,272895:9,9,منطقه 9,MUNICIPAL_AREA,2024-08-22,1403-06,282,شهریور - 1403,44000000,43947641.44,37500000,52653061.22,4850000000,2181,DIRECT,listing,metraj_all,3
3b1db13c-5375-2f43-d970-0655a2b5e18e,272895:9,9,منطقه 9,MUNICIPAL_AREA,2024-10-22,1403-08,284,آبان - 1403,200000000,83743916.45,200000000,200000000,6000000000,1,MODELED,listing,metraj_all,3
3b1db13c-5375-2f43-d970-0655a2b5e18e,272895:9,9,منطقه 9,MUNICIPAL_AREA,2024-11-21,1403-09,285,آذر - 1403,44361414.96,44325977.69,36111109.69,54999999.13,5200000000,3102,DIRECT,listing,metraj_all,3
3b1db13c-5375-2f43-d970-0655a2b5e18e,272895:9,9,منطقه 9,MUNICIPAL_AREA,2024-12-21,1403-10,286,دی - 1403,44800000,44785299.91,36666668.37,55135137.9,5200000000,7609,DIRECT,listing,metraj_all,3
3b1db13c-5375-2f43-d970-0655a2b5e18e,272895:9,9,منطقه 9,MUNICIPAL_AREA,2025-01-20,1403-11,287,بهمن - 1403,45357143.77,45348051.91,37264035.3,55849336.65,5399000064,12250,DIRECT,listing,metraj_all,3
3b1db13c-5375-2f43-d970-0655a2b5e18e,272895:9,9,منطقه 9,MUNICIPAL_AREA,2025-02-19,1403-12,288,اسفند - 1403,46451612.9,46443098.9,38271604.94,57575759.13,5500000256,13185,DIRECT,listing,metraj_all,3
3b1db13c-5375-2f43-d970-0655a2b5e18e,272895:9,9,منطقه 9,MUNICIPAL_AREA,2025-03-21,1404-01,289,فروردین - 1404,48076924.72,48066249.43,39434607.65,60027325.48,5750000128,10936,DIRECT,listing,metraj_all,3
3b1db13c-5375-2f43-d970-0655a2b5e18e,272895:9,9,منطقه 9,MUNICIPAL_AREA,2025-04-21,1404-02,290,اردیبهشت - 1404,50400002.05,50388595.41,41904761.9,63840904.98,6300000256,10503,DIRECT,listing,metraj_all,3
3b1db13c-5375-2f43-d970-0655a2b5e18e,272895:9,9,منطقه 9,MUNICIPAL_AREA,2025-05-22,1404-03,291,خرداد - 1404,52155172.41,52142431.79,43181818.18,65000000,6500000000,10213,DIRECT,listing,metraj_all,3
3b1db13c-5375-2f43-d970-0655a2b5e18e,272895:9,9,منطقه 9,MUNICIPAL_AREA,2025-06-22,1404-04,292,تیر - 1404,52142857.14,52132600.08,43333333.33,64516129.03,6490000000,12316,DIRECT,listing,metraj_all,3
3b1db13c-5375-2f43-d970-0655a2b5e18e,272895:9,9,منطقه 9,MUNICIPAL_AREA,2025-07-23,1404-05,293,مرداد - 1404,51851851.85,51841920.33,43333333.33,64000000,6200000000,12448,DIRECT,listing,metraj_all,3
3b1db13c-5375-2f43-d970-0655a2b5e18e,272895:9,9,منطقه 9,MUNICIPAL_AREA,2025-08-23,1404-06,294,شهریور - 1404,52033702.03,52025256.14,43333333.33,64705882.35,6100000000,14238,DIRECT,listing,metraj_all,3
3b1db13c-5375-2f43-d970-0655a2b5e18e,272895:9,9,منطقه 9,MUNICIPAL_AREA,2025-09-23,1404-07,295,مهر - 1404,52941176.47,52933565.47,43838904.11,65778919.22,6200000000,16020,DIRECT,listing,metraj_all,3
3b1db13c-5375-2f43-d970-0655a2b5e18e,272895:9,9,منطقه 9,MUNICIPAL_AREA,2025-10-23,1404-08,296,آبان - 1404,54581386.29,54574743.24,45000000,67567567.57,6410000000,18466,DIRECT,listing,metraj_all,3
3b1db13c-5375-2f43-d970-0655a2b5e18e,272895:9,9,منطقه 9,MUNICIPAL_AREA,2025-11-22,1404-09,297,آذر - 1404,56800000,56793881.81,47058823.53,70000000,6800000000,20094,DIRECT,listing,metraj_all,3
3b1db13c-5375-2f43-d970-0655a2b5e18e,272895:9,9,منطقه 9,MUNICIPAL_AREA,2025-12-22,1404-10,298,دی - 1404,60000000,59993600.98,49532710.28,74375000,7300000000,19841,DIRECT,listing,metraj_all,3
3b1db13c-5375-2f43-d970-0655a2b5e18e,272895:9,9,منطقه 9,MUNICIPAL_AREA,2026-01-21,1404-11,299,بهمن - 1404,68235294.12,68228307,55200000,85185185.19,8500000000,21879,DIRECT,listing,metraj_all,3
3b1db13c-5375-2f43-d970-0655a2b5e18e,272895:9,9,منطقه 9,MUNICIPAL_AREA,2026-02-20,1404-12,300,اسفند - 1404,75000000,74990610.74,60683760.68,92800000,9500000000,17297,DIRECT,listing,metraj_all,3
3b1db13c-5375-2f43-d970-0655a2b5e18e,272895:9,9,منطقه 9,MUNICIPAL_AREA,2026-03-21,1405-01,301,فروردین - 1405,82083333.33,82071597.38,68235294.12,100000000,10700000000,13435,DIRECT,listing,metraj_all,3
3b1db13c-5375-2f43-d970-0655a2b5e18e,272895:9,9,منطقه 9,MUNICIPAL_AREA,2026-04-21,1405-02,302,اردیبهشت - 1405,106060606.06,106039325.8,86046511.63,133060200.67,13600000000,13579,DIRECT,listing,metraj_all,3
3b1db13c-5375-2f43-d970-0655a2b5e18e,272895:9,9,منطقه 9,MUNICIPAL_AREA,2026-05-22,1405-03,303,خرداد - 1405,117647058.82,117632781.62,97189743.59,146328626.44,15200000000,21779,DIRECT,listing,metraj_all,3
3b1db13c-5375-2f43-d970-0655a2b5e18e,272895:9,9,منطقه 9,MUNICIPAL_AREA,2026-06-22,1405-04,304,تیر - 1405,120000000,119987258.84,100000000,150000000,15500000000,22589,DIRECT,listing,metraj_all,3
3b1db13c-5375-2f43-d970-0655a2b5e18e,272895:9,9,منطقه 9,MUNICIPAL_AREA,2026-07-23,1405-05,305,مرداد - 1405,125000000,124984891.64,104166666.67,153321167.88,15775000000,18314,DIRECT,listing,metraj_all,3
5ca4809c-79f0-ec4a-4993-1d01fde9600d,272895:10,10,منطقه 10,MUNICIPAL_AREA,2021-08-23,1400-06,246,شهریور - 1400,9157894.74,14036382.22,7736842.11,11126566.42,870000000,3,MODELED,listing,metraj_all,3
5ca4809c-79f0-ec4a-4993-1d01fde9600d,272895:10,10,منطقه 10,MUNICIPAL_AREA,2021-09-23,1400-07,247,مهر - 1400,11241666.67,14262198.04,10100000,12842261.91,1000000000,6,MODELED,listing,metraj_all,3
5ca4809c-79f0-ec4a-4993-1d01fde9600d,272895:10,10,منطقه 10,MUNICIPAL_AREA,2021-10-23,1400-08,248,آبان - 1400,11241666.67,14846103.89,10300000,12676957.83,1050000000,4,MODELED,listing,metraj_all,3
5ca4809c-79f0-ec4a-4993-1d01fde9600d,272895:10,10,منطقه 10,MUNICIPAL_AREA,2021-11-22,1400-09,249,آذر - 1400,11000000,15107176.51,10200000,13270582.33,1100000000,7,MODELED,listing,metraj_all,3
5ca4809c-79f0-ec4a-4993-1d01fde9600d,272895:10,10,منطقه 10,MUNICIPAL_AREA,2021-12-22,1400-10,250,دی - 1400,10919540.23,15603951.37,7777777.78,11000000,950000000,5,MODELED,listing,metraj_all,3
5ca4809c-79f0-ec4a-4993-1d01fde9600d,272895:10,10,منطقه 10,MUNICIPAL_AREA,2022-01-21,1400-11,251,بهمن - 1400,9709770.12,13655126.24,7958333.34,10979885.06,985000000,6,MODELED,listing,metraj_all,3
5ca4809c-79f0-ec4a-4993-1d01fde9600d,272895:10,10,منطقه 10,MUNICIPAL_AREA,2022-02-20,1400-12,252,اسفند - 1400,8500000,13396257.61,6850000,9709770.12,950000000,3,MODELED,listing,metraj_all,3
5ca4809c-79f0-ec4a-4993-1d01fde9600d,272895:10,10,منطقه 10,MUNICIPAL_AREA,2022-03-21,1401-01,253,فروردین - 1401,9850000,20517949.71,9175000,10525000,1910000000,2,MODELED,listing,metraj_all,3
5ca4809c-79f0-ec4a-4993-1d01fde9600d,272895:10,10,منطقه 10,MUNICIPAL_AREA,2022-04-21,1401-02,254,اردیبهشت - 1401,11200000,27377581.12,11200000,11200000,2800000000,1,MODELED,listing,metraj_all,3
5ca4809c-79f0-ec4a-4993-1d01fde9600d,272895:10,10,منطقه 10,MUNICIPAL_AREA,2022-05-22,1401-03,255,خرداد - 1401,11200000,28291890.59,11200000,11200000,2800000000,1,MODELED,listing,metraj_all,3
5ca4809c-79f0-ec4a-4993-1d01fde9600d,272895:10,10,منطقه 10,MUNICIPAL_AREA,2022-11-22,1401-09,261,آذر - 1401,9090909.09,9873650.24,7133522.73,18000000,845000000,172,DIRECT,listing,metraj_all,3
5ca4809c-79f0-ec4a-4993-1d01fde9600d,272895:10,10,منطقه 10,MUNICIPAL_AREA,2022-12-22,1401-10,262,دی - 1401,14656311.96,14721719.23,8039823.01,21972115.39,1340000000,1244,DIRECT,listing,metraj_all,3
5ca4809c-79f0-ec4a-4993-1d01fde9600d,272895:10,10,منطقه 10,MUNICIPAL_AREA,2023-01-21,1401-11,263,بهمن - 1401,20742710.8,20753739.55,10878750,25714285.71,1820000000,4984,DIRECT,listing,metraj_all,3
5ca4809c-79f0-ec4a-4993-1d01fde9600d,272895:10,10,منطقه 10,MUNICIPAL_AREA,2023-02-20,1401-12,264,اسفند - 1401,22352941.18,22360781.09,12500000,27440442.43,2000000000,7283,DIRECT,listing,metraj_all,3
5ca4809c-79f0-ec4a-4993-1d01fde9600d,272895:10,10,منطقه 10,MUNICIPAL_AREA,2023-03-21,1402-01,265,فروردین - 1402,23451327.43,23460461.14,13913043.48,28000000,2100000000,6215,DIRECT,listing,metraj_all,3
5ca4809c-79f0-ec4a-4993-1d01fde9600d,272895:10,10,منطقه 10,MUNICIPAL_AREA,2023-04-21,1402-02,266,اردیبهشت - 1402,26857142.86,26865728.41,15714285.71,32000000,2350000000,8117,DIRECT,listing,metraj_all,3
5ca4809c-79f0-ec4a-4993-1d01fde9600d,272895:10,10,منطقه 10,MUNICIPAL_AREA,2023-05-22,1402-03,267,خرداد - 1402,26653333.33,26659908.12,15000000,32653061.22,2250000000,11164,DIRECT,listing,metraj_all,3
5ca4809c-79f0-ec4a-4993-1d01fde9600d,272895:10,10,منطقه 10,MUNICIPAL_AREA,2023-06-22,1402-04,268,تیر - 1402,26153846.15,26158416.94,14705882.35,32258064.52,2200000000,16326,DIRECT,listing,metraj_all,3
5ca4809c-79f0-ec4a-4993-1d01fde9600d,272895:10,10,منطقه 10,MUNICIPAL_AREA,2023-07-23,1402-05,269,مرداد - 1402,25000000,25005141.72,14000000,31692307.69,2060000000,15549,DIRECT,listing,metraj_all,3
5ca4809c-79f0-ec4a-4993-1d01fde9600d,272895:10,10,منطقه 10,MUNICIPAL_AREA,2023-08-23,1402-06,270,شهریور - 1402,24054301.96,24059983.98,13571428.57,31075305.54,2000000000,14280,DIRECT,listing,metraj_all,3
5ca4809c-79f0-ec4a-4993-1d01fde9600d,272895:10,10,منطقه 10,MUNICIPAL_AREA,2023-09-23,1402-07,271,مهر - 1402,23250000,23256703.7,13310096.16,30480030.73,1900000000,12711,DIRECT,listing,metraj_all,3
5ca4809c-79f0-ec4a-4993-1d01fde9600d,272895:10,10,منطقه 10,MUNICIPAL_AREA,2023-10-23,1402-08,272,آبان - 1402,22222222.22,22230449.52,13000000,30000000,1850000000,11180,DIRECT,listing,metraj_all,3
5ca4809c-79f0-ec4a-4993-1d01fde9600d,272895:10,10,منطقه 10,MUNICIPAL_AREA,2023-11-22,1402-09,273,آذر - 1402,21602469.14,21613522.48,12941176.47,29666666.67,1840000000,8964,DIRECT,listing,metraj_all,3
5ca4809c-79f0-ec4a-4993-1d01fde9600d,272895:10,10,منطقه 10,MUNICIPAL_AREA,2023-12-22,1402-10,274,دی - 1402,21171568.63,21188706.28,12857142.86,29428199.41,1800000000,6114,DIRECT,listing,metraj_all,3
5ca4809c-79f0-ec4a-4993-1d01fde9600d,272895:10,10,منطقه 10,MUNICIPAL_AREA,2024-01-21,1402-11,275,بهمن - 1402,21115900.39,21154911.51,13000000,29333333.33,1800000000,2780,DIRECT,listing,metraj_all,3
5ca4809c-79f0-ec4a-4993-1d01fde9600d,272895:10,10,منطقه 10,MUNICIPAL_AREA,2024-02-20,1402-12,276,اسفند - 1402,22400000,22463827.13,13500000,30384615.38,1921000000,1833,DIRECT,listing,metraj_all,3
5ca4809c-79f0-ec4a-4993-1d01fde9600d,272895:10,10,منطقه 10,MUNICIPAL_AREA,2024-03-20,1403-01,277,فروردین - 1403,23750000,23785627.4,14128054.3,32142857.14,2000000000,2867,DIRECT,listing,metraj_all,3
5ca4809c-79f0-ec4a-4993-1d01fde9600d,272895:10,10,منطقه 10,MUNICIPAL_AREA,2024-04-20,1403-02,278,اردیبهشت - 1403,25700934.58,25714532.4,15263157.89,33333333.33,2200000000,5861,DIRECT,listing,metraj_all,3
5ca4809c-79f0-ec4a-4993-1d01fde9600d,272895:10,10,منطقه 10,MUNICIPAL_AREA,2024-05-21,1403-03,279,خرداد - 1403,27272727.27,27280087.86,16666666.67,34052889.1,2300000000,7771,DIRECT,listing,metraj_all,3
5ca4809c-79f0-ec4a-4993-1d01fde9600d,272895:10,10,منطقه 10,MUNICIPAL_AREA,2024-06-21,1403-04,280,تیر - 1403,28235294.12,28241179.38,17777777.78,34183673.47,2350000000,8086,DIRECT,listing,metraj_all,3
5ca4809c-79f0-ec4a-4993-1d01fde9600d,272895:10,10,منطقه 10,MUNICIPAL_AREA,2024-07-22,1403-05,281,مرداد - 1403,28798734.18,28806434.18,18750000,34189976.69,2350000000,5092,DIRECT,listing,metraj_all,3
5ca4809c-79f0-ec4a-4993-1d01fde9600d,272895:10,10,منطقه 10,MUNICIPAL_AREA,2024-08-22,1403-06,282,شهریور - 1403,28424812.03,28444296.49,18518518.52,33793103.45,2350000000,2096,DIRECT,listing,metraj_all,3
5ca4809c-79f0-ec4a-4993-1d01fde9600d,272895:10,10,منطقه 10,MUNICIPAL_AREA,2024-11-21,1403-09,285,آذر - 1403,28333333.33,28363399.5,20833333.33,34521738.02,2500000000,1653,DIRECT,listing,metraj_all,3
5ca4809c-79f0-ec4a-4993-1d01fde9600d,272895:10,10,منطقه 10,MUNICIPAL_AREA,2024-12-21,1403-10,286,دی - 1403,28301886.79,28315151.97,20588235.29,34999999.15,2500000000,3984,DIRECT,listing,metraj_all,3
5ca4809c-79f0-ec4a-4993-1d01fde9600d,272895:10,10,منطقه 10,MUNICIPAL_AREA,2025-01-20,1403-11,287,بهمن - 1403,28999999.02,29007710.32,21000000,35767825.64,2550000128,6747,DIRECT,listing,metraj_all,3
5ca4809c-79f0-ec4a-4993-1d01fde9600d,272895:10,10,منطقه 10,MUNICIPAL_AREA,2025-02-19,1403-12,288,اسفند - 1403,29651164.28,29659060.76,21428570.34,36666666.67,2649999872,7039,DIRECT,listing,metraj_all,3
5ca4809c-79f0-ec4a-4993-1d01fde9600d,272895:10,10,منطقه 10,MUNICIPAL_AREA,2025-03-21,1404-01,289,فروردین - 1404,30588235.29,30598053.45,22222222.22,37894736.84,2800000000,5901,DIRECT,listing,metraj_all,3
5ca4809c-79f0-ec4a-4993-1d01fde9600d,272895:10,10,منطقه 10,MUNICIPAL_AREA,2025-04-21,1404-02,290,اردیبهشت - 1404,32307692.31,32319285.82,22930769.23,40000000,2900000000,5252,DIRECT,listing,metraj_all,3
5ca4809c-79f0-ec4a-4993-1d01fde9600d,272895:10,10,منطقه 10,MUNICIPAL_AREA,2025-05-22,1404-03,291,خرداد - 1404,34337349.4,34345387.44,23888890.31,41935483.87,3050000000,5953,DIRECT,listing,metraj_all,3
5ca4809c-79f0-ec4a-4993-1d01fde9600d,272895:10,10,منطقه 10,MUNICIPAL_AREA,2025-06-22,1404-04,292,تیر - 1404,35384615.38,35389839.94,24615384.62,42629348.8,3150000000,7867,DIRECT,listing,metraj_all,3
5ca4809c-79f0-ec4a-4993-1d01fde9600d,272895:10,10,منطقه 10,MUNICIPAL_AREA,2025-07-23,1404-05,293,مرداد - 1404,36348484.85,36351866.08,25663716.81,43086419.75,3250000000,9249,DIRECT,listing,metraj_all,3
5ca4809c-79f0-ec4a-4993-1d01fde9600d,272895:10,10,منطقه 10,MUNICIPAL_AREA,2025-08-23,1404-06,294,شهریور - 1404,37500000,37502264.49,27000000,44000000,3400000000,11030,DIRECT,listing,metraj_all,3
5ca4809c-79f0-ec4a-4993-1d01fde9600d,272895:10,10,منطقه 10,MUNICIPAL_AREA,2025-09-23,1404-07,295,مهر - 1404,38541666.67,38543399.73,28000000,44736842.11,3500000000,12679,DIRECT,listing,metraj_all,3
5ca4809c-79f0-ec4a-4993-1d01fde9600d,272895:10,10,منطقه 10,MUNICIPAL_AREA,2025-10-23,1404-08,296,آبان - 1404,40000000,40001573.39,28879310.34,46086956.52,3700000000,14657,DIRECT,listing,metraj_all,3
5ca4809c-79f0-ec4a-4993-1d01fde9600d,272895:10,10,منطقه 10,MUNICIPAL_AREA,2025-11-22,1404-09,297,آذر - 1404,41500000,41501895.26,29913043.48,48421052.63,3850000000,15819,DIRECT,listing,metraj_all,3
5ca4809c-79f0-ec4a-4993-1d01fde9600d,272895:10,10,منطقه 10,MUNICIPAL_AREA,2025-12-22,1404-10,298,دی - 1404,43877551.02,43879793.18,31170741.03,51176470.59,4200000000,15242,DIRECT,listing,metraj_all,3
5ca4809c-79f0-ec4a-4993-1d01fde9600d,272895:10,10,منطقه 10,MUNICIPAL_AREA,2026-01-21,1404-11,299,بهمن - 1404,48846153.85,48848637.64,34666666.67,59878048.78,4820000000,16477,DIRECT,listing,metraj_all,3
5ca4809c-79f0-ec4a-4993-1d01fde9600d,272895:10,10,منطقه 10,MUNICIPAL_AREA,2026-02-20,1404-12,300,اسفند - 1404,54464285.71,54467701.44,38888888.89,65000000,5400000000,12537,DIRECT,listing,metraj_all,3
5ca4809c-79f0-ec4a-4993-1d01fde9600d,272895:10,10,منطقه 10,MUNICIPAL_AREA,2026-03-21,1405-01,301,فروردین - 1405,59872611.46,59880008.51,43500000,68421052.63,5900000000,8685,DIRECT,listing,metraj_all,3
5ca4809c-79f0-ec4a-4993-1d01fde9600d,272895:10,10,منطقه 10,MUNICIPAL_AREA,2026-04-21,1405-02,302,اردیبهشت - 1405,76416666.67,76417561.54,57647058.82,92857142.86,7700000000,8105,DIRECT,listing,metraj_all,3
5ca4809c-79f0-ec4a-4993-1d01fde9600d,272895:10,10,منطقه 10,MUNICIPAL_AREA,2026-05-22,1405-03,303,خرداد - 1405,87962962.96,87962026.22,65000000,100000000,8700000000,15197,DIRECT,listing,metraj_all,3
5ca4809c-79f0-ec4a-4993-1d01fde9600d,272895:10,10,منطقه 10,MUNICIPAL_AREA,2026-06-22,1405-04,304,تیر - 1405,89161646.59,89162832.42,66666666.67,100801612.9,8800000000,17232,DIRECT,listing,metraj_all,3
5ca4809c-79f0-ec4a-4993-1d01fde9600d,272895:10,10,منطقه 10,MUNICIPAL_AREA,2026-07-23,1405-05,305,مرداد - 1405,92356687.9,92360587.21,70000000,104891161.48,9000000000,12707,DIRECT,listing,metraj_all,3
06c5bf0e-6ae9-d9bb-d2fe-0a13fb4e4cb7,272895:11,11,منطقه 11,MUNICIPAL_AREA,2021-08-23,1400-06,246,شهریور - 1400,22000000,16999944.98,21443037.98,22000000,3388000000,3,MODELED,listing,metraj_all,3
06c5bf0e-6ae9-d9bb-d2fe-0a13fb4e4cb7,272895:11,11,منطقه 11,MUNICIPAL_AREA,2021-09-23,1400-07,247,مهر - 1400,22000000,17767512.04,21721518.99,22629032.26,3388000000,4,MODELED,listing,metraj_all,3
06c5bf0e-6ae9-d9bb-d2fe-0a13fb4e4cb7,272895:11,11,منطقه 11,MUNICIPAL_AREA,2021-10-23,1400-08,248,آبان - 1400,19258064.52,16782909.74,16629032.26,21887096.77,2810000000,2,MODELED,listing,metraj_all,3
06c5bf0e-6ae9-d9bb-d2fe-0a13fb4e4cb7,272895:11,11,منطقه 11,MUNICIPAL_AREA,2021-11-22,1400-09,249,آذر - 1400,19258064.52,18194844.15,16629032.26,21887096.77,2810000000,2,MODELED,listing,metraj_all,3
06c5bf0e-6ae9-d9bb-d2fe-0a13fb4e4cb7,272895:11,11,منطقه 11,MUNICIPAL_AREA,2021-12-22,1400-10,250,دی - 1400,14000000,17587415.4,14000000,14000000,1820000000,1,MODELED,listing,metraj_all,3
06c5bf0e-6ae9-d9bb-d2fe-0a13fb4e4cb7,272895:11,11,منطقه 11,MUNICIPAL_AREA,2022-01-21,1400-11,251,بهمن - 1400,16025641.03,16022640.01,16025641.03,16025641.03,2500000000,1,MODELED,listing,metraj_all,3
06c5bf0e-6ae9-d9bb-d2fe-0a13fb4e4cb7,272895:11,11,منطقه 11,MUNICIPAL_AREA,2022-02-20,1400-12,252,اسفند - 1400,16025641.03,14970635.45,16025641.03,16025641.03,2500000000,1,MODELED,listing,metraj_all,3
06c5bf0e-6ae9-d9bb-d2fe-0a13fb4e4cb7,272895:11,11,منطقه 11,MUNICIPAL_AREA,2022-03-21,1401-01,253,فروردین - 1401,16025641.03,22049185.23,16025641.03,16025641.03,2500000000,1,MODELED,listing,metraj_all,3
06c5bf0e-6ae9-d9bb-d2fe-0a13fb4e4cb7,272895:11,11,منطقه 11,MUNICIPAL_AREA,2022-11-22,1401-09,261,آذر - 1401,30463036.57,29143362.76,27391768.29,35037878.79,4630000000,44,DIRECT,listing,metraj_all,3
06c5bf0e-6ae9-d9bb-d2fe-0a13fb4e4cb7,272895:11,11,منطقه 11,MUNICIPAL_AREA,2022-12-22,1401-10,262,دی - 1401,30937500,30301349.1,26153846.15,35151515.15,4580000000,117,DIRECT,listing,metraj_all,3
06c5bf0e-6ae9-d9bb-d2fe-0a13fb4e4cb7,272895:11,11,منطقه 11,MUNICIPAL_AREA,2023-01-21,1401-11,263,بهمن - 1401,33078629.03,32915275.9,29411764.71,38714919.36,4792500000,408,DIRECT,listing,metraj_all,3
06c5bf0e-6ae9-d9bb-d2fe-0a13fb4e4cb7,272895:11,11,منطقه 11,MUNICIPAL_AREA,2023-02-20,1401-12,264,اسفند - 1401,35454545.45,35322453.14,30666666.67,40776699.03,4900000000,549,DIRECT,listing,metraj_all,3
06c5bf0e-6ae9-d9bb-d2fe-0a13fb4e4cb7,272895:11,11,منطقه 11,MUNICIPAL_AREA,2023-03-21,1402-01,265,فروردین - 1402,36000000,35859365.97,31176470.59,41235233.69,4950000000,478,DIRECT,listing,metraj_all,3
06c5bf0e-6ae9-d9bb-d2fe-0a13fb4e4cb7,272895:11,11,منطقه 11,MUNICIPAL_AREA,2023-04-21,1402-02,266,اردیبهشت - 1402,45833333.33,45786445.03,40503144.65,52777777.78,7110000000,2549,DIRECT,listing,metraj_all,3
06c5bf0e-6ae9-d9bb-d2fe-0a13fb4e4cb7,272895:11,11,منطقه 11,MUNICIPAL_AREA,2023-05-22,1402-03,267,خرداد - 1402,45665970.97,45641666.86,41000000,52716595.49,6990000000,4790,DIRECT,listing,metraj_all,3
06c5bf0e-6ae9-d9bb-d2fe-0a13fb4e4cb7,272895:11,11,منطقه 11,MUNICIPAL_AREA,2023-06-22,1402-04,268,تیر - 1402,45471428.58,45454909.57,40728421.21,52764996.6,6916500000,7164,DIRECT,listing,metraj_all,3
06c5bf0e-6ae9-d9bb-d2fe-0a13fb4e4cb7,272895:11,11,منطقه 11,MUNICIPAL_AREA,2023-07-23,1402-05,269,مرداد - 1402,45000000,44982489.42,40000000,51938615.72,6700000000,6843,DIRECT,listing,metraj_all,3
06c5bf0e-6ae9-d9bb-d2fe-0a13fb4e4cb7,272895:11,11,منطقه 11,MUNICIPAL_AREA,2023-08-23,1402-06,270,شهریور - 1402,44565217.39,44544204.49,39812169.31,51590295.99,6620000000,5887,DIRECT,listing,metraj_all,3
06c5bf0e-6ae9-d9bb-d2fe-0a13fb4e4cb7,272895:11,11,منطقه 11,MUNICIPAL_AREA,2023-09-23,1402-07,271,مهر - 1402,44000000,43976119.14,39000000,51000000,6478000000,5108,DIRECT,listing,metraj_all,3
06c5bf0e-6ae9-d9bb-d2fe-0a13fb4e4cb7,272895:11,11,منطقه 11,MUNICIPAL_AREA,2023-10-23,1402-08,272,آبان - 1402,43636363.64,43612289.9,38666666.67,50526315.79,6355000000,5061,DIRECT,listing,metraj_all,3
06c5bf0e-6ae9-d9bb-d2fe-0a13fb4e4cb7,272895:11,11,منطقه 11,MUNICIPAL_AREA,2023-11-22,1402-09,273,آذر - 1402,43125000,43102932.18,38391417.05,50000000,6200000000,5248,DIRECT,listing,metraj_all,3
06c5bf0e-6ae9-d9bb-d2fe-0a13fb4e4cb7,272895:11,11,منطقه 11,MUNICIPAL_AREA,2023-12-22,1402-10,274,دی - 1402,42873015.88,42847051.22,38125000,50000000,6120000000,4306,DIRECT,listing,metraj_all,3
06c5bf0e-6ae9-d9bb-d2fe-0a13fb4e4cb7,272895:11,11,منطقه 11,MUNICIPAL_AREA,2024-01-21,1402-11,275,بهمن - 1402,42520371.63,42475064.27,38000000,50000000,6000000000,2312,DIRECT,listing,metraj_all,3
06c5bf0e-6ae9-d9bb-d2fe-0a13fb4e4cb7,272895:11,11,منطقه 11,MUNICIPAL_AREA,2024-02-20,1402-12,276,اسفند - 1402,44381377.55,44333807.54,38832114.49,52777777.78,6500000000,2138,DIRECT,listing,metraj_all,3
06c5bf0e-6ae9-d9bb-d2fe-0a13fb4e4cb7,272895:11,11,منطقه 11,MUNICIPAL_AREA,2024-03-20,1403-01,277,فروردین - 1403,45091602.25,45048105.78,39396677.62,54838709.68,6642500000,2540,DIRECT,listing,metraj_all,3
06c5bf0e-6ae9-d9bb-d2fe-0a13fb4e4cb7,272895:11,11,منطقه 11,MUNICIPAL_AREA,2024-04-20,1403-02,278,اردیبهشت - 1403,45806451.61,45778436.27,39801980.2,55000000,6700000000,4317,DIRECT,listing,metraj_all,3
06c5bf0e-6ae9-d9bb-d2fe-0a13fb4e4cb7,272895:11,11,منطقه 11,MUNICIPAL_AREA,2024-05-21,1403-03,279,خرداد - 1403,46496815.29,46465837.98,40022321.43,55000000,6600000000,4347,DIRECT,listing,metraj_all,3
06c5bf0e-6ae9-d9bb-d2fe-0a13fb4e4cb7,272895:11,11,منطقه 11,MUNICIPAL_AREA,2024-06-21,1403-04,280,تیر - 1403,46875000,46843242.16,40625000,55000000,6630000000,4359,DIRECT,listing,metraj_all,3
06c5bf0e-6ae9-d9bb-d2fe-0a13fb4e4cb7,272895:11,11,منطقه 11,MUNICIPAL_AREA,2024-07-22,1403-05,281,مرداد - 1403,47004273.51,46949192.5,40782474.8,54833851.54,6500000000,2582,DIRECT,listing,metraj_all,3
06c5bf0e-6ae9-d9bb-d2fe-0a13fb4e4cb7,272895:11,11,منطقه 11,MUNICIPAL_AREA,2024-08-22,1403-06,282,شهریور - 1403,47368421.05,47230884.62,41000000,54545454.55,6700000000,1069,DIRECT,listing,metraj_all,3
06c5bf0e-6ae9-d9bb-d2fe-0a13fb4e4cb7,272895:11,11,منطقه 11,MUNICIPAL_AREA,2024-11-21,1403-09,285,آذر - 1403,49629631.53,49556652.15,43159592.12,60000001.55,7750000128,2223,DIRECT,listing,metraj_all,3
06c5bf0e-6ae9-d9bb-d2fe-0a13fb4e4cb7,272895:11,11,منطقه 11,MUNICIPAL_AREA,2024-12-21,1403-10,286,دی - 1403,50000000,49967843.14,43373493.98,60000001.58,7750000128,5090,DIRECT,listing,metraj_all,3
06c5bf0e-6ae9-d9bb-d2fe-0a13fb4e4cb7,272895:11,11,منطقه 11,MUNICIPAL_AREA,2025-01-20,1403-11,287,بهمن - 1403,50303031.85,50284039.16,43999999.54,60999997.71,7849999872,8463,DIRECT,listing,metraj_all,3
06c5bf0e-6ae9-d9bb-d2fe-0a13fb4e4cb7,272895:11,11,منطقه 11,MUNICIPAL_AREA,2025-02-19,1403-12,288,اسفند - 1403,51515149.96,51496864.58,44999997.44,62194940.5,8000000000,8903,DIRECT,listing,metraj_all,3
06c5bf0e-6ae9-d9bb-d2fe-0a13fb4e4cb7,272895:11,11,منطقه 11,MUNICIPAL_AREA,2025-03-21,1404-01,289,فروردین - 1404,53150684.93,53128306.86,45866666.67,64402852.28,8390000128,7479,DIRECT,listing,metraj_all,3
06c5bf0e-6ae9-d9bb-d2fe-0a13fb4e4cb7,272895:11,11,منطقه 11,MUNICIPAL_AREA,2025-04-21,1404-02,290,اردیبهشت - 1404,55891177.23,55863408.84,47917500.26,66816762.04,8800000000,6286,DIRECT,listing,metraj_all,3
06c5bf0e-6ae9-d9bb-d2fe-0a13fb4e4cb7,272895:11,11,منطقه 11,MUNICIPAL_AREA,2025-05-22,1404-03,291,خرداد - 1404,57777777.78,57743935.05,49781149.81,70000000,9100000128,5500,DIRECT,listing,metraj_all,3
06c5bf0e-6ae9-d9bb-d2fe-0a13fb4e4cb7,272895:11,11,منطقه 11,MUNICIPAL_AREA,2025-06-22,1404-04,292,تیر - 1404,57894736.84,57866173.58,50000000,70000000,9000000000,6430,DIRECT,listing,metraj_all,3
06c5bf0e-6ae9-d9bb-d2fe-0a13fb4e4cb7,272895:11,11,منطقه 11,MUNICIPAL_AREA,2025-07-23,1404-05,293,مرداد - 1404,57692307.69,57665590.45,50000000,70000000,8950000000,6807,DIRECT,listing,metraj_all,3
06c5bf0e-6ae9-d9bb-d2fe-0a13fb4e4cb7,272895:11,11,منطقه 11,MUNICIPAL_AREA,2025-08-23,1404-06,294,شهریور - 1404,58620689.66,58598140.99,50322580.65,70322580.65,9000000000,8248,DIRECT,listing,metraj_all,3
06c5bf0e-6ae9-d9bb-d2fe-0a13fb4e4cb7,272895:11,11,منطقه 11,MUNICIPAL_AREA,2025-09-23,1404-07,295,مهر - 1404,59375000,59356234.38,51250000,72000000,9000000000,9920,DIRECT,listing,metraj_all,3
06c5bf0e-6ae9-d9bb-d2fe-0a13fb4e4cb7,272895:11,11,منطقه 11,MUNICIPAL_AREA,2025-10-23,1404-08,296,آبان - 1404,60769230.77,60753661.92,52500000,75000000,9450000000,11848,DIRECT,listing,metraj_all,3
06c5bf0e-6ae9-d9bb-d2fe-0a13fb4e4cb7,272895:11,11,منطقه 11,MUNICIPAL_AREA,2025-11-22,1404-09,297,آذر - 1404,64000000,63985448.85,54395121.95,78030079.9,9900000000,13391,DIRECT,listing,metraj_all,3
06c5bf0e-6ae9-d9bb-d2fe-0a13fb4e4cb7,272895:11,11,منطقه 11,MUNICIPAL_AREA,2025-12-22,1404-10,298,دی - 1404,68333333.33,68317264.25,57096774.19,83266666.67,10700000000,13081,DIRECT,listing,metraj_all,3
06c5bf0e-6ae9-d9bb-d2fe-0a13fb4e4cb7,272895:11,11,منطقه 11,MUNICIPAL_AREA,2026-01-21,1404-11,299,بهمن - 1404,78000000,77982402.51,64285714.29,95337570.62,12100000000,14230,DIRECT,listing,metraj_all,3
06c5bf0e-6ae9-d9bb-d2fe-0a13fb4e4cb7,272895:11,11,منطقه 11,MUNICIPAL_AREA,2026-02-20,1404-12,300,اسفند - 1404,85294117.65,85269872.02,71428571.43,103030303.03,13500000000,10938,DIRECT,listing,metraj_all,3
06c5bf0e-6ae9-d9bb-d2fe-0a13fb4e4cb7,272895:11,11,منطقه 11,MUNICIPAL_AREA,2026-03-21,1405-01,301,فروردین - 1405,92000000,91967686.55,79199790.42,112121212.12,14600000000,7942,DIRECT,listing,metraj_all,3
06c5bf0e-6ae9-d9bb-d2fe-0a13fb4e4cb7,272895:11,11,منطقه 11,MUNICIPAL_AREA,2026-04-21,1405-02,302,اردیبهشت - 1405,122777777.78,122715613.33,100000000,151342342.34,19400000000,7331,DIRECT,listing,metraj_all,3
06c5bf0e-6ae9-d9bb-d2fe-0a13fb4e4cb7,272895:11,11,منطقه 11,MUNICIPAL_AREA,2026-05-22,1405-03,303,خرداد - 1405,137894736.84,137854263.77,115384615.38,165625000,21750000000,12679,DIRECT,listing,metraj_all,3
06c5bf0e-6ae9-d9bb-d2fe-0a13fb4e4cb7,272895:11,11,منطقه 11,MUNICIPAL_AREA,2026-06-22,1405-04,304,تیر - 1405,139423076.92,139387589.45,117647058.82,167200000,21990000000,13577,DIRECT,listing,metraj_all,3
06c5bf0e-6ae9-d9bb-d2fe-0a13fb4e4cb7,272895:11,11,منطقه 11,MUNICIPAL_AREA,2026-07-23,1405-05,305,مرداد - 1405,142197646.11,142155312.39,122021001.8,170000000,22300000000,10592,DIRECT,listing,metraj_all,3
3c325875-9c64-1dbd-55e5-e8c2ae159a63,272895:12,12,منطقه 12,MUNICIPAL_AREA,2021-09-23,1400-07,247,مهر - 1400,14034883.72,15734578,13052325.58,15017441.86,1399000000,2,MODELED,listing,metraj_all,3
3c325875-9c64-1dbd-55e5-e8c2ae159a63,272895:12,12,منطقه 12,MUNICIPAL_AREA,2021-10-23,1400-08,248,آبان - 1400,14034883.72,15912379.6,13052325.58,15017441.86,1399000000,2,MODELED,listing,metraj_all,3
3c325875-9c64-1dbd-55e5-e8c2ae159a63,272895:12,12,منطقه 12,MUNICIPAL_AREA,2021-11-22,1400-09,249,آذر - 1400,14034883.72,17324314.01,13052325.58,15017441.86,1399000000,2,MODELED,listing,metraj_all,3
3c325875-9c64-1dbd-55e5-e8c2ae159a63,272895:12,12,منطقه 12,MUNICIPAL_AREA,2022-03-21,1401-01,253,فروردین - 1401,31100217.87,24059652.69,20179738.56,42020697.17,4875000000,2,MODELED,listing,metraj_all,3
3c325875-9c64-1dbd-55e5-e8c2ae159a63,272895:12,12,منطقه 12,MUNICIPAL_AREA,2022-04-21,1401-02,254,اردیبهشت - 1401,31100217.87,29346152.34,20179738.56,42020697.17,4875000000,2,MODELED,listing,metraj_all,3
3c325875-9c64-1dbd-55e5-e8c2ae159a63,272895:12,12,منطقه 12,MUNICIPAL_AREA,2022-05-22,1401-03,255,خرداد - 1401,31100217.87,30184269.35,20179738.56,42020697.17,4875000000,2,MODELED,listing,metraj_all,3
3c325875-9c64-1dbd-55e5-e8c2ae159a63,272895:12,12,منطقه 12,MUNICIPAL_AREA,2022-11-22,1401-09,261,آذر - 1401,18079741.38,19832093.58,11558823.53,22125000,1841000000,20,MODELED,listing,metraj_all,3
3c325875-9c64-1dbd-55e5-e8c2ae159a63,272895:12,12,منطقه 12,MUNICIPAL_AREA,2022-12-22,1401-10,262,دی - 1401,18857142.86,19327877.06,12307210.04,23000000,1450000000,75,DIRECT,listing,metraj_all,3
3c325875-9c64-1dbd-55e5-e8c2ae159a63,272895:12,12,منطقه 12,MUNICIPAL_AREA,2023-01-21,1401-11,263,بهمن - 1401,20500000,20824885.22,12966666.67,26020833.34,1850000000,167,DIRECT,listing,metraj_all,3
3c325875-9c64-1dbd-55e5-e8c2ae159a63,272895:12,12,منطقه 12,MUNICIPAL_AREA,2023-02-20,1401-12,264,اسفند - 1401,22896241.83,23135794.77,13675000,28093750,1980000000,206,DIRECT,listing,metraj_all,3
3c325875-9c64-1dbd-55e5-e8c2ae159a63,272895:12,12,منطقه 12,MUNICIPAL_AREA,2023-03-21,1402-01,265,فروردین - 1402,24705882.35,24981110.72,14342857.15,30184049.08,2050000000,151,DIRECT,listing,metraj_all,3
3c325875-9c64-1dbd-55e5-e8c2ae159a63,272895:12,12,منطقه 12,MUNICIPAL_AREA,2023-04-21,1402-02,266,اردیبهشت - 1402,33333333.33,33333790.79,30817718,36000000,3650000000,10948,DIRECT,listing,metraj_all,3
3c325875-9c64-1dbd-55e5-e8c2ae159a63,272895:12,12,منطقه 12,MUNICIPAL_AREA,2023-05-22,1402-03,267,خرداد - 1402,33125000,33125396.41,30500000,35789473.68,3600000000,22063,DIRECT,listing,metraj_all,3
3c325875-9c64-1dbd-55e5-e8c2ae159a63,272895:12,12,منطقه 12,MUNICIPAL_AREA,2023-06-22,1402-04,268,تیر - 1402,32857142.86,32857381.78,30000000,35294117.65,3500000000,31949,DIRECT,listing,metraj_all,3
3c325875-9c64-1dbd-55e5-e8c2ae159a63,272895:12,12,منطقه 12,MUNICIPAL_AREA,2023-07-23,1402-05,269,مرداد - 1402,32000000,32000333.41,29400000,34779086.41,3400000000,29983,DIRECT,listing,metraj_all,3
3c325875-9c64-1dbd-55e5-e8c2ae159a63,272895:12,12,منطقه 12,MUNICIPAL_AREA,2023-08-23,1402-06,270,شهریور - 1402,31333333.33,31333661.71,28666666.67,34000000,3300000000,25588,DIRECT,listing,metraj_all,3
3c325875-9c64-1dbd-55e5-e8c2ae159a63,272895:12,12,منطقه 12,MUNICIPAL_AREA,2023-09-23,1402-07,271,مهر - 1402,30803571.43,30804032.66,28148148.15,33157894.74,3220000000,21112,DIRECT,listing,metraj_all,3
3c325875-9c64-1dbd-55e5-e8c2ae159a63,272895:12,12,منطقه 12,MUNICIPAL_AREA,2023-10-23,1402-08,272,آبان - 1402,30242918.96,30243608.53,27800000,32800000,3200000000,17184,DIRECT,listing,metraj_all,3
3c325875-9c64-1dbd-55e5-e8c2ae159a63,272895:12,12,منطقه 12,MUNICIPAL_AREA,2023-11-22,1402-09,273,آذر - 1402,30000000,30001155.55,27403846.15,32352941.18,3200000000,13159,DIRECT,listing,metraj_all,3
3c325875-9c64-1dbd-55e5-e8c2ae159a63,272895:12,12,منطقه 12,MUNICIPAL_AREA,2023-12-22,1402-10,274,دی - 1402,29901960.78,29903996.43,27222222.22,32105263.16,3200000000,8659,DIRECT,listing,metraj_all,3
3c325875-9c64-1dbd-55e5-e8c2ae159a63,272895:12,12,منطقه 12,MUNICIPAL_AREA,2024-01-21,1402-11,275,بهمن - 1402,29523809.52,29530549.3,27033674.57,32041946.73,3200000000,3664,DIRECT,listing,metraj_all,3
3c325875-9c64-1dbd-55e5-e8c2ae159a63,272895:12,12,منطقه 12,MUNICIPAL_AREA,2024-02-20,1402-12,276,اسفند - 1402,30862068.97,30874771.05,28125000,33407407.41,3500000000,2589,DIRECT,listing,metraj_all,3
3c325875-9c64-1dbd-55e5-e8c2ae159a63,272895:12,12,منطقه 12,MUNICIPAL_AREA,2024-03-20,1403-01,277,فروردین - 1403,32000000,32006133.1,29333333.33,34529946,3625000000,3251,DIRECT,listing,metraj_all,3
3c325875-9c64-1dbd-55e5-e8c2ae159a63,272895:12,12,منطقه 12,MUNICIPAL_AREA,2024-04-20,1403-02,278,اردیبهشت - 1403,32216880.34,32219541.44,29565217.39,35000000,3600000000,5504,DIRECT,listing,metraj_all,3
3c325875-9c64-1dbd-55e5-e8c2ae159a63,272895:12,12,منطقه 12,MUNICIPAL_AREA,2024-05-21,1403-03,279,خرداد - 1403,32608695.65,32609343.4,30000000,35294117.65,3550000000,6031,DIRECT,listing,metraj_all,3
3c325875-9c64-1dbd-55e5-e8c2ae159a63,272895:12,12,منطقه 12,MUNICIPAL_AREA,2024-06-21,1403-04,280,تیر - 1403,32631578.95,32632202.97,30000000,35263157.89,3550000000,5894,DIRECT,listing,metraj_all,3
3c325875-9c64-1dbd-55e5-e8c2ae159a63,272895:12,12,منطقه 12,MUNICIPAL_AREA,2024-07-22,1403-05,281,مرداد - 1403,32631578.95,32631841.06,30000000,35151515.15,3520000000,3641,DIRECT,listing,metraj_all,3
3c325875-9c64-1dbd-55e5-e8c2ae159a63,272895:12,12,منطقه 12,MUNICIPAL_AREA,2024-08-22,1403-06,282,شهریور - 1403,32608695.65,32608138.86,30000000,35000000,3588000000,1435,DIRECT,listing,metraj_all,3
3c325875-9c64-1dbd-55e5-e8c2ae159a63,272895:12,12,منطقه 12,MUNICIPAL_AREA,2024-11-21,1403-09,285,آذر - 1403,32499998.72,32501672.76,30000000,35000000.75,3700000000,4968,DIRECT,listing,metraj_all,3
3c325875-9c64-1dbd-55e5-e8c2ae159a63,272895:12,12,منطقه 12,MUNICIPAL_AREA,2024-12-21,1403-10,286,دی - 1403,32903227.46,32903819.65,30222222.22,35500000.18,3700000000,11756,DIRECT,listing,metraj_all,3
3c325875-9c64-1dbd-55e5-e8c2ae159a63,272895:12,12,منطقه 12,MUNICIPAL_AREA,2025-01-20,1403-11,287,بهمن - 1403,33299998.72,33300547.2,30555556.98,36000000,3750000128,16591,DIRECT,listing,metraj_all,3
3c325875-9c64-1dbd-55e5-e8c2ae159a63,272895:12,12,منطقه 12,MUNICIPAL_AREA,2025-02-19,1403-12,288,اسفند - 1403,34444443.5,34444880.98,31553396.82,37551020.41,3900000000,17658,DIRECT,listing,metraj_all,3
3c325875-9c64-1dbd-55e5-e8c2ae159a63,272895:12,12,منطقه 12,MUNICIPAL_AREA,2025-03-21,1404-01,289,فروردین - 1404,35999997.95,36000264.29,32984207.06,39666665.24,4150000128,14699,DIRECT,listing,metraj_all,3
3c325875-9c64-1dbd-55e5-e8c2ae159a63,272895:12,12,منطقه 12,MUNICIPAL_AREA,2025-04-21,1404-02,290,اردیبهشت - 1404,37727273.89,37727681.7,34444444.44,41421356.42,4350000128,16687,DIRECT,listing,metraj_all,3
3c325875-9c64-1dbd-55e5-e8c2ae159a63,272895:12,12,منطقه 12,MUNICIPAL_AREA,2025-05-22,1404-03,291,خرداد - 1404,38888888.89,38889029.48,35622956.72,42554373.53,4500000000,17171,DIRECT,listing,metraj_all,3
3c325875-9c64-1dbd-55e5-e8c2ae159a63,272895:12,12,منطقه 12,MUNICIPAL_AREA,2025-06-22,1404-04,292,تیر - 1404,39000000,39000249.59,35897435.9,42758620.69,4500000000,20023,DIRECT,listing,metraj_all,3
3c325875-9c64-1dbd-55e5-e8c2ae159a63,272895:12,12,منطقه 12,MUNICIPAL_AREA,2025-07-23,1404-05,293,مرداد - 1404,39047619.05,39047845.62,35897435.9,42758620.69,4400000000,19037,DIRECT,listing,metraj_all,3
3c325875-9c64-1dbd-55e5-e8c2ae159a63,272895:12,12,منطقه 12,MUNICIPAL_AREA,2025-08-23,1404-06,294,شهریور - 1404,39375000,39375315.05,36000000,43055555.56,4400000000,19828,DIRECT,listing,metraj_all,3
3c325875-9c64-1dbd-55e5-e8c2ae159a63,272895:12,12,منطقه 12,MUNICIPAL_AREA,2025-09-23,1404-07,295,مهر - 1404,40000000,40000351.3,36842105.26,44166666.67,4500000000,21076,DIRECT,listing,metraj_all,3
3c325875-9c64-1dbd-55e5-e8c2ae159a63,272895:12,12,منطقه 12,MUNICIPAL_AREA,2025-10-23,1404-08,296,آبان - 1404,41803278.69,41803490.99,38000000,45879654.61,4700000000,23750,DIRECT,listing,metraj_all,3
3c325875-9c64-1dbd-55e5-e8c2ae159a63,272895:12,12,منطقه 12,MUNICIPAL_AREA,2025-11-22,1404-09,297,آذر - 1404,43627450.98,43627802.9,39639639.64,48260869.57,5000000000,24784,DIRECT,listing,metraj_all,3
3c325875-9c64-1dbd-55e5-e8c2ae159a63,272895:12,12,منطقه 12,MUNICIPAL_AREA,2025-12-22,1404-10,298,دی - 1404,46451612.9,46451957.74,41867391.31,52968571.63,5500000000,24514,DIRECT,listing,metraj_all,3
3c325875-9c64-1dbd-55e5-e8c2ae159a63,272895:12,12,منطقه 12,MUNICIPAL_AREA,2026-01-21,1404-11,299,بهمن - 1404,53513513.51,53513291.59,45936864.84,63106796.12,6400000000,25780,DIRECT,listing,metraj_all,3
3c325875-9c64-1dbd-55e5-e8c2ae159a63,272895:12,12,منطقه 12,MUNICIPAL_AREA,2026-02-20,1404-12,300,اسفند - 1404,60000000,59999422.93,52000000,68421052.63,7150000000,21651,DIRECT,listing,metraj_all,3
3c325875-9c64-1dbd-55e5-e8c2ae159a63,272895:12,12,منطقه 12,MUNICIPAL_AREA,2026-03-21,1405-01,301,فروردین - 1405,67000000,66999637.93,60000000,75000000,7890000000,19203,DIRECT,listing,metraj_all,3
3c325875-9c64-1dbd-55e5-e8c2ae159a63,272895:12,12,منطقه 12,MUNICIPAL_AREA,2026-04-21,1405-02,302,اردیبهشت - 1405,80000000,79998699.64,70512820.51,90000000,9250000000,21962,DIRECT,listing,metraj_all,3
3c325875-9c64-1dbd-55e5-e8c2ae159a63,272895:12,12,منطقه 12,MUNICIPAL_AREA,2026-05-22,1405-03,303,خرداد - 1405,89411764.71,89410881.46,79090909.09,99378881.99,10200000000,32521,DIRECT,listing,metraj_all,3
3c325875-9c64-1dbd-55e5-e8c2ae159a63,272895:12,12,منطقه 12,MUNICIPAL_AREA,2026-06-22,1405-04,304,تیر - 1405,91865191.91,91864979.43,83157894.74,100000000,10500000000,31002,DIRECT,listing,metraj_all,3
3c325875-9c64-1dbd-55e5-e8c2ae159a63,272895:12,12,منطقه 12,MUNICIPAL_AREA,2026-07-23,1405-05,305,مرداد - 1405,95454545.45,95455195.72,88146239.03,104191396.62,11000000000,28607,DIRECT,listing,metraj_all,3
09aef6ae-fe73-d123-0450-1047173a32dd,272895:13,13,منطقه 13,MUNICIPAL_AREA,2021-08-23,1400-06,246,شهریور - 1400,30322580.65,16847442.3,30322580.65,30322580.65,2820000000,1,MODELED,listing,metraj_all,3
09aef6ae-fe73-d123-0450-1047173a32dd,272895:13,13,منطقه 13,MUNICIPAL_AREA,2021-09-23,1400-07,247,مهر - 1400,30322580.65,17369795.39,30322580.65,30322580.65,2820000000,1,MODELED,listing,metraj_all,3
09aef6ae-fe73-d123-0450-1047173a32dd,272895:13,13,منطقه 13,MUNICIPAL_AREA,2021-10-23,1400-08,248,آبان - 1400,30322580.65,17563760.77,30322580.65,30322580.65,2820000000,1,MODELED,listing,metraj_all,3
09aef6ae-fe73-d123-0450-1047173a32dd,272895:13,13,منطقه 13,MUNICIPAL_AREA,2022-11-22,1401-09,261,آذر - 1401,28181818.18,25874665.71,18666666.67,47617102.4,1850000000,11,MODELED,listing,metraj_all,3
09aef6ae-fe73-d123-0450-1047173a32dd,272895:13,13,منطقه 13,MUNICIPAL_AREA,2022-12-22,1401-10,262,دی - 1401,33333333.33,31428797.01,22435897.44,53000000,2700000000,45,DIRECT,listing,metraj_all,3
09aef6ae-fe73-d123-0450-1047173a32dd,272895:13,13,منطقه 13,MUNICIPAL_AREA,2023-01-21,1401-11,263,بهمن - 1401,34282485.88,33780484.78,26047619.05,50000000,2985000000,150,DIRECT,listing,metraj_all,3
09aef6ae-fe73-d123-0450-1047173a32dd,272895:13,13,منطقه 13,MUNICIPAL_AREA,2023-02-20,1401-12,264,اسفند - 1401,36716300.94,36308484.16,26826434.28,53375000,3147500000,202,DIRECT,listing,metraj_all,3
09aef6ae-fe73-d123-0450-1047173a32dd,272895:13,13,منطقه 13,MUNICIPAL_AREA,2023-03-21,1402-01,265,فروردین - 1402,39541666.67,38957138.16,26981360.45,53080882.35,3247500000,168,DIRECT,listing,metraj_all,3
09aef6ae-fe73-d123-0450-1047173a32dd,272895:13,13,منطقه 13,MUNICIPAL_AREA,2023-04-21,1402-02,266,اردیبهشت - 1402,50000000,49350787.89,34156862.75,64852941.18,4000000000,239,DIRECT,listing,metraj_all,3
09aef6ae-fe73-d123-0450-1047173a32dd,272895:13,13,منطقه 13,MUNICIPAL_AREA,2023-05-22,1402-03,267,خرداد - 1402,54666666.67,54193745.24,34409722.22,65217391.3,4200000000,427,DIRECT,listing,metraj_all,3
09aef6ae-fe73-d123-0450-1047173a32dd,272895:13,13,منطقه 13,MUNICIPAL_AREA,2023-06-22,1402-04,268,تیر - 1402,55555555.56,55244863.44,35766666.67,68870192.31,4500000000,696,DIRECT,listing,metraj_all,3
09aef6ae-fe73-d123-0450-1047173a32dd,272895:13,13,منطقه 13,MUNICIPAL_AREA,2023-07-23,1402-05,269,مرداد - 1402,56306818.18,56015482.95,37940340.91,70000000,4500000000,790,DIRECT,listing,metraj_all,3
09aef6ae-fe73-d123-0450-1047173a32dd,272895:13,13,منطقه 13,MUNICIPAL_AREA,2023-08-23,1402-06,270,شهریور - 1402,57340067.34,57001812.58,40000000,70588235.29,4435000000,734,DIRECT,listing,metraj_all,3
09aef6ae-fe73-d123-0450-1047173a32dd,272895:13,13,منطقه 13,MUNICIPAL_AREA,2023-09-23,1402-07,271,مهر - 1402,57894736.84,57488563.3,40000000,71428571.43,4320000000,633,DIRECT,listing,metraj_all,3
09aef6ae-fe73-d123-0450-1047173a32dd,272895:13,13,منطقه 13,MUNICIPAL_AREA,2023-10-23,1402-08,272,آبان - 1402,58823529.41,58346265.34,40000000,75000000,4500000000,564,DIRECT,listing,metraj_all,3
09aef6ae-fe73-d123-0450-1047173a32dd,272895:13,13,منطقه 13,MUNICIPAL_AREA,2023-11-22,1402-09,273,آذر - 1402,61538461.54,60947581.18,48125000,91463414.63,5200000000,498,DIRECT,listing,metraj_all,3
09aef6ae-fe73-d123-0450-1047173a32dd,272895:13,13,منطقه 13,MUNICIPAL_AREA,2023-12-22,1402-10,274,دی - 1402,62500000,61721380.49,51848659,94582043.35,5500000000,386,DIRECT,listing,metraj_all,3
09aef6ae-fe73-d123-0450-1047173a32dd,272895:13,13,منطقه 13,MUNICIPAL_AREA,2024-01-21,1402-11,275,بهمن - 1402,66666666.67,64888889.06,57142857.14,103448275.86,6550000000,185,DIRECT,listing,metraj_all,3
09aef6ae-fe73-d123-0450-1047173a32dd,272895:13,13,منطقه 13,MUNICIPAL_AREA,2024-02-20,1402-12,276,اسفند - 1402,62500000,60138611.61,50926842.68,82731092.44,5000000000,110,DIRECT,listing,metraj_all,3
09aef6ae-fe73-d123-0450-1047173a32dd,272895:13,13,منطقه 13,MUNICIPAL_AREA,2024-03-20,1403-01,277,فروردین - 1403,60000000,58129496.61,33636363.64,77000000,4444444444,129,DIRECT,listing,metraj_all,3
09aef6ae-fe73-d123-0450-1047173a32dd,272895:13,13,منطقه 13,MUNICIPAL_AREA,2024-04-20,1403-02,278,اردیبهشت - 1403,60000000,58912570.81,38795454.54,75000000,4285000000,232,DIRECT,listing,metraj_all,3
09aef6ae-fe73-d123-0450-1047173a32dd,272895:13,13,منطقه 13,MUNICIPAL_AREA,2024-05-21,1403-03,279,خرداد - 1403,62174833.64,61208779.56,45178571.43,78278985.51,4335000000,292,DIRECT,listing,metraj_all,3
09aef6ae-fe73-d123-0450-1047173a32dd,272895:13,13,منطقه 13,MUNICIPAL_AREA,2024-06-21,1403-04,280,تیر - 1403,63013698.63,61960586.42,46269290.13,78452380.95,4200000000,275,DIRECT,listing,metraj_all,3
09aef6ae-fe73-d123-0450-1047173a32dd,272895:13,13,منطقه 13,MUNICIPAL_AREA,2024-07-22,1403-05,281,مرداد - 1403,65000000,63226773.36,47923076.92,82083333.34,4400000000,172,DIRECT,listing,metraj_all,3
09aef6ae-fe73-d123-0450-1047173a32dd,272895:13,13,منطقه 13,MUNICIPAL_AREA,2024-08-22,1403-06,282,شهریور - 1403,61541666.67,57274986.24,45040322.58,75000000,4000000000,58,DIRECT,listing,metraj_all,3
09aef6ae-fe73-d123-0450-1047173a32dd,272895:13,13,منطقه 13,MUNICIPAL_AREA,2024-10-22,1403-08,284,آبان - 1403,97183098.59,74396925.42,97183098.59,97183098.59,6900000000,1,MODELED,listing,metraj_all,3
09aef6ae-fe73-d123-0450-1047173a32dd,272895:13,13,منطقه 13,MUNICIPAL_AREA,2024-11-21,1403-09,285,آذر - 1403,63666667.52,62111112.1,35384615.38,80000000,5000000000,185,DIRECT,listing,metraj_all,3
09aef6ae-fe73-d123-0450-1047173a32dd,272895:13,13,منطقه 13,MUNICIPAL_AREA,2024-12-21,1403-10,286,دی - 1403,62397540.99,61807427.45,35272625,80000000,4624999936,478,DIRECT,listing,metraj_all,3
09aef6ae-fe73-d123-0450-1047173a32dd,272895:13,13,منطقه 13,MUNICIPAL_AREA,2025-01-20,1403-11,287,بهمن - 1403,62295081.97,61935944.41,35009578.55,78390685.8,4499999744,772,DIRECT,listing,metraj_all,3
09aef6ae-fe73-d123-0450-1047173a32dd,272895:13,13,منطقه 13,MUNICIPAL_AREA,2025-02-19,1403-12,288,اسفند - 1403,62500000,62159393.14,34007105.36,80000000,4400000000,791,DIRECT,listing,metraj_all,3
09aef6ae-fe73-d123-0450-1047173a32dd,272895:13,13,منطقه 13,MUNICIPAL_AREA,2025-03-21,1404-01,289,فروردین - 1404,63187550.87,62758131.01,33928571.78,80000000,4499999744,614,DIRECT,listing,metraj_all,3
09aef6ae-fe73-d123-0450-1047173a32dd,272895:13,13,منطقه 13,MUNICIPAL_AREA,2025-04-21,1404-02,290,اردیبهشت - 1404,69999999.15,69543470.21,48012987.01,86666666.67,5800000000,682,DIRECT,listing,metraj_all,3
09aef6ae-fe73-d123-0450-1047173a32dd,272895:13,13,منطقه 13,MUNICIPAL_AREA,2025-05-22,1404-03,291,خرداد - 1404,72379844.97,71984018.66,54085526.32,90000000,6200000000,830,DIRECT,listing,metraj_all,3
09aef6ae-fe73-d123-0450-1047173a32dd,272895:13,13,منطقه 13,MUNICIPAL_AREA,2025-06-22,1404-04,292,تیر - 1404,73529411.76,73216065.43,53947368.42,90641919.61,6200000000,1076,DIRECT,listing,metraj_all,3
09aef6ae-fe73-d123-0450-1047173a32dd,272895:13,13,منطقه 13,MUNICIPAL_AREA,2025-07-23,1404-05,293,مرداد - 1404,70087719.3,69782244.72,52542372.88,91685779.82,6025000000,992,DIRECT,listing,metraj_all,3
09aef6ae-fe73-d123-0450-1047173a32dd,272895:13,13,منطقه 13,MUNICIPAL_AREA,2025-08-23,1404-06,294,شهریور - 1404,72727272.73,72436363.64,55985074.63,95000000,6240000000,1115,DIRECT,listing,metraj_all,3
09aef6ae-fe73-d123-0450-1047173a32dd,272895:13,13,منطقه 13,MUNICIPAL_AREA,2025-09-23,1404-07,295,مهر - 1404,75301204.82,74999102.86,60000000,100000000,6800000000,1134,DIRECT,listing,metraj_all,3
09aef6ae-fe73-d123-0450-1047173a32dd,272895:13,13,منطقه 13,MUNICIPAL_AREA,2025-10-23,1404-08,296,آبان - 1404,79600000,79313356.59,61851257.36,100000000,7500000000,1291,DIRECT,listing,metraj_all,3
09aef6ae-fe73-d123-0450-1047173a32dd,272895:13,13,منطقه 13,MUNICIPAL_AREA,2025-11-22,1404-09,297,آذر - 1404,80663064.12,80378763.3,63308823.53,103333333.33,8000000000,1262,DIRECT,listing,metraj_all,3
09aef6ae-fe73-d123-0450-1047173a32dd,272895:13,13,منطقه 13,MUNICIPAL_AREA,2025-12-22,1404-10,298,دی - 1404,85000000,84701246.41,66666666.67,110000000,8475000000,1252,DIRECT,listing,metraj_all,3
09aef6ae-fe73-d123-0450-1047173a32dd,272895:13,13,منطقه 13,MUNICIPAL_AREA,2026-01-21,1404-11,299,بهمن - 1404,92307692.31,91999900.94,71428571.43,120000000,8900000000,1269,DIRECT,listing,metraj_all,3
09aef6ae-fe73-d123-0450-1047173a32dd,272895:13,13,منطقه 13,MUNICIPAL_AREA,2026-02-20,1404-12,300,اسفند - 1404,100000000,99621212.12,79321266.97,125000000,9500000000,1079,DIRECT,listing,metraj_all,3
09aef6ae-fe73-d123-0450-1047173a32dd,272895:13,13,منطقه 13,MUNICIPAL_AREA,2026-03-21,1405-01,301,فروردین - 1405,110000000,109620697.46,85185185.19,134763427.11,10680000000,1142,DIRECT,listing,metraj_all,3
09aef6ae-fe73-d123-0450-1047173a32dd,272895:13,13,منطقه 13,MUNICIPAL_AREA,2026-04-21,1405-02,302,اردیبهشت - 1405,125000000,124652453.57,96363636.36,151111111.11,12000000000,1367,DIRECT,listing,metraj_all,3
09aef6ae-fe73-d123-0450-1047173a32dd,272895:13,13,منطقه 13,MUNICIPAL_AREA,2026-05-22,1405-03,303,خرداد - 1405,135044247.79,134783323.71,102000000,175675675.68,13600000000,1849,DIRECT,listing,metraj_all,3
09aef6ae-fe73-d123-0450-1047173a32dd,272895:13,13,منطقه 13,MUNICIPAL_AREA,2026-06-22,1405-04,304,تیر - 1405,145000000,144670179.32,109740259.74,187777777.78,14500000000,1621,DIRECT,listing,metraj_all,3
09aef6ae-fe73-d123-0450-1047173a32dd,272895:13,13,منطقه 13,MUNICIPAL_AREA,2026-07-23,1405-05,305,مرداد - 1405,160000000,159629742.68,118181818.18,200000000,15750000000,1683,DIRECT,listing,metraj_all,3
