area_id,native_key,district_number,area_name_fa,level,date,period_code,period_id,label,price_psm_median_toman,price_psm_smoothed_toman,price_psm_p25_toman,price_psm_p75_toman,price_total_median_toman,sample_size,trust,source,metraj_band,window_months
38b6af3d-45f5-546e-0af0-d43282543dfb,272905:1,1,منطقه 1,MUNICIPAL_AREA,2021-08-23,1400-06,246,شهریور - 1400,65573770.49,65214441.13,45217391.3,87162162.16,6900000000,1101,DIRECT,listing,metraj_all,3
38b6af3d-45f5-546e-0af0-d43282543dfb,272905:1,1,منطقه 1,MUNICIPAL_AREA,2021-09-23,1400-07,247,مهر - 1400,65000000,64638808.12,41176470.59,86666666.67,6750000000,1069,DIRECT,listing,metraj_all,3
38b6af3d-45f5-546e-0af0-d43282543dfb,272905:1,1,منطقه 1,MUNICIPAL_AREA,2021-10-23,1400-08,248,آبان - 1400,61538461.54,61203371.1,39791666.67,86000000,6580000000,1047,DIRECT,listing,metraj_all,3
38b6af3d-45f5-546e-0af0-d43282543dfb,272905:1,1,منطقه 1,MUNICIPAL_AREA,2021-11-22,1400-09,249,آذر - 1400,61111111.11,60742482.28,38918128.66,89713949.84,6500000000,947,DIRECT,listing,metraj_all,3
38b6af3d-45f5-546e-0af0-d43282543dfb,272905:1,1,منطقه 1,MUNICIPAL_AREA,2021-12-22,1400-10,250,دی - 1400,65000000,64565455.11,44791666.67,93000000,7000000000,881,DIRECT,listing,metraj_all,3
38b6af3d-45f5-546e-0af0-d43282543dfb,272905:1,1,منطقه 1,MUNICIPAL_AREA,2022-01-21,1400-11,251,بهمن - 1400,69607843.14,69139788.37,49560431.16,97574712.65,7670000000,911,DIRECT,listing,metraj_all,3
38b6af3d-45f5-546e-0af0-d43282543dfb,272905:1,1,منطقه 1,MUNICIPAL_AREA,2022-02-20,1400-12,252,اسفند - 1400,70000000,69448010.24,50000000,99099099.1,7800000000,769,DIRECT,listing,metraj_all,3
38b6af3d-45f5-546e-0af0-d43282543dfb,272905:1,1,منطقه 1,MUNICIPAL_AREA,2022-03-21,1401-01,253,فروردین - 1401,75000000,74451458.9,54687500,100000000,8500000000,828,DIRECT,listing,metraj_all,3
38b6af3d-45f5-546e-0af0-d43282543dfb,272905:1,1,منطقه 1,MUNICIPAL_AREA,2022-04-21,1401-02,254,اردیبهشت - 1401,81215469.61,81091719.82,65144675.93,103645218.42,11000000000,3415,DIRECT,listing,metraj_all,3
38b6af3d-45f5-546e-0af0-d43282543dfb,272905:1,1,منطقه 1,MUNICIPAL_AREA,2022-05-22,1401-03,255,خرداد - 1401,83555750.66,83493950.08,66299843.86,105000000,11000000000,6858,DIRECT,listing,metraj_all,3
38b6af3d-45f5-546e-0af0-d43282543dfb,272905:1,1,منطقه 1,MUNICIPAL_AREA,2022-06-22,1401-04,256,تیر - 1401,85000000,84955717.19,67433051.45,107904202.95,11350000000,9543,DIRECT,listing,metraj_all,3
38b6af3d-45f5-546e-0af0-d43282543dfb,272905:1,1,منطقه 1,MUNICIPAL_AREA,2022-07-23,1401-05,257,مرداد - 1401,87317073.17,87272945.08,69387755.1,110743801.65,11502000000,9893,DIRECT,listing,metraj_all,3
38b6af3d-45f5-546e-0af0-d43282543dfb,272905:1,1,منطقه 1,MUNICIPAL_AREA,2022-08-23,1401-06,258,شهریور - 1401,93137254.9,93099458.57,75000000,120000000,12800000000,12285,DIRECT,listing,metraj_all,3
38b6af3d-45f5-546e-0af0-d43282543dfb,272905:1,1,منطقه 1,MUNICIPAL_AREA,2022-09-23,1401-07,259,مهر - 1401,95000000,94949057.77,76153846.15,122857142.86,13200000000,9253,DIRECT,listing,metraj_all,3
38b6af3d-45f5-546e-0af0-d43282543dfb,272905:1,1,منطقه 1,MUNICIPAL_AREA,2022-10-23,1401-08,260,آبان - 1401,97674418.6,97594757.92,78597689.08,125421387.77,14000000000,5998,DIRECT,listing,metraj_all,3
38b6af3d-45f5-546e-0af0-d43282543dfb,272905:1,1,منطقه 1,MUNICIPAL_AREA,2022-11-22,1401-09,261,آذر - 1401,99047619.05,98946785.83,23200000,135000000,12500000000,3603,DIRECT,listing,metraj_all,3
38b6af3d-45f5-546e-0af0-d43282543dfb,272905:1,1,منطقه 1,MUNICIPAL_AREA,2022-12-22,1401-10,262,دی - 1401,87500000,87470013.77,23000000,132000000,10000000000,9791,DIRECT,listing,metraj_all,3
38b6af3d-45f5-546e-0af0-d43282543dfb,272905:1,1,منطقه 1,MUNICIPAL_AREA,2023-01-21,1401-11,263,بهمن - 1401,31111111.11,31120430.99,24571428.57,125000000,4600000000,27106,DIRECT,listing,metraj_all,3
38b6af3d-45f5-546e-0af0-d43282543dfb,272905:1,1,منطقه 1,MUNICIPAL_AREA,2023-02-20,1401-12,264,اسفند - 1401,30427350.43,30434127.8,25367647.06,115294117.65,4000000000,32693,DIRECT,listing,metraj_all,3
38b6af3d-45f5-546e-0af0-d43282543dfb,272905:1,1,منطقه 1,MUNICIPAL_AREA,2023-03-21,1402-01,265,فروردین - 1402,30000000,30008409.02,25945945.95,110000000,3900000000,26561,DIRECT,listing,metraj_all,3
38b6af3d-45f5-546e-0af0-d43282543dfb,272905:1,1,منطقه 1,MUNICIPAL_AREA,2023-04-21,1402-02,266,اردیبهشت - 1402,127659574.47,127641235.24,32000000,187074829.93,15350000000,22797,DIRECT,listing,metraj_all,3
38b6af3d-45f5-546e-0af0-d43282543dfb,272905:1,1,منطقه 1,MUNICIPAL_AREA,2023-05-22,1402-03,267,خرداد - 1402,175000000,174965974.5,137931034.48,228571428.57,28000000000,23741,DIRECT,listing,metraj_all,3
38b6af3d-45f5-546e-0af0-d43282543dfb,272905:1,1,منطقه 1,MUNICIPAL_AREA,2023-06-22,1402-04,268,تیر - 1402,176896912.61,176873150.91,140740740.74,230000000,28900000000,34982,DIRECT,listing,metraj_all,3
38b6af3d-45f5-546e-0af0-d43282543dfb,272905:1,1,منطقه 1,MUNICIPAL_AREA,2023-07-23,1402-05,269,مرداد - 1402,180714285.71,180685738.64,147822119.97,235294117.65,30000000000,30940,DIRECT,listing,metraj_all,3
38b6af3d-45f5-546e-0af0-d43282543dfb,272905:1,1,منطقه 1,MUNICIPAL_AREA,2023-08-23,1402-06,270,شهریور - 1402,180379746.84,180349935.48,146774193.55,236842105.26,29500000000,30277,DIRECT,listing,metraj_all,3
38b6af3d-45f5-546e-0af0-d43282543dfb,272905:1,1,منطقه 1,MUNICIPAL_AREA,2023-09-23,1402-07,271,مهر - 1402,180000000,179966371.77,145606250,234141502.13,29000000000,27278,DIRECT,listing,metraj_all,3
38b6af3d-45f5-546e-0af0-d43282543dfb,272905:1,1,منطقه 1,MUNICIPAL_AREA,2023-10-23,1402-08,272,آبان - 1402,179643368.13,179610588.05,145368046.31,232156678.46,29000000000,28028,DIRECT,listing,metraj_all,3
38b6af3d-45f5-546e-0af0-d43282543dfb,272905:1,1,منطقه 1,MUNICIPAL_AREA,2023-11-22,1402-09,273,آذر - 1402,177777777.78,177744420.17,143902439.02,229617446.4,28200000000,26939,DIRECT,listing,metraj_all,3
38b6af3d-45f5-546e-0af0-d43282543dfb,272905:1,1,منطقه 1,MUNICIPAL_AREA,2023-12-22,1402-10,274,دی - 1402,177500000,177466277.31,143205084.75,229166666.67,28000000000,26530,DIRECT,listing,metraj_all,3
38b6af3d-45f5-546e-0af0-d43282543dfb,272905:1,1,منطقه 1,MUNICIPAL_AREA,2024-01-21,1402-11,275,بهمن - 1402,178982758.62,178946114.82,144444444.44,229729729.73,28500000000,24728,DIRECT,listing,metraj_all,3
38b6af3d-45f5-546e-0af0-d43282543dfb,272905:1,1,منطقه 1,MUNICIPAL_AREA,2024-02-20,1402-12,276,اسفند - 1402,180000000,179959121.63,146141358.64,230000000,28800000000,22048,DIRECT,listing,metraj_all,3
38b6af3d-45f5-546e-0af0-d43282543dfb,272905:1,1,منطقه 1,MUNICIPAL_AREA,2024-03-20,1403-01,277,فروردین - 1403,182608695.65,182556050.15,148800000,233333333.33,29000000000,17581,DIRECT,listing,metraj_all,3
38b6af3d-45f5-546e-0af0-d43282543dfb,272905:1,1,منطقه 1,MUNICIPAL_AREA,2024-04-20,1403-02,278,اردیبهشت - 1403,188000000,187935657.54,153333333.33,241379310.34,29430000000,15221,DIRECT,listing,metraj_all,3
38b6af3d-45f5-546e-0af0-d43282543dfb,272905:1,1,منطقه 1,MUNICIPAL_AREA,2024-05-21,1403-03,279,خرداد - 1403,191055555.56,190985183.67,156250000,248919631.1,29800000000,14616,DIRECT,listing,metraj_all,3
38b6af3d-45f5-546e-0af0-d43282543dfb,272905:1,1,منطقه 1,MUNICIPAL_AREA,2024-06-21,1403-04,280,تیر - 1403,192307692.31,192240574.84,157142857.14,250000000,30000000000,15478,DIRECT,listing,metraj_all,3
38b6af3d-45f5-546e-0af0-d43282543dfb,272905:1,1,منطقه 1,MUNICIPAL_AREA,2024-07-22,1403-05,281,مرداد - 1403,191231564.97,191169949.44,156250000,245373168.5,30000000000,16976,DIRECT,listing,metraj_all,3
38b6af3d-45f5-546e-0af0-d43282543dfb,272905:1,1,منطقه 1,MUNICIPAL_AREA,2024-08-22,1403-06,282,شهریور - 1403,191730803.39,191667066.99,156357234.31,244648809.52,30000000000,16700,DIRECT,listing,metraj_all,3
38b6af3d-45f5-546e-0af0-d43282543dfb,272905:1,1,منطقه 1,MUNICIPAL_AREA,2024-09-22,1403-07,283,مهر - 1403,192708333.33,192651032.12,155555555.56,245833333.33,30000000000,18887,DIRECT,listing,metraj_all,3
38b6af3d-45f5-546e-0af0-d43282543dfb,272905:1,1,منطقه 1,MUNICIPAL_AREA,2024-10-22,1403-08,284,آبان - 1403,194999992.32,194937905.15,155454547.78,249999998.98,30000001024,17886,DIRECT,listing,metraj_all,3
38b6af3d-45f5-546e-0af0-d43282543dfb,272905:1,1,منطقه 1,MUNICIPAL_AREA,2024-11-21,1403-09,285,آذر - 1403,198952884.94,198894920.1,157258058.32,251428583.13,31000000512,19649,DIRECT,listing,metraj_all,3
38b6af3d-45f5-546e-0af0-d43282543dfb,272905:1,1,منطقه 1,MUNICIPAL_AREA,2024-12-21,1403-10,286,دی - 1403,200000002.93,199943333.07,160000000,258999999.55,32000000000,20075,DIRECT,listing,metraj_all,3
38b6af3d-45f5-546e-0af0-d43282543dfb,272905:1,1,منطقه 1,MUNICIPAL_AREA,2025-01-20,1403-11,287,بهمن - 1403,205000007.68,204943243.2,164705882.35,260606063.71,32999999488,20571,DIRECT,listing,metraj_all,3
38b6af3d-45f5-546e-0af0-d43282543dfb,272905:1,1,منطقه 1,MUNICIPAL_AREA,2025-02-19,1403-12,288,اسفند - 1403,207999991.81,207943549.31,167647063.34,260000006.14,32999999488,20601,DIRECT,listing,metraj_all,3
38b6af3d-45f5-546e-0af0-d43282543dfb,272905:1,1,منطقه 1,MUNICIPAL_AREA,2025-03-21,1404-01,289,فروردین - 1404,210000002.7,209925481.18,169599991.81,262119188.62,32999999488,15670,DIRECT,listing,metraj_all,3
38b6af3d-45f5-546e-0af0-d43282543dfb,272905:1,1,منطقه 1,MUNICIPAL_AREA,2025-04-21,1404-02,290,اردیبهشت - 1404,217391304.35,217300924.14,175000000,266666679.08,34500001792,13286,DIRECT,listing,metraj_all,3
38b6af3d-45f5-546e-0af0-d43282543dfb,272905:1,1,منطقه 1,MUNICIPAL_AREA,2025-05-22,1404-03,291,خرداد - 1404,229166666.67,229054762.02,183809523.81,281250000,37000000000,11697,DIRECT,listing,metraj_all,3
38b6af3d-45f5-546e-0af0-d43282543dfb,272905:1,1,منطقه 1,MUNICIPAL_AREA,2025-06-22,1404-04,292,تیر - 1404,229411764.71,229318509.92,183876660.34,280000000,36000000000,13963,DIRECT,listing,metraj_all,3
38b6af3d-45f5-546e-0af0-d43282543dfb,272905:1,1,منطقه 1,MUNICIPAL_AREA,2025-07-23,1404-05,293,مرداد - 1404,230000000,229906294.78,183333333.33,283111899.65,36000000000,13964,DIRECT,listing,metraj_all,3
38b6af3d-45f5-546e-0af0-d43282543dfb,272905:1,1,منطقه 1,MUNICIPAL_AREA,2025-08-23,1404-06,294,شهریور - 1404,229166666.67,229081543.7,181818181.82,283333333.33,35100000000,15311,DIRECT,listing,metraj_all,3
38b6af3d-45f5-546e-0af0-d43282543dfb,272905:1,1,منطقه 1,MUNICIPAL_AREA,2025-09-23,1404-07,295,مهر - 1404,233333333.33,233259419.33,185714285.71,294117647.06,36800000000,18029,DIRECT,listing,metraj_all,3
38b6af3d-45f5-546e-0af0-d43282543dfb,272905:1,1,منطقه 1,MUNICIPAL_AREA,2025-10-23,1404-08,296,آبان - 1404,241379310.34,241313484.01,191666666.67,305555555.56,39700000000,21181,DIRECT,listing,metraj_all,3
38b6af3d-45f5-546e-0af0-d43282543dfb,272905:1,1,منطقه 1,MUNICIPAL_AREA,2025-11-22,1404-09,297,آذر - 1404,250000000,249938603.4,200000000,320000000,41400000000,23508,DIRECT,listing,metraj_all,3
38b6af3d-45f5-546e-0af0-d43282543dfb,272905:1,1,منطقه 1,MUNICIPAL_AREA,2025-12-22,1404-10,298,دی - 1404,260000000,259938064.91,208259803.92,333333333.33,44000000000,24146,DIRECT,listing,metraj_all,3
38b6af3d-45f5-546e-0af0-d43282543dfb,272905:1,1,منطقه 1,MUNICIPAL_AREA,2026-01-21,1404-11,299,بهمن - 1404,282758620.69,282695147.88,225000000,352631578.95,48000000000,25680,DIRECT,listing,metraj_all,3
38b6af3d-45f5-546e-0af0-d43282543dfb,272905:1,1,منطقه 1,MUNICIPAL_AREA,2026-02-20,1404-12,300,اسفند - 1404,300000000,299910740.91,242462121.21,366666666.67,51800000000,19439,DIRECT,listing,metraj_all,3
38b6af3d-45f5-546e-0af0-d43282543dfb,272905:1,1,منطقه 1,MUNICIPAL_AREA,2026-03-21,1405-01,301,فروردین - 1405,315789473.68,315664575.94,256097560.98,382198952.88,54000000000,14465,DIRECT,listing,metraj_all,3
38b6af3d-45f5-546e-0af0-d43282543dfb,272905:1,1,منطقه 1,MUNICIPAL_AREA,2026-04-21,1405-02,302,اردیبهشت - 1405,378947368.42,378794123.43,297674418.6,475409836.07,65000000000,14173,DIRECT,listing,metraj_all,3
38b6af3d-45f5-546e-0af0-d43282543dfb,272905:1,1,منطقه 1,MUNICIPAL_AREA,2026-05-22,1405-03,303,خرداد - 1405,433333333.33,433221421.06,342857142.86,545985826.1,75000000000,22180,DIRECT,listing,metraj_all,3
38b6af3d-45f5-546e-0af0-d43282543dfb,272905:1,1,منطقه 1,MUNICIPAL_AREA,2026-06-22,1405-04,304,تیر - 1405,450980392.16,450866099.89,360482558.14,565693430.66,79000000000,22387,DIRECT,listing,metraj_all,3
38b6af3d-45f5-546e-0af0-d43282543dfb,272905:1,1,منطقه 1,MUNICIPAL_AREA,2026-07-23,1405-05,305,مرداد - 1405,490909090.91,490790613.86,395428118.39,604426646.8,84000000000,23700,DIRECT,listing,metraj_all,3
5e92f55b-b28e-842d-0bff-ebedf489023f,272905:2,2,منطقه 2,MUNICIPAL_AREA,2021-08-23,1400-06,246,شهریور - 1400,46534653.47,46419852.07,35000000,64968152.87,4400000000,1809,DIRECT,listing,metraj_all,3
5e92f55b-b28e-842d-0bff-ebedf489023f,272905:2,2,منطقه 2,MUNICIPAL_AREA,2021-09-23,1400-07,247,مهر - 1400,47222222.22,47099353.66,35650486.86,65000000,4500000000,1715,DIRECT,listing,metraj_all,3
5e92f55b-b28e-842d-0bff-ebedf489023f,272905:2,2,منطقه 2,MUNICIPAL_AREA,2021-10-23,1400-08,248,آبان - 1400,46666666.67,46542062.28,35000000,64456932.01,4400000000,1639,DIRECT,listing,metraj_all,3
5e92f55b-b28e-842d-0bff-ebedf489023f,272905:2,2,منطقه 2,MUNICIPAL_AREA,2021-11-22,1400-09,249,آذر - 1400,46712121.21,46570761.77,35162037.04,62981481.48,4350000000,1467,DIRECT,listing,metraj_all,3
5e92f55b-b28e-842d-0bff-ebedf489023f,272905:2,2,منطقه 2,MUNICIPAL_AREA,2021-12-22,1400-10,250,دی - 1400,47540983.61,47380538.83,35416666.67,64347616.76,4500000000,1315,DIRECT,listing,metraj_all,3
5e92f55b-b28e-842d-0bff-ebedf489023f,272905:2,2,منطقه 2,MUNICIPAL_AREA,2022-01-21,1400-11,251,بهمن - 1400,47826086.96,47663416.57,35714285.71,65000000,4500000000,1301,DIRECT,listing,metraj_all,3
5e92f55b-b28e-842d-0bff-ebedf489023f,272905:2,2,منطقه 2,MUNICIPAL_AREA,2022-02-20,1400-12,252,اسفند - 1400,48638132.3,48436847.33,36419753.09,67282608.7,4600000000,1065,DIRECT,listing,metraj_all,3
5e92f55b-b28e-842d-0bff-ebedf489023f,272905:2,2,منطقه 2,MUNICIPAL_AREA,2022-03-21,1401-01,253,فروردین - 1401,45722996.52,45679165.79,29064316.86,66219442.32,4250000000,3798,DIRECT,listing,metraj_all,3
5e92f55b-b28e-842d-0bff-ebedf489023f,272905:2,2,منطقه 2,MUNICIPAL_AREA,2022-04-21,1401-02,254,اردیبهشت - 1401,51639344.26,51621059.93,37664109.12,71751918.16,5100000000,6995,DIRECT,listing,metraj_all,3
5e92f55b-b28e-842d-0bff-ebedf489023f,272905:2,2,منطقه 2,MUNICIPAL_AREA,2022-05-22,1401-03,255,خرداد - 1401,54908970.54,54896764.37,41355946.69,74049425.07,5460000000,11294,DIRECT,listing,metraj_all,3
5e92f55b-b28e-842d-0bff-ebedf489023f,272905:2,2,منطقه 2,MUNICIPAL_AREA,2022-06-22,1401-04,256,تیر - 1401,59090909.09,59077251.74,45833333.33,77272727.27,5938000000,11994,DIRECT,listing,metraj_all,3
5e92f55b-b28e-842d-0bff-ebedf489023f,272905:2,2,منطقه 2,MUNICIPAL_AREA,2022-07-23,1401-05,257,مرداد - 1401,60000000,59987559.44,46521464.65,79061910.75,5900000000,13159,DIRECT,listing,metraj_all,3
5e92f55b-b28e-842d-0bff-ebedf489023f,272905:2,2,منطقه 2,MUNICIPAL_AREA,2022-08-23,1401-06,258,شهریور - 1401,63369214.83,63359019.16,48000000,82966903.07,6200000000,16372,DIRECT,listing,metraj_all,3
5e92f55b-b28e-842d-0bff-ebedf489023f,272905:2,2,منطقه 2,MUNICIPAL_AREA,2022-09-23,1401-07,259,مهر - 1401,64000000,63987132.12,47826086.96,83811975.9,6200000000,12570,DIRECT,listing,metraj_all,3
5e92f55b-b28e-842d-0bff-ebedf489023f,272905:2,2,منطقه 2,MUNICIPAL_AREA,2022-10-23,1401-08,260,آبان - 1401,66428571.43,66407202.57,50000000,85135135.14,6500000000,7765,DIRECT,listing,metraj_all,3
5e92f55b-b28e-842d-0bff-ebedf489023f,272905:2,2,منطقه 2,MUNICIPAL_AREA,2022-11-22,1401-09,261,آذر - 1401,71000000,70966929.29,56666666.67,88888888.89,6900000000,2525,DIRECT,listing,metraj_all,3
5e92f55b-b28e-842d-0bff-ebedf489023f,272905:2,2,منطقه 2,MUNICIPAL_AREA,2022-12-22,1401-10,262,دی - 1401,72222222.22,72199472.38,56410256.41,90000000,7300000000,6193,DIRECT,listing,metraj_all,3
5e92f55b-b28e-842d-0bff-ebedf489023f,272905:2,2,منطقه 2,MUNICIPAL_AREA,2023-01-21,1401-11,263,بهمن - 1401,75000000,74985245.59,57142857.14,94789136.54,7500000000,12608,DIRECT,listing,metraj_all,3
5e92f55b-b28e-842d-0bff-ebedf489023f,272905:2,2,منطقه 2,MUNICIPAL_AREA,2023-02-20,1401-12,264,اسفند - 1401,75000000,74981738.56,55000000,96478873.24,7800000000,12261,DIRECT,listing,metraj_all,3
5e92f55b-b28e-842d-0bff-ebedf489023f,272905:2,2,منطقه 2,MUNICIPAL_AREA,2023-03-21,1402-01,265,فروردین - 1402,76666666.67,76638534.53,54878048.78,100000000,8000000000,8636,DIRECT,listing,metraj_all,3
5e92f55b-b28e-842d-0bff-ebedf489023f,272905:2,2,منطقه 2,MUNICIPAL_AREA,2023-04-21,1402-02,266,اردیبهشت - 1402,121785398.06,121764900.85,96000000,153333333.33,12500000000,17530,DIRECT,listing,metraj_all,3
5e92f55b-b28e-842d-0bff-ebedf489023f,272905:2,2,منطقه 2,MUNICIPAL_AREA,2023-05-22,1402-03,267,خرداد - 1402,127272727.27,127261263.11,103333333.33,160000000,13000000000,28851,DIRECT,listing,metraj_all,3
5e92f55b-b28e-842d-0bff-ebedf489023f,272905:2,2,منطقه 2,MUNICIPAL_AREA,2023-06-22,1402-04,268,تیر - 1402,126666666.67,126658900.37,102352941.18,160000000,13000000000,42374,DIRECT,listing,metraj_all,3
5e92f55b-b28e-842d-0bff-ebedf489023f,272905:2,2,منطقه 2,MUNICIPAL_AREA,2023-07-23,1402-05,269,مرداد - 1402,125680303.6,125671491.79,100621190.81,159420289.86,12700000000,37802,DIRECT,listing,metraj_all,3
5e92f55b-b28e-842d-0bff-ebedf489023f,272905:2,2,منطقه 2,MUNICIPAL_AREA,2023-08-23,1402-06,270,شهریور - 1402,125000000,124989951.38,100000000,159292035.4,12500000000,34731,DIRECT,listing,metraj_all,3
5e92f55b-b28e-842d-0bff-ebedf489023f,272905:2,2,منطقه 2,MUNICIPAL_AREA,2023-09-23,1402-07,271,مهر - 1402,124137931.03,124126140.73,98750000,157142857.14,12320000000,30441,DIRECT,listing,metraj_all,3
5e92f55b-b28e-842d-0bff-ebedf489023f,272905:2,2,منطقه 2,MUNICIPAL_AREA,2023-10-23,1402-08,272,آبان - 1402,122950819.67,122939038.91,97431184.02,155577777.78,12200000000,29883,DIRECT,listing,metraj_all,3
5e92f55b-b28e-842d-0bff-ebedf489023f,272905:2,2,منطقه 2,MUNICIPAL_AREA,2023-11-22,1402-09,273,آذر - 1402,121111111.11,121098910.35,95977011.49,152380952.38,12000000000,27225,DIRECT,listing,metraj_all,3
5e92f55b-b28e-842d-0bff-ebedf489023f,272905:2,2,منطقه 2,MUNICIPAL_AREA,2023-12-22,1402-10,274,دی - 1402,120000000,119987534.57,95384615.38,150757575.76,12000000000,25661,DIRECT,listing,metraj_all,3
5e92f55b-b28e-842d-0bff-ebedf489023f,272905:2,2,منطقه 2,MUNICIPAL_AREA,2024-01-21,1402-11,275,بهمن - 1402,120000000,119986495.51,95588235.29,150000000,12000000000,23439,DIRECT,listing,metraj_all,3
5e92f55b-b28e-842d-0bff-ebedf489023f,272905:2,2,منطقه 2,MUNICIPAL_AREA,2024-02-20,1402-12,276,اسفند - 1402,120000000,119985963.1,96774193.55,150000000,11990000000,21483,DIRECT,listing,metraj_all,3
5e92f55b-b28e-842d-0bff-ebedf489023f,272905:2,2,منطقه 2,MUNICIPAL_AREA,2024-03-20,1403-01,277,فروردین - 1403,122529644.27,122510748.17,98461538.46,152777777.78,12000000000,17205,DIRECT,listing,metraj_all,3
5e92f55b-b28e-842d-0bff-ebedf489023f,272905:2,2,منطقه 2,MUNICIPAL_AREA,2024-04-20,1403-02,278,اردیبهشت - 1403,126363636.36,126339613.35,100424002.88,157575757.58,12400000000,15127,DIRECT,listing,metraj_all,3
5e92f55b-b28e-842d-0bff-ebedf489023f,272905:2,2,منطقه 2,MUNICIPAL_AREA,2024-05-21,1403-03,279,خرداد - 1403,127380952.38,127353586.19,102500000,159090909.09,12500000000,14333,DIRECT,listing,metraj_all,3
5e92f55b-b28e-842d-0bff-ebedf489023f,272905:2,2,منطقه 2,MUNICIPAL_AREA,2024-06-21,1403-04,280,تیر - 1403,127096774.19,127071010.66,102672619.05,159090909.09,12500000000,15027,DIRECT,listing,metraj_all,3
5e92f55b-b28e-842d-0bff-ebedf489023f,272905:2,2,منطقه 2,MUNICIPAL_AREA,2024-07-22,1403-05,281,مرداد - 1403,125000000,124976156.5,101562500,157333333.33,12300000000,16107,DIRECT,listing,metraj_all,3
5e92f55b-b28e-842d-0bff-ebedf489023f,272905:2,2,منطقه 2,MUNICIPAL_AREA,2024-08-22,1403-06,282,شهریور - 1403,125000000,124974774.7,101125000,157692307.69,12200000000,15757,DIRECT,listing,metraj_all,3
5e92f55b-b28e-842d-0bff-ebedf489023f,272905:2,2,منطقه 2,MUNICIPAL_AREA,2024-09-22,1403-07,283,مهر - 1403,126000005.12,125978391.51,101267607.44,160000000,12199999488,19225,DIRECT,listing,metraj_all,3
5e92f55b-b28e-842d-0bff-ebedf489023f,272905:2,2,منطقه 2,MUNICIPAL_AREA,2024-10-22,1403-08,284,آبان - 1403,128062869.59,128040775.92,101423540.53,162650605.49,12295000000,19984,DIRECT,listing,metraj_all,3
5e92f55b-b28e-842d-0bff-ebedf489023f,272905:2,2,منطقه 2,MUNICIPAL_AREA,2024-11-21,1403-09,285,آذر - 1403,129870183.07,129850963.34,102173916.76,164999997.44,12499999744,23336,DIRECT,listing,metraj_all,3
5e92f55b-b28e-842d-0bff-ebedf489023f,272905:2,2,منطقه 2,MUNICIPAL_AREA,2024-12-21,1403-10,286,دی - 1403,130909090.91,130890653.71,102898554.43,166666664.77,12499999744,24251,DIRECT,listing,metraj_all,3
5e92f55b-b28e-842d-0bff-ebedf489023f,272905:2,2,منطقه 2,MUNICIPAL_AREA,2025-01-20,1403-11,287,بهمن - 1403,133571423.09,133553435.69,105072461.91,169999994.88,12899999744,25229,DIRECT,listing,metraj_all,3
5e92f55b-b28e-842d-0bff-ebedf489023f,272905:2,2,منطقه 2,MUNICIPAL_AREA,2025-02-19,1403-12,288,اسفند - 1403,137795277.61,137777165.82,109174786.67,174766020.89,13299999744,25459,DIRECT,listing,metraj_all,3
5e92f55b-b28e-842d-0bff-ebedf489023f,272905:2,2,منطقه 2,MUNICIPAL_AREA,2025-03-21,1404-01,289,فروردین - 1404,141358029.43,141334203.12,112726885.05,179999994.91,13799999488,20223,DIRECT,listing,metraj_all,3
5e92f55b-b28e-842d-0bff-ebedf489023f,272905:2,2,منطقه 2,MUNICIPAL_AREA,2025-04-21,1404-02,290,اردیبهشت - 1404,147700319.18,147675819.79,117227007.42,186363641.6,14400000000,20594,DIRECT,listing,metraj_all,3
5e92f55b-b28e-842d-0bff-ebedf489023f,272905:2,2,منطقه 2,MUNICIPAL_AREA,2025-05-22,1404-03,291,خرداد - 1404,153416874.22,153390496.05,118750000,195209583.14,15000000512,20938,DIRECT,listing,metraj_all,3
5e92f55b-b28e-842d-0bff-ebedf489023f,272905:2,2,منطقه 2,MUNICIPAL_AREA,2025-06-22,1404-04,292,تیر - 1404,154054054.05,154032395.71,119409569.8,195454545.45,15249999936,25360,DIRECT,listing,metraj_all,3
5e92f55b-b28e-842d-0bff-ebedf489023f,272905:2,2,منطقه 2,MUNICIPAL_AREA,2025-07-23,1404-05,293,مرداد - 1404,154471544.72,154448496.34,118888888.89,196875000,15400000000,24033,DIRECT,listing,metraj_all,3
5e92f55b-b28e-842d-0bff-ebedf489023f,272905:2,2,منطقه 2,MUNICIPAL_AREA,2025-08-23,1404-06,294,شهریور - 1404,152631578.95,152610768.73,118181818.18,196486068.11,15100000000,25882,DIRECT,listing,metraj_all,3
5e92f55b-b28e-842d-0bff-ebedf489023f,272905:2,2,منطقه 2,MUNICIPAL_AREA,2025-09-23,1404-07,295,مهر - 1404,153750000,153732057.57,118181818.18,199300699.3,15300000000,29947,DIRECT,listing,metraj_all,3
5e92f55b-b28e-842d-0bff-ebedf489023f,272905:2,2,منطقه 2,MUNICIPAL_AREA,2025-10-23,1404-08,296,آبان - 1404,156765475.16,156750030.28,120226342.79,203539823.01,15700000000,35522,DIRECT,listing,metraj_all,3
5e92f55b-b28e-842d-0bff-ebedf489023f,272905:2,2,منطقه 2,MUNICIPAL_AREA,2025-11-22,1404-09,297,آذر - 1404,161458333.33,161443932.47,124056603.77,210000000,16250000000,38773,DIRECT,listing,metraj_all,3
5e92f55b-b28e-842d-0bff-ebedf489023f,272905:2,2,منطقه 2,MUNICIPAL_AREA,2025-12-22,1404-10,298,دی - 1404,169393331.1,169378296.77,129201110.57,221052631.58,17000000000,39236,DIRECT,listing,metraj_all,3
5e92f55b-b28e-842d-0bff-ebedf489023f,272905:2,2,منطقه 2,MUNICIPAL_AREA,2026-01-21,1404-11,299,بهمن - 1404,182352941.18,182336525.34,138400000,240000000,18600000000,38158,DIRECT,listing,metraj_all,3
5e92f55b-b28e-842d-0bff-ebedf489023f,272905:2,2,منطقه 2,MUNICIPAL_AREA,2026-02-20,1404-12,300,اسفند - 1404,193181818.18,193157480.78,146666666.67,251428571.43,20000000000,27430,DIRECT,listing,metraj_all,3
5e92f55b-b28e-842d-0bff-ebedf489023f,272905:2,2,منطقه 2,MUNICIPAL_AREA,2026-03-21,1405-01,301,فروردین - 1405,206363636.36,206326204.61,156250000,266666666.67,21700000000,19055,DIRECT,listing,metraj_all,3
5e92f55b-b28e-842d-0bff-ebedf489023f,272905:2,2,منطقه 2,MUNICIPAL_AREA,2026-04-21,1405-02,302,اردیبهشت - 1405,253571428.57,253525410.64,188327922.08,333333333.33,26500000000,19976,DIRECT,listing,metraj_all,3
5e92f55b-b28e-842d-0bff-ebedf489023f,272905:2,2,منطقه 2,MUNICIPAL_AREA,2026-05-22,1405-03,303,خرداد - 1405,292307692.31,292274760.69,217369121.57,381250000,30000000000,32575,DIRECT,listing,metraj_all,3
5e92f55b-b28e-842d-0bff-ebedf489023f,272905:2,2,منطقه 2,MUNICIPAL_AREA,2026-06-22,1405-04,304,تیر - 1405,304054054.05,304021864.77,231884057.97,398000000,31500000000,33869,DIRECT,listing,metraj_all,3
5e92f55b-b28e-842d-0bff-ebedf489023f,272905:2,2,منطقه 2,MUNICIPAL_AREA,2026-07-23,1405-05,305,مرداد - 1405,322886904.77,322859499.71,255555555.56,412280701.75,32500000000,41182,DIRECT,listing,metraj_all,3
ff50928d-cafd-7ddc-8a2a-687762b0254d,272905:3,3,منطقه 3,MUNICIPAL_AREA,2021-08-23,1400-06,246,شهریور - 1400,60000000,59523609.96,50000000,75000000,6200000000,711,DIRECT,listing,metraj_all,3
ff50928d-cafd-7ddc-8a2a-687762b0254d,272905:3,3,منطقه 3,MUNICIPAL_AREA,2021-09-23,1400-07,247,مهر - 1400,60309161.18,59788161.71,50000000,75000000,6300000000,648,DIRECT,listing,metraj_all,3
ff50928d-cafd-7ddc-8a2a-687762b0254d,272905:3,3,منطقه 3,MUNICIPAL_AREA,2021-10-23,1400-08,248,آبان - 1400,60359967.14,59839593.81,50000000,76270934.91,6500000000,648,DIRECT,listing,metraj_all,3
ff50928d-cafd-7ddc-8a2a-687762b0254d,272905:3,3,منطقه 3,MUNICIPAL_AREA,2021-11-22,1400-09,249,آذر - 1400,62053571.43,61421455.56,50185185.19,80000000,6780000000,563,DIRECT,listing,metraj_all,3
ff50928d-cafd-7ddc-8a2a-687762b0254d,272905:3,3,منطقه 3,MUNICIPAL_AREA,2021-12-22,1400-10,250,دی - 1400,62920144.38,62294920.94,50000000,80000000,6750000000,576,DIRECT,listing,metraj_all,3
ff50928d-cafd-7ddc-8a2a-687762b0254d,272905:3,3,منطقه 3,MUNICIPAL_AREA,2022-01-21,1400-11,251,بهمن - 1400,64444444.44,63789099.95,50781250,82400000,6700000000,569,DIRECT,listing,metraj_all,3
ff50928d-cafd-7ddc-8a2a-687762b0254d,272905:3,3,منطقه 3,MUNICIPAL_AREA,2022-02-20,1400-12,252,اسفند - 1400,64984076.44,64259189.44,52429855.51,81538461.54,6500000000,514,DIRECT,listing,metraj_all,3
ff50928d-cafd-7ddc-8a2a-687762b0254d,272905:3,3,منطقه 3,MUNICIPAL_AREA,2022-03-21,1401-01,253,فروردین - 1401,65853658.54,65230622.97,56000000,80882352.94,7000000000,581,DIRECT,listing,metraj_all,3
ff50928d-cafd-7ddc-8a2a-687762b0254d,272905:3,3,منطقه 3,MUNICIPAL_AREA,2022-04-21,1401-02,254,اردیبهشت - 1401,67479674.8,67364851.13,59259259.26,79393939.39,7800000000,2485,DIRECT,listing,metraj_all,3
ff50928d-cafd-7ddc-8a2a-687762b0254d,272905:3,3,منطقه 3,MUNICIPAL_AREA,2022-05-22,1401-03,255,خرداد - 1401,69411764.71,69354394.64,60000000,81111111.11,8000000000,4923,DIRECT,listing,metraj_all,3
ff50928d-cafd-7ddc-8a2a-687762b0254d,272905:3,3,منطقه 3,MUNICIPAL_AREA,2022-06-22,1401-04,256,تیر - 1401,70486029.13,70444920.55,61004237.29,83884408.6,8200000000,6750,DIRECT,listing,metraj_all,3
ff50928d-cafd-7ddc-8a2a-687762b0254d,272905:3,3,منطقه 3,MUNICIPAL_AREA,2022-07-23,1401-05,257,مرداد - 1401,73684210.53,73641177.48,63551401.87,86231884.06,8500000000,6977,DIRECT,listing,metraj_all,3
ff50928d-cafd-7ddc-8a2a-687762b0254d,272905:3,3,منطقه 3,MUNICIPAL_AREA,2022-08-23,1401-06,258,شهریور - 1401,76339981.94,76303456.44,65858497.87,90000000,9044000000,8114,DIRECT,listing,metraj_all,3
ff50928d-cafd-7ddc-8a2a-687762b0254d,272905:3,3,منطقه 3,MUNICIPAL_AREA,2022-09-23,1401-07,259,مهر - 1401,77419354.84,77370230.66,66666666.67,90927835.05,9250000000,6017,DIRECT,listing,metraj_all,3
ff50928d-cafd-7ddc-8a2a-687762b0254d,272905:3,3,منطقه 3,MUNICIPAL_AREA,2022-10-23,1401-08,260,آبان - 1401,78688524.59,78610549.33,67647058.82,92727272.73,9500000000,3693,DIRECT,listing,metraj_all,3
ff50928d-cafd-7ddc-8a2a-687762b0254d,272905:3,3,منطقه 3,MUNICIPAL_AREA,2022-11-22,1401-09,261,آذر - 1401,86131386.86,85969550.58,74533365.58,106006642.24,11000000000,1443,DIRECT,listing,metraj_all,3
ff50928d-cafd-7ddc-8a2a-687762b0254d,272905:3,3,منطقه 3,MUNICIPAL_AREA,2022-12-22,1401-10,262,دی - 1401,88888888.89,88802939.73,74858304.78,110000000,11400000000,3571,DIRECT,listing,metraj_all,3
ff50928d-cafd-7ddc-8a2a-687762b0254d,272905:3,3,منطقه 3,MUNICIPAL_AREA,2023-01-21,1401-11,263,بهمن - 1401,90588235.29,90544578.18,75675675.68,114285714.29,11900000000,7825,DIRECT,listing,metraj_all,3
ff50928d-cafd-7ddc-8a2a-687762b0254d,272905:3,3,منطقه 3,MUNICIPAL_AREA,2023-02-20,1401-12,264,اسفند - 1401,92105263.16,92054630.31,75000000,116071428.57,12000000000,7794,DIRECT,listing,metraj_all,3
ff50928d-cafd-7ddc-8a2a-687762b0254d,272905:3,3,منطقه 3,MUNICIPAL_AREA,2023-03-21,1402-01,265,فروردین - 1402,93373493.98,93301524.36,75714285.71,118655367.24,12070000000,5691,DIRECT,listing,metraj_all,3
ff50928d-cafd-7ddc-8a2a-687762b0254d,272905:3,3,منطقه 3,MUNICIPAL_AREA,2023-04-21,1402-02,266,اردیبهشت - 1402,132025641.03,131972655.99,110000000,160000000,17400000000,8708,DIRECT,listing,metraj_all,3
ff50928d-cafd-7ddc-8a2a-687762b0254d,272905:3,3,منطقه 3,MUNICIPAL_AREA,2023-05-22,1402-03,267,خرداد - 1402,139354838.71,139322410.82,119718309.86,164285714.29,18000000000,13919,DIRECT,listing,metraj_all,3
ff50928d-cafd-7ddc-8a2a-687762b0254d,272905:3,3,منطقه 3,MUNICIPAL_AREA,2023-06-22,1402-04,268,تیر - 1402,139000000,138978428.75,120000000,164705882.35,18000000000,20967,DIRECT,listing,metraj_all,3
ff50928d-cafd-7ddc-8a2a-687762b0254d,272905:3,3,منطقه 3,MUNICIPAL_AREA,2023-07-23,1402-05,269,مرداد - 1402,139194139.19,139169869.59,120000000,165217391.3,17600000000,19287,DIRECT,listing,metraj_all,3
ff50928d-cafd-7ddc-8a2a-687762b0254d,272905:3,3,منطقه 3,MUNICIPAL_AREA,2023-08-23,1402-06,270,شهریور - 1402,138461538.46,138434741.36,119780219.78,166666666.67,17300000000,18041,DIRECT,listing,metraj_all,3
ff50928d-cafd-7ddc-8a2a-687762b0254d,272905:3,3,منطقه 3,MUNICIPAL_AREA,2023-09-23,1402-07,271,مهر - 1402,138095238.1,138063913.13,118651274.88,167045895.28,17000000000,15907,DIRECT,listing,metraj_all,3
ff50928d-cafd-7ddc-8a2a-687762b0254d,272905:3,3,منطقه 3,MUNICIPAL_AREA,2023-10-23,1402-08,272,آبان - 1402,137142857.14,137112524.85,117465098.49,166666666.67,16900000000,16279,DIRECT,listing,metraj_all,3
ff50928d-cafd-7ddc-8a2a-687762b0254d,272905:3,3,منطقه 3,MUNICIPAL_AREA,2023-11-22,1402-09,273,آذر - 1402,136470588.24,136439886.71,116666666.67,166666666.67,16800000000,15816,DIRECT,listing,metraj_all,3
ff50928d-cafd-7ddc-8a2a-687762b0254d,272905:3,3,منطقه 3,MUNICIPAL_AREA,2023-12-22,1402-10,274,دی - 1402,135827114.43,135797125.01,116666666.67,166666666.67,16850000000,15938,DIRECT,listing,metraj_all,3
ff50928d-cafd-7ddc-8a2a-687762b0254d,272905:3,3,منطقه 3,MUNICIPAL_AREA,2024-01-21,1402-11,275,بهمن - 1402,136842105.26,136810007.88,117756578.95,166666666.67,17000000000,15103,DIRECT,listing,metraj_all,3
ff50928d-cafd-7ddc-8a2a-687762b0254d,272905:3,3,منطقه 3,MUNICIPAL_AREA,2024-02-20,1402-12,276,اسفند - 1402,137815126.05,137780661.76,119000000,166438356.16,17000000000,13913,DIRECT,listing,metraj_all,3
ff50928d-cafd-7ddc-8a2a-687762b0254d,272905:3,3,منطقه 3,MUNICIPAL_AREA,2024-03-20,1403-01,277,فروردین - 1403,140000000,139955136.83,120519568.15,168918918.92,17125000000,11135,DIRECT,listing,metraj_all,3
ff50928d-cafd-7ddc-8a2a-687762b0254d,272905:3,3,منطقه 3,MUNICIPAL_AREA,2024-04-20,1403-02,278,اردیبهشت - 1403,145000000,144944539.68,124285714.29,175000000,17900000000,9907,DIRECT,listing,metraj_all,3
ff50928d-cafd-7ddc-8a2a-687762b0254d,272905:3,3,منطقه 3,MUNICIPAL_AREA,2024-05-21,1403-03,279,خرداد - 1403,150000000,149936130.51,127049180.33,182317073.17,18400000000,9677,DIRECT,listing,metraj_all,3
ff50928d-cafd-7ddc-8a2a-687762b0254d,272905:3,3,منطقه 3,MUNICIPAL_AREA,2024-06-21,1403-04,280,تیر - 1403,150000000,149941779.52,128205128.21,182608695.65,18500000000,10578,DIRECT,listing,metraj_all,3
ff50928d-cafd-7ddc-8a2a-687762b0254d,272905:3,3,منطقه 3,MUNICIPAL_AREA,2024-07-22,1403-05,281,مرداد - 1403,149444444.44,149390248.23,127500000,180000000,18500000000,11591,DIRECT,listing,metraj_all,3
ff50928d-cafd-7ddc-8a2a-687762b0254d,272905:3,3,منطقه 3,MUNICIPAL_AREA,2024-08-22,1403-06,282,شهریور - 1403,148416875.52,148359700.71,127551020.41,179636363.64,18400000000,11042,DIRECT,listing,metraj_all,3
ff50928d-cafd-7ddc-8a2a-687762b0254d,272905:3,3,منطقه 3,MUNICIPAL_AREA,2024-09-22,1403-07,283,مهر - 1403,147619050.06,147566902.17,126400000,180000000,18000000000,12108,DIRECT,listing,metraj_all,3
ff50928d-cafd-7ddc-8a2a-687762b0254d,272905:3,3,منطقه 3,MUNICIPAL_AREA,2024-10-22,1403-08,284,آبان - 1403,147727266.91,147670582.06,125000000,180000000,17800000000,11252,DIRECT,listing,metraj_all,3
ff50928d-cafd-7ddc-8a2a-687762b0254d,272905:3,3,منطقه 3,MUNICIPAL_AREA,2024-11-21,1403-09,285,آذر - 1403,149999996.34,149948384.31,125000004.27,183333330.49,17999998976,12584,DIRECT,listing,metraj_all,3
ff50928d-cafd-7ddc-8a2a-687762b0254d,272905:3,3,منطقه 3,MUNICIPAL_AREA,2024-12-21,1403-10,286,دی - 1403,152631576.25,152580038.34,127100073.69,187832012.56,18499999744,12884,DIRECT,listing,metraj_all,3
ff50928d-cafd-7ddc-8a2a-687762b0254d,272905:3,3,منطقه 3,MUNICIPAL_AREA,2025-01-20,1403-11,287,بهمن - 1403,158333337.6,158282009.55,131200000,194059395.8,19499999232,13659,DIRECT,listing,metraj_all,3
ff50928d-cafd-7ddc-8a2a-687762b0254d,272905:3,3,منطقه 3,MUNICIPAL_AREA,2025-02-19,1403-12,288,اسفند - 1403,161278964.06,161229544.35,135374151.4,195153955.59,19900000256,14076,DIRECT,listing,metraj_all,3
ff50928d-cafd-7ddc-8a2a-687762b0254d,272905:3,3,منطقه 3,MUNICIPAL_AREA,2025-03-21,1404-01,289,فروردین - 1404,164705880.35,164643809.2,138810360.9,199999995.9,20000000000,11518,DIRECT,listing,metraj_all,3
ff50928d-cafd-7ddc-8a2a-687762b0254d,272905:3,3,منطقه 3,MUNICIPAL_AREA,2025-04-21,1404-02,290,اردیبهشت - 1404,172000000,171937809.2,146347006.07,208674789.5,22000001024,12014,DIRECT,listing,metraj_all,3
ff50928d-cafd-7ddc-8a2a-687762b0254d,272905:3,3,منطقه 3,MUNICIPAL_AREA,2025-05-22,1404-03,291,خرداد - 1404,180000000,179932591.95,153135923.89,220000000,23700000000,12131,DIRECT,listing,metraj_all,3
ff50928d-cafd-7ddc-8a2a-687762b0254d,272905:3,3,منطقه 3,MUNICIPAL_AREA,2025-06-22,1404-04,292,تیر - 1404,181405639.02,181348566.35,155000000,222052592.23,23500000000,14410,DIRECT,listing,metraj_all,3
ff50928d-cafd-7ddc-8a2a-687762b0254d,272905:3,3,منطقه 3,MUNICIPAL_AREA,2025-07-23,1404-05,293,مرداد - 1404,181818181.82,181756405.41,155063291.14,223529411.76,23000000000,13387,DIRECT,listing,metraj_all,3
ff50928d-cafd-7ddc-8a2a-687762b0254d,272905:3,3,منطقه 3,MUNICIPAL_AREA,2025-08-23,1404-06,294,شهریور - 1404,180769230.77,180710502.81,154676827.19,220000000,22500000000,13956,DIRECT,listing,metraj_all,3
ff50928d-cafd-7ddc-8a2a-687762b0254d,272905:3,3,منطقه 3,MUNICIPAL_AREA,2025-09-23,1404-07,295,مهر - 1404,182212806.03,182160253.66,155555555.56,222597216.09,23000000000,15634,DIRECT,listing,metraj_all,3
ff50928d-cafd-7ddc-8a2a-687762b0254d,272905:3,3,منطقه 3,MUNICIPAL_AREA,2025-10-23,1404-08,296,آبان - 1404,186718750,186672131.32,158505319.15,230769230.77,23650000000,18187,DIRECT,listing,metraj_all,3
ff50928d-cafd-7ddc-8a2a-687762b0254d,272905:3,3,منطقه 3,MUNICIPAL_AREA,2025-11-22,1404-09,297,آذر - 1404,192857142.86,192813252.49,163333333.33,240601503.76,24500000000,19869,DIRECT,listing,metraj_all,3
ff50928d-cafd-7ddc-8a2a-687762b0254d,272905:3,3,منطقه 3,MUNICIPAL_AREA,2025-12-22,1404-10,298,دی - 1404,202666666.67,202621633.7,170542635.66,252631578.95,26250000000,20481,DIRECT,listing,metraj_all,3
ff50928d-cafd-7ddc-8a2a-687762b0254d,272905:3,3,منطقه 3,MUNICIPAL_AREA,2026-01-21,1404-11,299,بهمن - 1404,225636004.31,225586098.98,183571428.57,282608695.65,30000000000,21218,DIRECT,listing,metraj_all,3
ff50928d-cafd-7ddc-8a2a-687762b0254d,272905:3,3,منطقه 3,MUNICIPAL_AREA,2026-02-20,1404-12,300,اسفند - 1404,245833333.33,245759659.07,200000000,300000000,32500000000,16201,DIRECT,listing,metraj_all,3
ff50928d-cafd-7ddc-8a2a-687762b0254d,272905:3,3,منطقه 3,MUNICIPAL_AREA,2026-03-21,1405-01,301,فروردین - 1405,269230769.23,269119935.46,219178082.19,327102803.74,36000000000,12101,DIRECT,listing,metraj_all,3
ff50928d-cafd-7ddc-8a2a-687762b0254d,272905:3,3,منطقه 3,MUNICIPAL_AREA,2026-04-21,1405-02,302,اردیبهشت - 1405,323076923.08,322945405.79,263636363.64,400000000,44000000000,12268,DIRECT,listing,metraj_all,3
ff50928d-cafd-7ddc-8a2a-687762b0254d,272905:3,3,منطقه 3,MUNICIPAL_AREA,2026-05-22,1405-03,303,خرداد - 1405,358333333.33,358239866.99,295000000,444444444.44,48000000000,18535,DIRECT,listing,metraj_all,3
ff50928d-cafd-7ddc-8a2a-687762b0254d,272905:3,3,منطقه 3,MUNICIPAL_AREA,2026-06-22,1405-04,304,تیر - 1405,375000000,374903943.64,305732484.08,453333333.33,50000000000,18729,DIRECT,listing,metraj_all,3
ff50928d-cafd-7ddc-8a2a-687762b0254d,272905:3,3,منطقه 3,MUNICIPAL_AREA,2026-07-23,1405-05,305,مرداد - 1405,393939393.94,393846859.78,330339265.86,480000000,51200000000,19868,DIRECT,listing,metraj_all,3
9e522432-7d71-31ab-b475-1f7a9c3befb5,272905:4,4,منطقه 4,MUNICIPAL_AREA,2021-08-23,1400-06,246,شهریور - 1400,30952380.95,30937120.07,24503521.13,40914860.68,2400000000,3463,DIRECT,listing,metraj_all,3
9e522432-7d71-31ab-b475-1f7a9c3befb5,272905:4,4,منطقه 4,MUNICIPAL_AREA,2021-09-23,1400-07,247,مهر - 1400,31034482.76,31019712.59,24541166.39,42000000,2400000000,3380,DIRECT,listing,metraj_all,3
9e522432-7d71-31ab-b475-1f7a9c3befb5,272905:4,4,منطقه 4,MUNICIPAL_AREA,2021-10-23,1400-08,248,آبان - 1400,30769230.77,30755461.66,24316008.32,41318840.58,2400000000,3367,DIRECT,listing,metraj_all,3
9e522432-7d71-31ab-b475-1f7a9c3befb5,272905:4,4,منطقه 4,MUNICIPAL_AREA,2021-11-22,1400-09,249,آذر - 1400,31656862.75,31638799.69,25000000,42432673.51,2420000000,3214,DIRECT,listing,metraj_all,3
9e522432-7d71-31ab-b475-1f7a9c3befb5,272905:4,4,منطقه 4,MUNICIPAL_AREA,2021-12-22,1400-10,250,دی - 1400,32229532.17,32209786.22,25376004.59,43686530.52,2500000000,3002,DIRECT,listing,metraj_all,3
9e522432-7d71-31ab-b475-1f7a9c3befb5,272905:4,4,منطقه 4,MUNICIPAL_AREA,2022-01-21,1400-11,251,بهمن - 1400,33000000,32978376.58,26244877.05,44458333.33,2500000000,2996,DIRECT,listing,metraj_all,3
9e522432-7d71-31ab-b475-1f7a9c3befb5,272905:4,4,منطقه 4,MUNICIPAL_AREA,2022-02-20,1400-12,252,اسفند - 1400,33333333.33,33308171.09,26728405.6,44693366.71,2500000000,2507,DIRECT,listing,metraj_all,3
9e522432-7d71-31ab-b475-1f7a9c3befb5,272905:4,4,منطقه 4,MUNICIPAL_AREA,2022-03-21,1401-01,253,فروردین - 1401,34666666.67,34642422.22,27385029.35,45870098.04,2591000000,2314,DIRECT,listing,metraj_all,3
9e522432-7d71-31ab-b475-1f7a9c3befb5,272905:4,4,منطقه 4,MUNICIPAL_AREA,2022-04-21,1401-02,254,اردیبهشت - 1401,38961038.96,38960686.34,30120481.93,53846153.85,3200000000,3673,DIRECT,listing,metraj_all,3
9e522432-7d71-31ab-b475-1f7a9c3befb5,272905:4,4,منطقه 4,MUNICIPAL_AREA,2022-05-22,1401-03,255,خرداد - 1401,41333333.33,41333020.61,32394366.2,55627769.95,3450000000,7096,DIRECT,listing,metraj_all,3
9e522432-7d71-31ab-b475-1f7a9c3befb5,272905:4,4,منطقه 4,MUNICIPAL_AREA,2022-06-22,1401-04,256,تیر - 1401,42708333.33,42708321.68,33898305.08,56363636.36,3500000000,10033,DIRECT,listing,metraj_all,3
9e522432-7d71-31ab-b475-1f7a9c3befb5,272905:4,4,منطقه 4,MUNICIPAL_AREA,2022-07-23,1401-05,257,مرداد - 1401,43689320.39,43689257.57,35064935.06,57000000,3515000000,11499,DIRECT,listing,metraj_all,3
9e522432-7d71-31ab-b475-1f7a9c3befb5,272905:4,4,منطقه 4,MUNICIPAL_AREA,2022-08-23,1401-06,258,شهریور - 1401,45454545.45,45455474.71,37037037.04,60000000,3700000000,13034,DIRECT,listing,metraj_all,3
9e522432-7d71-31ab-b475-1f7a9c3befb5,272905:4,4,منطقه 4,MUNICIPAL_AREA,2022-09-23,1401-07,259,مهر - 1401,46052631.58,46054505.87,37593064.27,60224217.99,3707500000,9378,DIRECT,listing,metraj_all,3
9e522432-7d71-31ab-b475-1f7a9c3befb5,272905:4,4,منطقه 4,MUNICIPAL_AREA,2022-10-23,1401-08,260,آبان - 1401,47000000,47005089.12,38391417.05,62500000,3850000000,5520,DIRECT,listing,metraj_all,3
9e522432-7d71-31ab-b475-1f7a9c3befb5,272905:4,4,منطقه 4,MUNICIPAL_AREA,2022-11-22,1401-09,261,آذر - 1401,70949874.69,70890009.03,50993243.24,86621621.63,7800000000,1382,DIRECT,listing,metraj_all,3
9e522432-7d71-31ab-b475-1f7a9c3befb5,272905:4,4,منطقه 4,MUNICIPAL_AREA,2022-12-22,1401-10,262,دی - 1401,71428571.43,71396175.23,48611111.11,88333333.33,7676000000,4101,DIRECT,listing,metraj_all,3
9e522432-7d71-31ab-b475-1f7a9c3befb5,272905:4,4,منطقه 4,MUNICIPAL_AREA,2023-01-21,1401-11,263,بهمن - 1401,75000000,74977815.65,51978102.19,92344439,8200000000,8382,DIRECT,listing,metraj_all,3
9e522432-7d71-31ab-b475-1f7a9c3befb5,272905:4,4,منطقه 4,MUNICIPAL_AREA,2023-02-20,1401-12,264,اسفند - 1401,75890410.96,75862557.97,52677313.89,95000000,8300000000,8355,DIRECT,listing,metraj_all,3
9e522432-7d71-31ab-b475-1f7a9c3befb5,272905:4,4,منطقه 4,MUNICIPAL_AREA,2023-03-21,1402-01,265,فروردین - 1402,78000000,77954742.66,55555555.56,99000000,8600000000,5659,DIRECT,listing,metraj_all,3
9e522432-7d71-31ab-b475-1f7a9c3befb5,272905:4,4,منطقه 4,MUNICIPAL_AREA,2023-04-21,1402-02,266,اردیبهشت - 1402,102178209.99,102162550.93,74074074.07,130000000,10800000000,10428,DIRECT,listing,metraj_all,3
9e522432-7d71-31ab-b475-1f7a9c3befb5,272905:4,4,منطقه 4,MUNICIPAL_AREA,2023-05-22,1402-03,267,خرداد - 1402,106194690.27,106187601.33,76865808.83,132575757.58,10500000000,16930,DIRECT,listing,metraj_all,3
9e522432-7d71-31ab-b475-1f7a9c3befb5,272905:4,4,منطقه 4,MUNICIPAL_AREA,2023-06-22,1402-04,268,تیر - 1402,106000000,105995240.68,76666666.67,131707317.07,10500000000,25729,DIRECT,listing,metraj_all,3
9e522432-7d71-31ab-b475-1f7a9c3befb5,272905:4,4,منطقه 4,MUNICIPAL_AREA,2023-07-23,1402-05,269,مرداد - 1402,103456790.12,103452130.61,75000000,130000000,10000000000,23803,DIRECT,listing,metraj_all,3
9e522432-7d71-31ab-b475-1f7a9c3befb5,272905:4,4,منطقه 4,MUNICIPAL_AREA,2023-08-23,1402-06,270,شهریور - 1402,100000000,99995610.42,72545454.55,128000000,9600000000,22566,DIRECT,listing,metraj_all,3
9e522432-7d71-31ab-b475-1f7a9c3befb5,272905:4,4,منطقه 4,MUNICIPAL_AREA,2023-09-23,1402-07,271,مهر - 1402,99009900.99,99004478.43,70588235.29,126025879.38,9173500000,19860,DIRECT,listing,metraj_all,3
9e522432-7d71-31ab-b475-1f7a9c3befb5,272905:4,4,منطقه 4,MUNICIPAL_AREA,2023-10-23,1402-08,272,آبان - 1402,98429276.32,98423752.77,70555555.56,126544575.55,9100000000,19352,DIRECT,listing,metraj_all,3
9e522432-7d71-31ab-b475-1f7a9c3befb5,272905:4,4,منطقه 4,MUNICIPAL_AREA,2023-11-22,1402-09,273,آذر - 1402,99159604.52,99153571.32,72500000,126086956.52,9200000000,18682,DIRECT,listing,metraj_all,3
9e522432-7d71-31ab-b475-1f7a9c3befb5,272905:4,4,منطقه 4,MUNICIPAL_AREA,2023-12-22,1402-10,274,دی - 1402,97857142.86,97851916.93,72941176.47,125000000,9000000000,18852,DIRECT,listing,metraj_all,3
9e522432-7d71-31ab-b475-1f7a9c3befb5,272905:4,4,منطقه 4,MUNICIPAL_AREA,2024-01-21,1402-11,275,بهمن - 1402,97867794.15,97862721.01,73972602.74,125000000,9000000000,18784,DIRECT,listing,metraj_all,3
9e522432-7d71-31ab-b475-1f7a9c3befb5,272905:4,4,منطقه 4,MUNICIPAL_AREA,2024-02-20,1402-12,276,اسفند - 1402,100000000,99994097.45,75000000,126666666.67,9120000000,17219,DIRECT,listing,metraj_all,3
9e522432-7d71-31ab-b475-1f7a9c3befb5,272905:4,4,منطقه 4,MUNICIPAL_AREA,2024-03-20,1403-01,277,فروردین - 1403,100000000,99993285.44,75819892.47,128571428.57,9300000000,14883,DIRECT,listing,metraj_all,3
9e522432-7d71-31ab-b475-1f7a9c3befb5,272905:4,4,منطقه 4,MUNICIPAL_AREA,2024-04-20,1403-02,278,اردیبهشت - 1403,100000000,99993444.34,76086956.52,130000000,9200000000,15244,DIRECT,listing,metraj_all,3
9e522432-7d71-31ab-b475-1f7a9c3befb5,272905:4,4,منطقه 4,MUNICIPAL_AREA,2024-05-21,1403-03,279,خرداد - 1403,100000000,99992871.07,75362318.84,130000000,8900000000,16641,DIRECT,listing,metraj_all,3
9e522432-7d71-31ab-b475-1f7a9c3befb5,272905:4,4,منطقه 4,MUNICIPAL_AREA,2024-06-21,1403-04,280,تیر - 1403,100000000,99993155.92,75862068.97,130257629.37,8900000000,17003,DIRECT,listing,metraj_all,3
9e522432-7d71-31ab-b475-1f7a9c3befb5,272905:4,4,منطقه 4,MUNICIPAL_AREA,2024-07-22,1403-05,281,مرداد - 1403,100000000,99992402.5,76415094.34,130681818.18,8930000000,17665,DIRECT,listing,metraj_all,3
9e522432-7d71-31ab-b475-1f7a9c3befb5,272905:4,4,منطقه 4,MUNICIPAL_AREA,2024-08-22,1403-06,282,شهریور - 1403,99137931.03,99129744.92,75384615.38,130000000,8750000000,16983,DIRECT,listing,metraj_all,3
9e522432-7d71-31ab-b475-1f7a9c3befb5,272905:4,4,منطقه 4,MUNICIPAL_AREA,2024-09-22,1403-07,283,مهر - 1403,98837207.82,98830405.06,75000000,128666666.24,8620000256,21174,DIRECT,listing,metraj_all,3
9e522432-7d71-31ab-b475-1f7a9c3befb5,272905:4,4,منطقه 4,MUNICIPAL_AREA,2024-10-22,1403-08,284,آبان - 1403,99999995.8,99992764.88,75000000,126187344.38,8600000512,22271,DIRECT,listing,metraj_all,3
9e522432-7d71-31ab-b475-1f7a9c3befb5,272905:4,4,منطقه 4,MUNICIPAL_AREA,2024-11-21,1403-09,285,آذر - 1403,100000000,99994276.92,75207164,125010874.49,8700000256,26200,DIRECT,listing,metraj_all,3
9e522432-7d71-31ab-b475-1f7a9c3befb5,272905:4,4,منطقه 4,MUNICIPAL_AREA,2024-12-21,1403-10,286,دی - 1403,101492537.31,101486924.11,76470588.24,125925922.13,8899999744,27272,DIRECT,listing,metraj_all,3
9e522432-7d71-31ab-b475-1f7a9c3befb5,272905:4,4,منطقه 4,MUNICIPAL_AREA,2025-01-20,1403-11,287,بهمن - 1403,103048778.93,103043556.25,77551020.41,128099175.67,8999999488,28473,DIRECT,listing,metraj_all,3
9e522432-7d71-31ab-b475-1f7a9c3befb5,272905:4,4,منطقه 4,MUNICIPAL_AREA,2025-02-19,1403-12,288,اسفند - 1403,107692307.69,107686667.33,80172411.59,133928576,9500000256,28403,DIRECT,listing,metraj_all,3
9e522432-7d71-31ab-b475-1f7a9c3befb5,272905:4,4,منطقه 4,MUNICIPAL_AREA,2025-03-21,1404-01,289,فروردین - 1404,110227269.82,110219768.71,80769228.8,138888886.04,9799999488,22756,DIRECT,listing,metraj_all,3
9e522432-7d71-31ab-b475-1f7a9c3befb5,272905:4,4,منطقه 4,MUNICIPAL_AREA,2025-04-21,1404-02,290,اردیبهشت - 1404,116326525.39,116317273.25,85227272.73,148571428.57,10600000000,20639,DIRECT,listing,metraj_all,3
9e522432-7d71-31ab-b475-1f7a9c3befb5,272905:4,4,منطقه 4,MUNICIPAL_AREA,2025-05-22,1404-03,291,خرداد - 1404,118105263.16,118094913.22,87068965.52,156565656.57,10800000000,19261,DIRECT,listing,metraj_all,3
9e522432-7d71-31ab-b475-1f7a9c3befb5,272905:4,4,منطقه 4,MUNICIPAL_AREA,2025-06-22,1404-04,292,تیر - 1404,118518518.52,118509618.98,88709677.42,159090909.09,11000000000,21802,DIRECT,listing,metraj_all,3
9e522432-7d71-31ab-b475-1f7a9c3befb5,272905:4,4,منطقه 4,MUNICIPAL_AREA,2025-07-23,1404-05,293,مرداد - 1404,117857142.86,117848150.69,89104150.8,157593939.4,10950000000,20898,DIRECT,listing,metraj_all,3
9e522432-7d71-31ab-b475-1f7a9c3befb5,272905:4,4,منطقه 4,MUNICIPAL_AREA,2025-08-23,1404-06,294,شهریور - 1404,118083763.63,118075071.85,90000000,156295509.71,11000000000,22234,DIRECT,listing,metraj_all,3
9e522432-7d71-31ab-b475-1f7a9c3befb5,272905:4,4,منطقه 4,MUNICIPAL_AREA,2025-09-23,1404-07,295,مهر - 1404,119047619.05,119040323.86,91666666.67,156250000,11100000000,26100,DIRECT,listing,metraj_all,3
9e522432-7d71-31ab-b475-1f7a9c3befb5,272905:4,4,منطقه 4,MUNICIPAL_AREA,2025-10-23,1404-08,296,آبان - 1404,120447860.96,120441871.96,93493031.36,159820409.33,11500000000,30982,DIRECT,listing,metraj_all,3
9e522432-7d71-31ab-b475-1f7a9c3befb5,272905:4,4,منطقه 4,MUNICIPAL_AREA,2025-11-22,1404-09,297,آذر - 1404,125000000,124994226.35,95721884.5,163934426.23,12000000000,33578,DIRECT,listing,metraj_all,3
9e522432-7d71-31ab-b475-1f7a9c3befb5,272905:4,4,منطقه 4,MUNICIPAL_AREA,2025-12-22,1404-10,298,دی - 1404,130718954.25,130712928.95,100000000,172932330.83,12650000000,33730,DIRECT,listing,metraj_all,3
9e522432-7d71-31ab-b475-1f7a9c3befb5,272905:4,4,منطقه 4,MUNICIPAL_AREA,2026-01-21,1404-11,299,بهمن - 1404,143529411.76,143522378.43,106000000,193750000,14000000000,33875,DIRECT,listing,metraj_all,3
9e522432-7d71-31ab-b475-1f7a9c3befb5,272905:4,4,منطقه 4,MUNICIPAL_AREA,2026-02-20,1404-12,300,اسفند - 1404,153846153.85,153835371.2,111111111.11,207894736.84,15000000000,25444,DIRECT,listing,metraj_all,3
9e522432-7d71-31ab-b475-1f7a9c3befb5,272905:4,4,منطقه 4,MUNICIPAL_AREA,2026-03-21,1405-01,301,فروردین - 1405,166666666.67,166650066.4,118518518.52,225896057.35,16000000000,19066,DIRECT,listing,metraj_all,3
9e522432-7d71-31ab-b475-1f7a9c3befb5,272905:4,4,منطقه 4,MUNICIPAL_AREA,2026-04-21,1405-02,302,اردیبهشت - 1405,201227040.05,201207662.52,138888888.89,271538461.54,18500000000,20440,DIRECT,listing,metraj_all,3
9e522432-7d71-31ab-b475-1f7a9c3befb5,272905:4,4,منطقه 4,MUNICIPAL_AREA,2026-05-22,1405-03,303,خرداد - 1405,225000000,224987390.06,161684397.17,300000000,20000000000,31711,DIRECT,listing,metraj_all,3
9e522432-7d71-31ab-b475-1f7a9c3befb5,272905:4,4,منطقه 4,MUNICIPAL_AREA,2026-06-22,1405-04,304,تیر - 1405,234669773.42,234657175.84,172727272.73,310814293.68,21000000000,31480,DIRECT,listing,metraj_all,3
9e522432-7d71-31ab-b475-1f7a9c3befb5,272905:4,4,منطقه 4,MUNICIPAL_AREA,2026-07-23,1405-05,305,مرداد - 1405,250000000,249987591.13,190789473.68,330275229.36,22400000000,32225,DIRECT,listing,metraj_all,3
c88afe7c-7484-7ae2-9fc4-810ac1a3ef44,272905:5,5,منطقه 5,MUNICIPAL_AREA,2021-08-23,1400-06,246,شهریور - 1400,36718750,36677349.06,28571428.57,45000000,2925000000,2663,DIRECT,listing,metraj_all,3
c88afe7c-7484-7ae2-9fc4-810ac1a3ef44,272905:5,5,منطقه 5,MUNICIPAL_AREA,2021-09-23,1400-07,247,مهر - 1400,36666666.67,36624960.4,28000000,45454545.45,2850000000,2541,DIRECT,listing,metraj_all,3
c88afe7c-7484-7ae2-9fc4-810ac1a3ef44,272905:5,5,منطقه 5,MUNICIPAL_AREA,2021-10-23,1400-08,248,آبان - 1400,36407766.99,36368211.57,25531082.29,45601135.19,2800000000,2591,DIRECT,listing,metraj_all,3
c88afe7c-7484-7ae2-9fc4-810ac1a3ef44,272905:5,5,منطقه 5,MUNICIPAL_AREA,2021-11-22,1400-09,249,آذر - 1400,36805555.56,36762221.34,25641025.64,46102744.77,2800000000,2522,DIRECT,listing,metraj_all,3
c88afe7c-7484-7ae2-9fc4-810ac1a3ef44,272905:5,5,منطقه 5,MUNICIPAL_AREA,2021-12-22,1400-10,250,دی - 1400,37891030.39,37838737.69,26250000,47152105.07,2900000000,2210,DIRECT,listing,metraj_all,3
c88afe7c-7484-7ae2-9fc4-810ac1a3ef44,272905:5,5,منطقه 5,MUNICIPAL_AREA,2022-01-21,1400-11,251,بهمن - 1400,38750000,38695288.07,25641025.64,48000000,2950000000,2229,DIRECT,listing,metraj_all,3
c88afe7c-7484-7ae2-9fc4-810ac1a3ef44,272905:5,5,منطقه 5,MUNICIPAL_AREA,2022-02-20,1400-12,252,اسفند - 1400,39424242.42,39360918.03,20000000,48876357.56,3000000000,1952,DIRECT,listing,metraj_all,3
c88afe7c-7484-7ae2-9fc4-810ac1a3ef44,272905:5,5,منطقه 5,MUNICIPAL_AREA,2022-03-21,1401-01,253,فروردین - 1401,41652173.91,41592786.06,31656118.15,50000000,3200000000,2115,DIRECT,listing,metraj_all,3
c88afe7c-7484-7ae2-9fc4-810ac1a3ef44,272905:5,5,منطقه 5,MUNICIPAL_AREA,2022-04-21,1401-02,254,اردیبهشت - 1401,45161290.32,45150882.36,39038573.86,52054794.52,3822500000,6072,DIRECT,listing,metraj_all,3
c88afe7c-7484-7ae2-9fc4-810ac1a3ef44,272905:5,5,منطقه 5,MUNICIPAL_AREA,2022-05-22,1401-03,255,خرداد - 1401,47826086.96,47820195.08,41333333.33,55079686.32,4200000000,11387,DIRECT,listing,metraj_all,3
c88afe7c-7484-7ae2-9fc4-810ac1a3ef44,272905:5,5,منطقه 5,MUNICIPAL_AREA,2022-06-22,1401-04,256,تیر - 1401,50000000,49995395.97,43119266.06,57600000,4420000000,15853,DIRECT,listing,metraj_all,3
c88afe7c-7484-7ae2-9fc4-810ac1a3ef44,272905:5,5,منطقه 5,MUNICIPAL_AREA,2022-07-23,1401-05,257,مرداد - 1401,53571428.57,53565616.12,46286369.39,60344827.59,4720000000,17116,DIRECT,listing,metraj_all,3
c88afe7c-7484-7ae2-9fc4-810ac1a3ef44,272905:5,5,منطقه 5,MUNICIPAL_AREA,2022-08-23,1401-06,258,شهریور - 1401,55084745.76,55081041.92,48750000,61864406.78,4750000000,22718,DIRECT,listing,metraj_all,3
c88afe7c-7484-7ae2-9fc4-810ac1a3ef44,272905:5,5,منطقه 5,MUNICIPAL_AREA,2022-09-23,1401-07,259,مهر - 1401,55333333.33,55329032.84,49180327.87,62068965.52,4700000000,17479,DIRECT,listing,metraj_all,3
c88afe7c-7484-7ae2-9fc4-810ac1a3ef44,272905:5,5,منطقه 5,MUNICIPAL_AREA,2022-10-23,1401-08,260,آبان - 1401,55282354.51,55277580.57,49324324.32,61904761.9,4650000000,11444,DIRECT,listing,metraj_all,3
c88afe7c-7484-7ae2-9fc4-810ac1a3ef44,272905:5,5,منطقه 5,MUNICIPAL_AREA,2022-11-22,1401-09,261,آذر - 1401,63043478.26,63041692.8,56862745.1,70212765.96,5600000000,2381,DIRECT,listing,metraj_all,3
c88afe7c-7484-7ae2-9fc4-810ac1a3ef44,272905:5,5,منطقه 5,MUNICIPAL_AREA,2022-12-22,1401-10,262,دی - 1401,65277777.78,65266911.68,58000000,73759282.18,5800000000,6586,DIRECT,listing,metraj_all,3
c88afe7c-7484-7ae2-9fc4-810ac1a3ef44,272905:5,5,منطقه 5,MUNICIPAL_AREA,2023-01-21,1401-11,263,بهمن - 1401,69032258.06,69023937.75,60370370.37,78333333.33,6000000000,15193,DIRECT,listing,metraj_all,3
c88afe7c-7484-7ae2-9fc4-810ac1a3ef44,272905:5,5,منطقه 5,MUNICIPAL_AREA,2023-02-20,1401-12,264,اسفند - 1401,70833333.33,70821179.32,61961166.86,80708020.05,6200000000,14999,DIRECT,listing,metraj_all,3
c88afe7c-7484-7ae2-9fc4-810ac1a3ef44,272905:5,5,منطقه 5,MUNICIPAL_AREA,2023-03-21,1402-01,265,فروردین - 1402,73000000,72980940.78,63676156.36,83000000,6300000000,10828,DIRECT,listing,metraj_all,3
c88afe7c-7484-7ae2-9fc4-810ac1a3ef44,272905:5,5,منطقه 5,MUNICIPAL_AREA,2023-04-21,1402-02,266,اردیبهشت - 1402,100000000,99993796.32,86153846.15,113636363.64,8300000000,22826,DIRECT,listing,metraj_all,3
c88afe7c-7484-7ae2-9fc4-810ac1a3ef44,272905:5,5,منطقه 5,MUNICIPAL_AREA,2023-05-22,1402-03,267,خرداد - 1402,101515151.52,101513276.2,89285714.29,114843750,8450000000,39072,DIRECT,listing,metraj_all,3
c88afe7c-7484-7ae2-9fc4-810ac1a3ef44,272905:5,5,منطقه 5,MUNICIPAL_AREA,2023-06-22,1402-04,268,تیر - 1402,100000000,99998914.99,87735849.06,113714285.71,8300000000,57593,DIRECT,listing,metraj_all,3
c88afe7c-7484-7ae2-9fc4-810ac1a3ef44,272905:5,5,منطقه 5,MUNICIPAL_AREA,2023-07-23,1402-05,269,مرداد - 1402,98235294.12,98234164.45,85076923.08,111111111.11,7990000000,51989,DIRECT,listing,metraj_all,3
c88afe7c-7484-7ae2-9fc4-810ac1a3ef44,272905:5,5,منطقه 5,MUNICIPAL_AREA,2023-08-23,1402-06,270,شهریور - 1402,94117647.06,94116825.91,79310344.83,107692307.69,7450000000,49038,DIRECT,listing,metraj_all,3
c88afe7c-7484-7ae2-9fc4-810ac1a3ef44,272905:5,5,منطقه 5,MUNICIPAL_AREA,2023-09-23,1402-07,271,مهر - 1402,91034482.76,91033860.51,74285714.29,104297776.9,7000000000,44975,DIRECT,listing,metraj_all,3
c88afe7c-7484-7ae2-9fc4-810ac1a3ef44,272905:5,5,منطقه 5,MUNICIPAL_AREA,2023-10-23,1402-08,272,آبان - 1402,89984615.38,89984125.89,74210526.32,102857142.86,6900000000,45957,DIRECT,listing,metraj_all,3
c88afe7c-7484-7ae2-9fc4-810ac1a3ef44,272905:5,5,منطقه 5,MUNICIPAL_AREA,2023-11-22,1402-09,273,آذر - 1402,90000000,89999499.06,77142857.14,103125000,7000000000,42264,DIRECT,listing,metraj_all,3
c88afe7c-7484-7ae2-9fc4-810ac1a3ef44,272905:5,5,منطقه 5,MUNICIPAL_AREA,2023-12-22,1402-10,274,دی - 1402,90909090.91,90908369.66,80000000,103921568.63,7300000000,40324,DIRECT,listing,metraj_all,3
c88afe7c-7484-7ae2-9fc4-810ac1a3ef44,272905:5,5,منطقه 5,MUNICIPAL_AREA,2024-01-21,1402-11,275,بهمن - 1402,93282416.05,93281113.86,82029055.48,106000000,7600000000,37996,DIRECT,listing,metraj_all,3
c88afe7c-7484-7ae2-9fc4-810ac1a3ef44,272905:5,5,منطقه 5,MUNICIPAL_AREA,2024-02-20,1402-12,276,اسفند - 1402,95588235.29,95586644.32,84375000,108035714.29,7800000000,36180,DIRECT,listing,metraj_all,3
c88afe7c-7484-7ae2-9fc4-810ac1a3ef44,272905:5,5,منطقه 5,MUNICIPAL_AREA,2024-03-20,1403-01,277,فروردین - 1403,98780487.8,98777464.94,86428571.43,111340206.19,8100000000,29037,DIRECT,listing,metraj_all,3
c88afe7c-7484-7ae2-9fc4-810ac1a3ef44,272905:5,5,منطقه 5,MUNICIPAL_AREA,2024-04-20,1403-02,278,اردیبهشت - 1403,102747252.75,102742504.82,90000000,116778523.49,8500000000,26838,DIRECT,listing,metraj_all,3
c88afe7c-7484-7ae2-9fc4-810ac1a3ef44,272905:5,5,منطقه 5,MUNICIPAL_AREA,2024-05-21,1403-03,279,خرداد - 1403,105633802.82,105627278.23,92000000,120000000,8550000000,26818,DIRECT,listing,metraj_all,3
c88afe7c-7484-7ae2-9fc4-810ac1a3ef44,272905:5,5,منطقه 5,MUNICIPAL_AREA,2024-06-21,1403-04,280,تیر - 1403,105263157.89,105257571.75,91292016.81,119696969.7,8500000000,30256,DIRECT,listing,metraj_all,3
c88afe7c-7484-7ae2-9fc4-810ac1a3ef44,272905:5,5,منطقه 5,MUNICIPAL_AREA,2024-07-22,1403-05,281,مرداد - 1403,104411764.71,104406613.75,90277777.78,118181818.18,8300000000,34625,DIRECT,listing,metraj_all,3
c88afe7c-7484-7ae2-9fc4-810ac1a3ef44,272905:5,5,منطقه 5,MUNICIPAL_AREA,2024-08-22,1403-06,282,شهریور - 1403,103389830.51,103384657.02,89090909.09,116806722.69,8249999872,35097,DIRECT,listing,metraj_all,3
c88afe7c-7484-7ae2-9fc4-810ac1a3ef44,272905:5,5,منطقه 5,MUNICIPAL_AREA,2024-09-22,1403-07,283,مهر - 1403,102352941.18,102348217.28,87932186.12,116000000,8100000000,37939,DIRECT,listing,metraj_all,3
c88afe7c-7484-7ae2-9fc4-810ac1a3ef44,272905:5,5,منطقه 5,MUNICIPAL_AREA,2024-10-22,1403-08,284,آبان - 1403,100000000,99995375.79,85000001.83,114705882.35,7800000000,34831,DIRECT,listing,metraj_all,3
c88afe7c-7484-7ae2-9fc4-810ac1a3ef44,272905:5,5,منطقه 5,MUNICIPAL_AREA,2024-11-21,1403-09,285,آذر - 1403,100000002.59,99995990.13,83653848.62,115079363.05,7800000000,37374,DIRECT,listing,metraj_all,3
c88afe7c-7484-7ae2-9fc4-810ac1a3ef44,272905:5,5,منطقه 5,MUNICIPAL_AREA,2024-12-21,1403-10,286,دی - 1403,100884951.22,100881131.49,82857142.86,116249996.8,7900000256,38491,DIRECT,listing,metraj_all,3
c88afe7c-7484-7ae2-9fc4-810ac1a3ef44,272905:5,5,منطقه 5,MUNICIPAL_AREA,2025-01-20,1403-11,287,بهمن - 1403,103529411.76,103525513.8,84562736.42,119642861.71,8099999744,39386,DIRECT,listing,metraj_all,3
c88afe7c-7484-7ae2-9fc4-810ac1a3ef44,272905:5,5,منطقه 5,MUNICIPAL_AREA,2025-02-19,1403-12,288,اسفند - 1403,106249996.8,106246230.66,85833335.47,122619050.67,8300000256,38713,DIRECT,listing,metraj_all,3
c88afe7c-7484-7ae2-9fc4-810ac1a3ef44,272905:5,5,منطقه 5,MUNICIPAL_AREA,2025-03-21,1404-01,289,فروردین - 1404,108854165.33,108848921.08,86249996.8,125367729.37,8449999872,29935,DIRECT,listing,metraj_all,3
c88afe7c-7484-7ae2-9fc4-810ac1a3ef44,272905:5,5,منطقه 5,MUNICIPAL_AREA,2025-04-21,1404-02,290,اردیبهشت - 1404,115555555.56,115549549.8,93749997.71,131764705.88,9200000000,30517,DIRECT,listing,metraj_all,3
c88afe7c-7484-7ae2-9fc4-810ac1a3ef44,272905:5,5,منطقه 5,MUNICIPAL_AREA,2025-05-22,1404-03,291,خرداد - 1404,120825000,120818639.65,100769232.74,136363636.36,9850000000,35625,DIRECT,listing,metraj_all,3
c88afe7c-7484-7ae2-9fc4-810ac1a3ef44,272905:5,5,منطقه 5,MUNICIPAL_AREA,2025-06-22,1404-04,292,تیر - 1404,121285714.29,121280977.34,102307692.31,136627906.98,9900000000,46811,DIRECT,listing,metraj_all,3
c88afe7c-7484-7ae2-9fc4-810ac1a3ef44,272905:5,5,منطقه 5,MUNICIPAL_AREA,2025-07-23,1404-05,293,مرداد - 1404,120967741.94,120963313.51,102205882.35,136842105.26,9700000000,49469,DIRECT,listing,metraj_all,3
c88afe7c-7484-7ae2-9fc4-810ac1a3ef44,272905:5,5,منطقه 5,MUNICIPAL_AREA,2025-08-23,1404-06,294,شهریور - 1404,119718309.86,119714411.35,100800000,136000000,9500000000,53776,DIRECT,listing,metraj_all,3
c88afe7c-7484-7ae2-9fc4-810ac1a3ef44,272905:5,5,منطقه 5,MUNICIPAL_AREA,2025-09-23,1404-07,295,مهر - 1404,120000000,119996775.58,100892857.14,137500000,9600000000,62017,DIRECT,listing,metraj_all,3
c88afe7c-7484-7ae2-9fc4-810ac1a3ef44,272905:5,5,منطقه 5,MUNICIPAL_AREA,2025-10-23,1404-08,296,آبان - 1404,121951219.51,121948387.74,102205882.35,140000000,9810000000,70845,DIRECT,listing,metraj_all,3
c88afe7c-7484-7ae2-9fc4-810ac1a3ef44,272905:5,5,منطقه 5,MUNICIPAL_AREA,2025-11-22,1404-09,297,آذر - 1404,126250000,126247285.31,105882352.94,144791666.67,10300000000,76030,DIRECT,listing,metraj_all,3
c88afe7c-7484-7ae2-9fc4-810ac1a3ef44,272905:5,5,منطقه 5,MUNICIPAL_AREA,2025-12-22,1404-10,298,دی - 1404,131578947.37,131576163.55,109278350.52,152777777.78,10900000000,76106,DIRECT,listing,metraj_all,3
c88afe7c-7484-7ae2-9fc4-810ac1a3ef44,272905:5,5,منطقه 5,MUNICIPAL_AREA,2026-01-21,1404-11,299,بهمن - 1404,143283582.09,143280593.76,114712643.68,172897196.26,12000000000,78919,DIRECT,listing,metraj_all,3
c88afe7c-7484-7ae2-9fc4-810ac1a3ef44,272905:5,5,منطقه 5,MUNICIPAL_AREA,2026-02-20,1404-12,300,اسفند - 1404,156250000,156245027.49,120199592.07,187323943.66,12950000000,60020,DIRECT,listing,metraj_all,3
c88afe7c-7484-7ae2-9fc4-810ac1a3ef44,272905:5,5,منطقه 5,MUNICIPAL_AREA,2026-03-21,1405-01,301,فروردین - 1405,171212121.21,171203932.13,125000000,202127659.57,13870000000,44210,DIRECT,listing,metraj_all,3
c88afe7c-7484-7ae2-9fc4-810ac1a3ef44,272905:5,5,منطقه 5,MUNICIPAL_AREA,2026-04-21,1405-02,302,اردیبهشت - 1405,210526315.79,210516277.36,125628140.7,255242718.45,16500000000,48729,DIRECT,listing,metraj_all,3
c88afe7c-7484-7ae2-9fc4-810ac1a3ef44,272905:5,5,منطقه 5,MUNICIPAL_AREA,2026-05-22,1405-03,303,خرداد - 1405,240000000,239993119.84,175000000,284946236.56,18800000000,79930,DIRECT,listing,metraj_all,3
c88afe7c-7484-7ae2-9fc4-810ac1a3ef44,272905:5,5,منطقه 5,MUNICIPAL_AREA,2026-06-22,1405-04,304,تیر - 1405,248888888.89,248882353.42,192727272.73,291250000,19600000000,82446,DIRECT,listing,metraj_all,3
c88afe7c-7484-7ae2-9fc4-810ac1a3ef44,272905:5,5,منطقه 5,MUNICIPAL_AREA,2026-07-23,1405-05,305,مرداد - 1405,262000000,261993565.55,217647058.82,300847457.63,21200000000,80805,DIRECT,listing,metraj_all,3
ef14e327-e7dc-483a-69e3-31672bf61984,272905:6,6,منطقه 6,MUNICIPAL_AREA,2021-08-23,1400-06,246,شهریور - 1400,43055555.56,42863041.43,33333333.33,57318501.17,4100000000,894,DIRECT,listing,metraj_all,3
ef14e327-e7dc-483a-69e3-31672bf61984,272905:6,6,منطقه 6,MUNICIPAL_AREA,2021-09-23,1400-07,247,مهر - 1400,44520547.95,44299602.29,33269720.1,60000000,4400000000,827,DIRECT,listing,metraj_all,3
ef14e327-e7dc-483a-69e3-31672bf61984,272905:6,6,منطقه 6,MUNICIPAL_AREA,2021-10-23,1400-08,248,آبان - 1400,43118686.87,42907777.63,33887270.48,59614479.39,4467500000,796,DIRECT,listing,metraj_all,3
ef14e327-e7dc-483a-69e3-31672bf61984,272905:6,6,منطقه 6,MUNICIPAL_AREA,2021-11-22,1400-09,249,آذر - 1400,42828571.43,42602570.91,34381250,59841035.73,4500000000,742,DIRECT,listing,metraj_all,3
ef14e327-e7dc-483a-69e3-31672bf61984,272905:6,6,منطقه 6,MUNICIPAL_AREA,2021-12-22,1400-10,250,دی - 1400,42857142.86,42623690.86,34984939.76,58977941.18,4400000000,700,DIRECT,listing,metraj_all,3
ef14e327-e7dc-483a-69e3-31672bf61984,272905:6,6,منطقه 6,MUNICIPAL_AREA,2022-01-21,1400-11,251,بهمن - 1400,45183222.96,44927288.38,35098460.44,63636363.64,4575000000,720,DIRECT,listing,metraj_all,3
ef14e327-e7dc-483a-69e3-31672bf61984,272905:6,6,منطقه 6,MUNICIPAL_AREA,2022-02-20,1400-12,252,اسفند - 1400,47000000,46691833.55,36090307.18,63636363.64,4800000000,639,DIRECT,listing,metraj_all,3
ef14e327-e7dc-483a-69e3-31672bf61984,272905:6,6,منطقه 6,MUNICIPAL_AREA,2022-03-21,1401-01,253,فروردین - 1401,48000000,47681214.39,37500000,65168539.33,4700000000,585,DIRECT,listing,metraj_all,3
ef14e327-e7dc-483a-69e3-31672bf61984,272905:6,6,منطقه 6,MUNICIPAL_AREA,2022-04-21,1401-02,254,اردیبهشت - 1401,50379025.37,50293738.39,40000000,62500000,5228000000,1344,DIRECT,listing,metraj_all,3
ef14e327-e7dc-483a-69e3-31672bf61984,272905:6,6,منطقه 6,MUNICIPAL_AREA,2022-05-22,1401-03,255,خرداد - 1401,52173913.04,52133075.82,41103500.76,65000000,5400000000,2699,DIRECT,listing,metraj_all,3
ef14e327-e7dc-483a-69e3-31672bf61984,272905:6,6,منطقه 6,MUNICIPAL_AREA,2022-06-22,1401-04,256,تیر - 1401,54366895.5,54336216.57,42709821.43,66057082.45,5500000000,3794,DIRECT,listing,metraj_all,3
ef14e327-e7dc-483a-69e3-31672bf61984,272905:6,6,منطقه 6,MUNICIPAL_AREA,2022-07-23,1401-05,257,مرداد - 1401,56321839.08,56290445.91,44166666.67,69565217.39,5700000000,4037,DIRECT,listing,metraj_all,3
ef14e327-e7dc-483a-69e3-31672bf61984,272905:6,6,منطقه 6,MUNICIPAL_AREA,2022-08-23,1401-06,258,شهریور - 1401,59887040.72,59856884.76,46629213.48,73000000,6100000000,4374,DIRECT,listing,metraj_all,3
ef14e327-e7dc-483a-69e3-31672bf61984,272905:6,6,منطقه 6,MUNICIPAL_AREA,2022-09-23,1401-07,259,مهر - 1401,60919540.23,60877380.92,47958333.34,74736842.11,6350000000,3099,DIRECT,listing,metraj_all,3
ef14e327-e7dc-483a-69e3-31672bf61984,272905:6,6,منطقه 6,MUNICIPAL_AREA,2022-10-23,1401-08,260,آبان - 1401,61985915.5,61920264.85,50000000,75000000,6490500000,1844,DIRECT,listing,metraj_all,3
ef14e327-e7dc-483a-69e3-31672bf61984,272905:6,6,منطقه 6,MUNICIPAL_AREA,2022-11-22,1401-09,261,آذر - 1401,68589743.59,68478511.41,52162790.7,85000000,7700000000,527,DIRECT,listing,metraj_all,3
ef14e327-e7dc-483a-69e3-31672bf61984,272905:6,6,منطقه 6,MUNICIPAL_AREA,2022-12-22,1401-10,262,دی - 1401,67832681.02,67758465.86,50118110.23,85519480.52,7500000000,1300,DIRECT,listing,metraj_all,3
ef14e327-e7dc-483a-69e3-31672bf61984,272905:6,6,منطقه 6,MUNICIPAL_AREA,2023-01-21,1401-11,263,بهمن - 1401,70000000,69947118.02,52500000,91566265.06,8000000000,2565,DIRECT,listing,metraj_all,3
ef14e327-e7dc-483a-69e3-31672bf61984,272905:6,6,منطقه 6,MUNICIPAL_AREA,2023-02-20,1401-12,264,اسفند - 1401,70642201.83,70569679.47,50446022.73,93333333.33,7800000000,2479,DIRECT,listing,metraj_all,3
ef14e327-e7dc-483a-69e3-31672bf61984,272905:6,6,منطقه 6,MUNICIPAL_AREA,2023-03-21,1402-01,265,فروردین - 1402,73333333.33,73211512.56,51807228.92,95092024.54,8200000000,1713,DIRECT,listing,metraj_all,3
ef14e327-e7dc-483a-69e3-31672bf61984,272905:6,6,منطقه 6,MUNICIPAL_AREA,2023-04-21,1402-02,266,اردیبهشت - 1402,109506430.31,109431277.47,83454692.56,133640109.89,12600000000,3140,DIRECT,listing,metraj_all,3
ef14e327-e7dc-483a-69e3-31672bf61984,272905:6,6,منطقه 6,MUNICIPAL_AREA,2023-05-22,1402-03,267,خرداد - 1402,115863686.54,115824114.32,91527825.49,138461538.46,13000000000,5468,DIRECT,listing,metraj_all,3
ef14e327-e7dc-483a-69e3-31672bf61984,272905:6,6,منطقه 6,MUNICIPAL_AREA,2023-06-22,1402-04,268,تیر - 1402,116379310.34,116353152.3,92682926.83,138725490.2,13000000000,8641,DIRECT,listing,metraj_all,3
ef14e327-e7dc-483a-69e3-31672bf61984,272905:6,6,منطقه 6,MUNICIPAL_AREA,2023-07-23,1402-05,269,مرداد - 1402,116666666.67,116638139.01,93333333.33,139130434.78,12699500000,8510,DIRECT,listing,metraj_all,3
ef14e327-e7dc-483a-69e3-31672bf61984,272905:6,6,منطقه 6,MUNICIPAL_AREA,2023-08-23,1402-06,270,شهریور - 1402,116000000,115968063.71,93641386.24,139000000,12500000000,8103,DIRECT,listing,metraj_all,3
ef14e327-e7dc-483a-69e3-31672bf61984,272905:6,6,منطقه 6,MUNICIPAL_AREA,2023-09-23,1402-07,271,مهر - 1402,115000000,114962366.82,93333333.33,138256549.23,12500000000,7102,DIRECT,listing,metraj_all,3
ef14e327-e7dc-483a-69e3-31672bf61984,272905:6,6,منطقه 6,MUNICIPAL_AREA,2023-10-23,1402-08,272,آبان - 1402,114393939.39,114356380.42,92592592.59,137931034.48,12450000000,7088,DIRECT,listing,metraj_all,3
ef14e327-e7dc-483a-69e3-31672bf61984,272905:6,6,منطقه 6,MUNICIPAL_AREA,2023-11-22,1402-09,273,آذر - 1402,114201998.79,114164474.33,93154135.34,136986301.37,12500000000,7004,DIRECT,listing,metraj_all,3
ef14e327-e7dc-483a-69e3-31672bf61984,272905:6,6,منطقه 6,MUNICIPAL_AREA,2023-12-22,1402-10,274,دی - 1402,112871287.13,112836719.66,91818181.82,135000000,12000000000,7185,DIRECT,listing,metraj_all,3
ef14e327-e7dc-483a-69e3-31672bf61984,272905:6,6,منطقه 6,MUNICIPAL_AREA,2024-01-21,1402-11,275,بهمن - 1402,113636363.64,113599924.94,93158468.24,135000000,12000000000,6934,DIRECT,listing,metraj_all,3
ef14e327-e7dc-483a-69e3-31672bf61984,272905:6,6,منطقه 6,MUNICIPAL_AREA,2024-02-20,1402-12,276,اسفند - 1402,113793103.45,113754485.24,92549648.45,135124819.48,12000000000,6195,DIRECT,listing,metraj_all,3
ef14e327-e7dc-483a-69e3-31672bf61984,272905:6,6,منطقه 6,MUNICIPAL_AREA,2024-03-20,1403-01,277,فروردین - 1403,116081691.3,116032275.44,93266529.82,140000000,12400000000,5268,DIRECT,listing,metraj_all,3
ef14e327-e7dc-483a-69e3-31672bf61984,272905:6,6,منطقه 6,MUNICIPAL_AREA,2024-04-20,1403-02,278,اردیبهشت - 1403,119047619.05,118993956.35,93750000,144338861.5,12500000000,5403,DIRECT,listing,metraj_all,3
ef14e327-e7dc-483a-69e3-31672bf61984,272905:6,6,منطقه 6,MUNICIPAL_AREA,2024-05-21,1403-03,279,خرداد - 1403,120454545.45,120400327.2,95294117.65,147000000,12700000000,5952,DIRECT,listing,metraj_all,3
ef14e327-e7dc-483a-69e3-31672bf61984,272905:6,6,منطقه 6,MUNICIPAL_AREA,2024-06-21,1403-04,280,تیر - 1403,123000000,122946180.15,97777777.78,149250179.56,12920000000,6427,DIRECT,listing,metraj_all,3
ef14e327-e7dc-483a-69e3-31672bf61984,272905:6,6,منطقه 6,MUNICIPAL_AREA,2024-07-22,1403-05,281,مرداد - 1403,123214285.71,123162354.22,100000000,147930735.1,13000000000,7046,DIRECT,listing,metraj_all,3
ef14e327-e7dc-483a-69e3-31672bf61984,272905:6,6,منطقه 6,MUNICIPAL_AREA,2024-08-22,1403-06,282,شهریور - 1403,123333333.33,123278322.42,100000000,147407407.41,13000000000,6917,DIRECT,listing,metraj_all,3
ef14e327-e7dc-483a-69e3-31672bf61984,272905:6,6,منطقه 6,MUNICIPAL_AREA,2024-09-22,1403-07,283,مهر - 1403,119666668.8,119618800.78,94208616.34,144244509.19,12400000000,7352,DIRECT,listing,metraj_all,3
ef14e327-e7dc-483a-69e3-31672bf61984,272905:6,6,منطقه 6,MUNICIPAL_AREA,2024-10-22,1403-08,284,آبان - 1403,115584415.58,115537459.1,85714285.71,141895106.8,11579999808,6740,DIRECT,listing,metraj_all,3
ef14e327-e7dc-483a-69e3-31672bf61984,272905:6,6,منطقه 6,MUNICIPAL_AREA,2024-11-21,1403-09,285,آذر - 1403,112861867.94,112822559.16,78846153.85,140350877.19,11105555456,7078,DIRECT,listing,metraj_all,3
ef14e327-e7dc-483a-69e3-31672bf61984,272905:6,6,منطقه 6,MUNICIPAL_AREA,2024-12-21,1403-10,286,دی - 1403,115310898.15,115270848.25,81025864.74,144154619.73,11550000128,7264,DIRECT,listing,metraj_all,3
ef14e327-e7dc-483a-69e3-31672bf61984,272905:6,6,منطقه 6,MUNICIPAL_AREA,2025-01-20,1403-11,287,بهمن - 1403,118421045.89,118381629.66,84745764.88,149126583.37,12099999744,7664,DIRECT,listing,metraj_all,3
ef14e327-e7dc-483a-69e3-31672bf61984,272905:6,6,منطقه 6,MUNICIPAL_AREA,2025-02-19,1403-12,288,اسفند - 1403,118893265.77,118855680.31,84999997.07,151290763.41,12499999744,7234,DIRECT,listing,metraj_all,3
ef14e327-e7dc-483a-69e3-31672bf61984,272905:6,6,منطقه 6,MUNICIPAL_AREA,2025-03-21,1404-01,289,فروردین - 1404,118632382.26,118587104.85,83544303.8,154285714.29,12499999744,5618,DIRECT,listing,metraj_all,3
ef14e327-e7dc-483a-69e3-31672bf61984,272905:6,6,منطقه 6,MUNICIPAL_AREA,2025-04-21,1404-02,290,اردیبهشت - 1404,133005376.35,132942087.36,98333337.6,170650842.2,14375000064,5644,DIRECT,listing,metraj_all,3
ef14e327-e7dc-483a-69e3-31672bf61984,272905:6,6,منطقه 6,MUNICIPAL_AREA,2025-05-22,1404-03,291,خرداد - 1404,148494112.32,148420481.21,113177244.59,180000000,16125000000,6826,DIRECT,listing,metraj_all,3
ef14e327-e7dc-483a-69e3-31672bf61984,272905:6,6,منطقه 6,MUNICIPAL_AREA,2025-06-22,1404-04,292,تیر - 1404,152727272.73,152662832.84,120000000,184210526.32,16500000000,8311,DIRECT,listing,metraj_all,3
ef14e327-e7dc-483a-69e3-31672bf61984,272905:6,6,منطقه 6,MUNICIPAL_AREA,2025-07-23,1404-05,293,مرداد - 1404,154285714.29,154214716.23,123076923.08,184000000,16500000000,7769,DIRECT,listing,metraj_all,3
ef14e327-e7dc-483a-69e3-31672bf61984,272905:6,6,منطقه 6,MUNICIPAL_AREA,2025-08-23,1404-06,294,شهریور - 1404,154545454.55,154474737.58,123356697.82,184426229.51,16075000000,7880,DIRECT,listing,metraj_all,3
ef14e327-e7dc-483a-69e3-31672bf61984,272905:6,6,منطقه 6,MUNICIPAL_AREA,2025-09-23,1404-07,295,مهر - 1404,154736842.11,154676472.68,123809523.81,185344827.59,16500000000,9057,DIRECT,listing,metraj_all,3
ef14e327-e7dc-483a-69e3-31672bf61984,272905:6,6,منطقه 6,MUNICIPAL_AREA,2025-10-23,1404-08,296,آبان - 1404,157000000,156949335.12,126315789.47,193333333.33,16990000000,10868,DIRECT,listing,metraj_all,3
ef14e327-e7dc-483a-69e3-31672bf61984,272905:6,6,منطقه 6,MUNICIPAL_AREA,2025-11-22,1404-09,297,آذر - 1404,160311401.92,160265868.44,130000000,200000000,17500000000,12004,DIRECT,listing,metraj_all,3
ef14e327-e7dc-483a-69e3-31672bf61984,272905:6,6,منطقه 6,MUNICIPAL_AREA,2025-12-22,1404-10,298,دی - 1404,170000000,169951911.59,135714285.71,213000000,18925000000,12386,DIRECT,listing,metraj_all,3
ef14e327-e7dc-483a-69e3-31672bf61984,272905:6,6,منطقه 6,MUNICIPAL_AREA,2026-01-21,1404-11,299,بهمن - 1404,183333333.33,183282856.32,144329896.91,232142857.14,20750000000,12597,DIRECT,listing,metraj_all,3
ef14e327-e7dc-483a-69e3-31672bf61984,272905:6,6,منطقه 6,MUNICIPAL_AREA,2026-02-20,1404-12,300,اسفند - 1404,197802197.8,197726855.18,151050245.1,249541666.67,22800000000,9467,DIRECT,listing,metraj_all,3
ef14e327-e7dc-483a-69e3-31672bf61984,272905:6,6,منطقه 6,MUNICIPAL_AREA,2026-03-21,1405-01,301,فروردین - 1405,214285714.29,214167058.62,159735750.36,266796875,25000000000,6672,DIRECT,listing,metraj_all,3
ef14e327-e7dc-483a-69e3-31672bf61984,272905:6,6,منطقه 6,MUNICIPAL_AREA,2026-04-21,1405-02,302,اردیبهشت - 1405,260175570.23,260031411.74,190000000,332403594.78,31000000000,6828,DIRECT,listing,metraj_all,3
ef14e327-e7dc-483a-69e3-31672bf61984,272905:6,6,منطقه 6,MUNICIPAL_AREA,2026-05-22,1405-03,303,خرداد - 1405,288255578.1,288159917.94,210328714.15,358432588.92,33000000000,10784,DIRECT,listing,metraj_all,3
ef14e327-e7dc-483a-69e3-31672bf61984,272905:6,6,منطقه 6,MUNICIPAL_AREA,2026-06-22,1405-04,304,تیر - 1405,296116504.85,296026870.5,219047619.05,368711943.8,33000000000,11271,DIRECT,listing,metraj_all,3
ef14e327-e7dc-483a-69e3-31672bf61984,272905:6,6,منطقه 6,MUNICIPAL_AREA,2026-07-23,1405-05,305,مرداد - 1405,312500000,312419017.14,235000000,391304347.83,34000000000,12647,DIRECT,listing,metraj_all,3
0fee0154-6dda-1109-17ab-7af2df64b692,272905:7,7,منطقه 7,MUNICIPAL_AREA,2021-08-23,1400-06,246,شهریور - 1400,25862068.97,25860791.32,21023437.5,36175278.63,1824000000,1632,DIRECT,listing,metraj_all,3
0fee0154-6dda-1109-17ab-7af2df64b692,272905:7,7,منطقه 7,MUNICIPAL_AREA,2021-09-23,1400-07,247,مهر - 1400,26000000,26000183.38,21052631.58,37142857.14,1800000000,1484,DIRECT,listing,metraj_all,3
0fee0154-6dda-1109-17ab-7af2df64b692,272905:7,7,منطقه 7,MUNICIPAL_AREA,2021-10-23,1400-08,248,آبان - 1400,26000000,26000863.98,21000000,37279942.28,1782500000,1372,DIRECT,listing,metraj_all,3
0fee0154-6dda-1109-17ab-7af2df64b692,272905:7,7,منطقه 7,MUNICIPAL_AREA,2021-11-22,1400-09,249,آذر - 1400,26132478.63,26130326.5,21103603.6,37165653.49,1750000000,1380,DIRECT,listing,metraj_all,3
0fee0154-6dda-1109-17ab-7af2df64b692,272905:7,7,منطقه 7,MUNICIPAL_AREA,2021-12-22,1400-10,250,دی - 1400,26136363.64,26137415.53,21428571.43,36251773.05,1707000000,1375,DIRECT,listing,metraj_all,3
0fee0154-6dda-1109-17ab-7af2df64b692,272905:7,7,منطقه 7,MUNICIPAL_AREA,2022-01-21,1400-11,251,بهمن - 1400,26190476.19,26192553.52,21666666.67,35596430.41,1750000000,1480,DIRECT,listing,metraj_all,3
0fee0154-6dda-1109-17ab-7af2df64b692,272905:7,7,منطقه 7,MUNICIPAL_AREA,2022-02-20,1400-12,252,اسفند - 1400,26666666.67,26669479.59,21978021.98,36341463.41,1750000000,1175,DIRECT,listing,metraj_all,3
0fee0154-6dda-1109-17ab-7af2df64b692,272905:7,7,منطقه 7,MUNICIPAL_AREA,2022-03-21,1401-01,253,فروردین - 1401,28000000,28009831.01,22912561.58,41254960.32,1900000000,1040,DIRECT,listing,metraj_all,3
0fee0154-6dda-1109-17ab-7af2df64b692,272905:7,7,منطقه 7,MUNICIPAL_AREA,2022-04-21,1401-02,254,اردیبهشت - 1401,32963125.55,32999846.72,25420255.63,48076923.08,2555000000,1588,DIRECT,listing,metraj_all,3
0fee0154-6dda-1109-17ab-7af2df64b692,272905:7,7,منطقه 7,MUNICIPAL_AREA,2022-05-22,1401-03,255,خرداد - 1401,35185185.19,35203104.53,27325581.4,50000000,2700000000,3297,DIRECT,listing,metraj_all,3
0fee0154-6dda-1109-17ab-7af2df64b692,272905:7,7,منطقه 7,MUNICIPAL_AREA,2022-06-22,1401-04,256,تیر - 1401,36773157.54,36785766.04,28448275.86,50666666.67,2800000000,4688,DIRECT,listing,metraj_all,3
0fee0154-6dda-1109-17ab-7af2df64b692,272905:7,7,منطقه 7,MUNICIPAL_AREA,2022-07-23,1401-05,257,مرداد - 1401,37383177.57,37394536.61,29477058.03,51492537.31,2800000000,5478,DIRECT,listing,metraj_all,3
0fee0154-6dda-1109-17ab-7af2df64b692,272905:7,7,منطقه 7,MUNICIPAL_AREA,2022-08-23,1401-06,258,شهریور - 1401,39285714.29,39297661.44,30952380.95,55000000,3000000000,6168,DIRECT,listing,metraj_all,3
0fee0154-6dda-1109-17ab-7af2df64b692,272905:7,7,منطقه 7,MUNICIPAL_AREA,2022-09-23,1401-07,259,مهر - 1401,40000000,40017535.83,31521739.13,56074766.36,3000000000,4445,DIRECT,listing,metraj_all,3
0fee0154-6dda-1109-17ab-7af2df64b692,272905:7,7,منطقه 7,MUNICIPAL_AREA,2022-10-23,1401-08,260,آبان - 1401,40862068.97,40896172.65,32438438.44,58643678.17,3200000000,2615,DIRECT,listing,metraj_all,3
0fee0154-6dda-1109-17ab-7af2df64b692,272905:7,7,منطقه 7,MUNICIPAL_AREA,2022-11-22,1401-09,261,آذر - 1401,51125000,51372663.26,40000000,67898148.15,4200000000,454,DIRECT,listing,metraj_all,3
0fee0154-6dda-1109-17ab-7af2df64b692,272905:7,7,منطقه 7,MUNICIPAL_AREA,2022-12-22,1401-10,262,دی - 1401,51043478.26,51109525.15,40580065.36,68680037.32,4160000000,1060,DIRECT,listing,metraj_all,3
0fee0154-6dda-1109-17ab-7af2df64b692,272905:7,7,منطقه 7,MUNICIPAL_AREA,2023-01-21,1401-11,263,بهمن - 1401,53658536.59,53672275.13,43283582.09,70000000,4400000000,1973,DIRECT,listing,metraj_all,3
0fee0154-6dda-1109-17ab-7af2df64b692,272905:7,7,منطقه 7,MUNICIPAL_AREA,2023-02-20,1401-12,264,اسفند - 1401,55555555.56,55539454.69,45238095.24,72255689.43,4600000000,1831,DIRECT,listing,metraj_all,3
0fee0154-6dda-1109-17ab-7af2df64b692,272905:7,7,منطقه 7,MUNICIPAL_AREA,2023-03-21,1402-01,265,فروردین - 1402,57142857.14,57104059.71,47627705.63,73803850.55,4850000000,1227,DIRECT,listing,metraj_all,3
0fee0154-6dda-1109-17ab-7af2df64b692,272905:7,7,منطقه 7,MUNICIPAL_AREA,2023-04-21,1402-02,266,اردیبهشت - 1402,86666666.67,86664546.64,68000000,118456375.84,7200000000,3921,DIRECT,listing,metraj_all,3
0fee0154-6dda-1109-17ab-7af2df64b692,272905:7,7,منطقه 7,MUNICIPAL_AREA,2023-05-22,1402-03,267,خرداد - 1402,88991525.43,88999001.68,69926126.51,119725725.09,7452500000,6938,DIRECT,listing,metraj_all,3
0fee0154-6dda-1109-17ab-7af2df64b692,272905:7,7,منطقه 7,MUNICIPAL_AREA,2023-06-22,1402-04,268,تیر - 1402,88020833.33,88026289.67,69090909.09,116993119.27,7200000000,10490,DIRECT,listing,metraj_all,3
0fee0154-6dda-1109-17ab-7af2df64b692,272905:7,7,منطقه 7,MUNICIPAL_AREA,2023-07-23,1402-05,269,مرداد - 1402,86312656.64,86318848.74,68043122.96,113723321.19,7000000000,9758,DIRECT,listing,metraj_all,3
0fee0154-6dda-1109-17ab-7af2df64b692,272905:7,7,منطقه 7,MUNICIPAL_AREA,2023-08-23,1402-06,270,شهریور - 1402,85112715.3,85118186.14,66927619.63,111111111.11,6900000000,9088,DIRECT,listing,metraj_all,3
0fee0154-6dda-1109-17ab-7af2df64b692,272905:7,7,منطقه 7,MUNICIPAL_AREA,2023-09-23,1402-07,271,مهر - 1402,84178167.67,84183067.56,65476190.48,110000000,6800000000,8270,DIRECT,listing,metraj_all,3
0fee0154-6dda-1109-17ab-7af2df64b692,272905:7,7,منطقه 7,MUNICIPAL_AREA,2023-10-23,1402-08,272,آبان - 1402,84366197.18,84370107.99,64615384.62,109259259.26,6800000000,8603,DIRECT,listing,metraj_all,3
0fee0154-6dda-1109-17ab-7af2df64b692,272905:7,7,منطقه 7,MUNICIPAL_AREA,2023-11-22,1402-09,273,آذر - 1402,83333333.33,83338459.55,63538461.54,107272727.27,6750000000,8864,DIRECT,listing,metraj_all,3
0fee0154-6dda-1109-17ab-7af2df64b692,272905:7,7,منطقه 7,MUNICIPAL_AREA,2023-12-22,1402-10,274,دی - 1402,83255813.95,83261025.62,63492063.49,107031250,6800000000,9093,DIRECT,listing,metraj_all,3
0fee0154-6dda-1109-17ab-7af2df64b692,272905:7,7,منطقه 7,MUNICIPAL_AREA,2024-01-21,1402-11,275,بهمن - 1402,82352941.18,82359543.51,63917525.77,108333333.33,6700000000,9048,DIRECT,listing,metraj_all,3
0fee0154-6dda-1109-17ab-7af2df64b692,272905:7,7,منطقه 7,MUNICIPAL_AREA,2024-02-20,1402-12,276,اسفند - 1402,83333333.33,83341269.29,65000000,109090909.09,6800000000,8177,DIRECT,listing,metraj_all,3
0fee0154-6dda-1109-17ab-7af2df64b692,272905:7,7,منطقه 7,MUNICIPAL_AREA,2024-03-20,1403-01,277,فروردین - 1403,84782608.7,84790146.1,66192004.97,110526315.79,6900000000,6912,DIRECT,listing,metraj_all,3
0fee0154-6dda-1109-17ab-7af2df64b692,272905:7,7,منطقه 7,MUNICIPAL_AREA,2024-04-20,1403-02,278,اردیبهشت - 1403,87719298.25,87722702.28,69307017.54,115000000,7000000000,6690,DIRECT,listing,metraj_all,3
0fee0154-6dda-1109-17ab-7af2df64b692,272905:7,7,منطقه 7,MUNICIPAL_AREA,2024-05-21,1403-03,279,خرداد - 1403,87356321.84,87357388.02,70000000,115384615.38,7000000000,7243,DIRECT,listing,metraj_all,3
0fee0154-6dda-1109-17ab-7af2df64b692,272905:7,7,منطقه 7,MUNICIPAL_AREA,2024-06-21,1403-04,280,تیر - 1403,87341772.15,87343086.64,70000000,115086852.35,6900000000,7707,DIRECT,listing,metraj_all,3
0fee0154-6dda-1109-17ab-7af2df64b692,272905:7,7,منطقه 7,MUNICIPAL_AREA,2024-07-22,1403-05,281,مرداد - 1403,85000000,85001781.66,68622379.99,113105296.35,6500000000,8810,DIRECT,listing,metraj_all,3
0fee0154-6dda-1109-17ab-7af2df64b692,272905:7,7,منطقه 7,MUNICIPAL_AREA,2024-08-22,1403-06,282,شهریور - 1403,83333333.33,83335548.46,67812826.54,111842105.26,6398500000,8540,DIRECT,listing,metraj_all,3
0fee0154-6dda-1109-17ab-7af2df64b692,272905:7,7,منطقه 7,MUNICIPAL_AREA,2024-09-22,1403-07,283,مهر - 1403,83333333.33,83334467.16,67241379.31,111842105.26,6400000000,9629,DIRECT,listing,metraj_all,3
0fee0154-6dda-1109-17ab-7af2df64b692,272905:7,7,منطقه 7,MUNICIPAL_AREA,2024-10-22,1403-08,284,آبان - 1403,82999998.17,83001032.97,66949886.97,112000000,6499999744,8579,DIRECT,listing,metraj_all,3
0fee0154-6dda-1109-17ab-7af2df64b692,272905:7,7,منطقه 7,MUNICIPAL_AREA,2024-11-21,1403-09,285,آذر - 1403,84999999.73,84999999.53,67741935.48,115000002.56,6700000256,9484,DIRECT,listing,metraj_all,3
0fee0154-6dda-1109-17ab-7af2df64b692,272905:7,7,منطقه 7,MUNICIPAL_AREA,2024-12-21,1403-10,286,دی - 1403,86032723.54,86032877.29,68421052.63,118000003.84,6899999744,9478,DIRECT,listing,metraj_all,3
0fee0154-6dda-1109-17ab-7af2df64b692,272905:7,7,منطقه 7,MUNICIPAL_AREA,2025-01-20,1403-11,287,بهمن - 1403,89805367.5,89803694.33,70370368,121234108.31,7304999936,9746,DIRECT,listing,metraj_all,3
0fee0154-6dda-1109-17ab-7af2df64b692,272905:7,7,منطقه 7,MUNICIPAL_AREA,2025-02-19,1403-12,288,اسفند - 1403,90098035.45,90099823.94,71929824.56,122916667.73,7500000256,8759,DIRECT,listing,metraj_all,3
0fee0154-6dda-1109-17ab-7af2df64b692,272905:7,7,منطقه 7,MUNICIPAL_AREA,2025-03-21,1404-01,289,فروردین - 1404,90217394.09,90221787.89,73114758.3,123076923.08,7500000256,6665,DIRECT,listing,metraj_all,3
0fee0154-6dda-1109-17ab-7af2df64b692,272905:7,7,منطقه 7,MUNICIPAL_AREA,2025-04-21,1404-02,290,اردیبهشت - 1404,92857142.86,92863639.79,75000003.87,128000000,7500000000,6708,DIRECT,listing,metraj_all,3
0fee0154-6dda-1109-17ab-7af2df64b692,272905:7,7,منطقه 7,MUNICIPAL_AREA,2025-05-22,1404-03,291,خرداد - 1404,97560975.61,97561720.53,77659574.47,134220451.79,7700000000,8030,DIRECT,listing,metraj_all,3
0fee0154-6dda-1109-17ab-7af2df64b692,272905:7,7,منطقه 7,MUNICIPAL_AREA,2025-06-22,1404-04,292,تیر - 1404,100000000,99999126.16,78888888.89,136010752.69,8000000000,10211,DIRECT,listing,metraj_all,3
0fee0154-6dda-1109-17ab-7af2df64b692,272905:7,7,منطقه 7,MUNICIPAL_AREA,2025-07-23,1404-05,293,مرداد - 1404,100000000,99999090.69,78947368.42,137642101.79,7950000000,10368,DIRECT,listing,metraj_all,3
0fee0154-6dda-1109-17ab-7af2df64b692,272905:7,7,منطقه 7,MUNICIPAL_AREA,2025-08-23,1404-06,294,شهریور - 1404,100000000,99998881.92,78395061.73,138888888.89,7800000000,11172,DIRECT,listing,metraj_all,3
0fee0154-6dda-1109-17ab-7af2df64b692,272905:7,7,منطقه 7,MUNICIPAL_AREA,2025-09-23,1404-07,295,مهر - 1404,100000000,99999999.9,78133979.89,140186915.89,8000000000,12618,DIRECT,listing,metraj_all,3
0fee0154-6dda-1109-17ab-7af2df64b692,272905:7,7,منطقه 7,MUNICIPAL_AREA,2025-10-23,1404-08,296,آبان - 1404,102000000,101999922.74,78617938.38,142857142.86,8100000000,14650,DIRECT,listing,metraj_all,3
0fee0154-6dda-1109-17ab-7af2df64b692,272905:7,7,منطقه 7,MUNICIPAL_AREA,2025-11-22,1404-09,297,آذر - 1404,103333333.33,103334773.75,79687500,144541903.41,8200000000,15778,DIRECT,listing,metraj_all,3
0fee0154-6dda-1109-17ab-7af2df64b692,272905:7,7,منطقه 7,MUNICIPAL_AREA,2025-12-22,1404-10,298,دی - 1404,106666666.67,106669038.27,82352941.18,150000000,8500000000,15688,DIRECT,listing,metraj_all,3
0fee0154-6dda-1109-17ab-7af2df64b692,272905:7,7,منطقه 7,MUNICIPAL_AREA,2026-01-21,1404-11,299,بهمن - 1404,114705882.35,114709071.75,88432748.54,161538461.54,9350000000,15639,DIRECT,listing,metraj_all,3
0fee0154-6dda-1109-17ab-7af2df64b692,272905:7,7,منطقه 7,MUNICIPAL_AREA,2026-02-20,1404-12,300,اسفند - 1404,120747728.86,120752641.31,94761904.76,170636740.93,10000000000,11496,DIRECT,listing,metraj_all,3
0fee0154-6dda-1109-17ab-7af2df64b692,272905:7,7,منطقه 7,MUNICIPAL_AREA,2026-03-21,1405-01,301,فروردین - 1405,129310344.83,129317284.28,101111111.11,178214285.71,10500000000,8189,DIRECT,listing,metraj_all,3
0fee0154-6dda-1109-17ab-7af2df64b692,272905:7,7,منطقه 7,MUNICIPAL_AREA,2026-04-21,1405-02,302,اردیبهشت - 1405,162601626.02,162600416.03,126785714.29,220000000,12600000000,8268,DIRECT,listing,metraj_all,3
0fee0154-6dda-1109-17ab-7af2df64b692,272905:7,7,منطقه 7,MUNICIPAL_AREA,2026-05-22,1405-03,303,خرداد - 1405,179487179.49,179491110.2,144444444.44,250000000,14200000000,14015,DIRECT,listing,metraj_all,3
0fee0154-6dda-1109-17ab-7af2df64b692,272905:7,7,منطقه 7,MUNICIPAL_AREA,2026-06-22,1405-04,304,تیر - 1405,184444444.44,184451587.67,150000000,261746550.47,14700000000,14767,DIRECT,listing,metraj_all,3
0fee0154-6dda-1109-17ab-7af2df64b692,272905:7,7,منطقه 7,MUNICIPAL_AREA,2026-07-23,1405-05,305,مرداد - 1405,206451612.9,206453924.85,160810810.81,294117647.06,16500000000,15338,DIRECT,listing,metraj_all,3
04a45272-086f-638d-ff1a-433172fb6aa3,272905:8,8,منطقه 8,MUNICIPAL_AREA,2021-08-23,1400-06,246,شهریور - 1400,27722772.28,27709069.47,22881355.93,34533333.33,1700000000,1501,DIRECT,listing,metraj_all,3
04a45272-086f-638d-ff1a-433172fb6aa3,272905:8,8,منطقه 8,MUNICIPAL_AREA,2021-09-23,1400-07,247,مهر - 1400,28000000,27985747.08,23377062.13,34868421.05,1750000000,1374,DIRECT,listing,metraj_all,3
04a45272-086f-638d-ff1a-433172fb6aa3,272905:8,8,منطقه 8,MUNICIPAL_AREA,2021-10-23,1400-08,248,آبان - 1400,28186653.77,28171695.36,23677136.39,35000000,1800000000,1372,DIRECT,listing,metraj_all,3
04a45272-086f-638d-ff1a-433172fb6aa3,272905:8,8,منطقه 8,MUNICIPAL_AREA,2021-11-22,1400-09,249,آذر - 1400,29157801.42,29134156.55,24074074.07,35416666.67,1835000000,1396,DIRECT,listing,metraj_all,3
04a45272-086f-638d-ff1a-433172fb6aa3,272905:8,8,منطقه 8,MUNICIPAL_AREA,2021-12-22,1400-10,250,دی - 1400,29487179.49,29463472.92,24377890.85,36705729.17,1850000000,1342,DIRECT,listing,metraj_all,3
04a45272-086f-638d-ff1a-433172fb6aa3,272905:8,8,منطقه 8,MUNICIPAL_AREA,2022-01-21,1400-11,251,بهمن - 1400,29761904.76,29736677.33,25000000,37000000,1900000000,1283,DIRECT,listing,metraj_all,3
04a45272-086f-638d-ff1a-433172fb6aa3,272905:8,8,منطقه 8,MUNICIPAL_AREA,2022-02-20,1400-12,252,اسفند - 1400,29824561.4,29796678.24,25000000,37176079.74,1900000000,1003,DIRECT,listing,metraj_all,3
04a45272-086f-638d-ff1a-433172fb6aa3,272905:8,8,منطقه 8,MUNICIPAL_AREA,2022-03-21,1401-01,253,فروردین - 1401,30392307.69,30376817.35,26000000,37288135.59,1900000000,868,DIRECT,listing,metraj_all,3
04a45272-086f-638d-ff1a-433172fb6aa3,272905:8,8,منطقه 8,MUNICIPAL_AREA,2022-04-21,1401-02,254,اردیبهشت - 1401,32894736.84,32943757.74,27884615.38,40229885.06,2170000000,1201,DIRECT,listing,metraj_all,3
04a45272-086f-638d-ff1a-433172fb6aa3,272905:8,8,منطقه 8,MUNICIPAL_AREA,2022-05-22,1401-03,255,خرداد - 1401,35384615.38,35408646,29696969.7,44230769.23,2350000000,2373,DIRECT,listing,metraj_all,3
04a45272-086f-638d-ff1a-433172fb6aa3,272905:8,8,منطقه 8,MUNICIPAL_AREA,2022-06-22,1401-04,256,تیر - 1401,37500000,37515911.3,31034482.76,45518543.96,2472500000,3256,DIRECT,listing,metraj_all,3
04a45272-086f-638d-ff1a-433172fb6aa3,272905:8,8,منطقه 8,MUNICIPAL_AREA,2022-07-23,1401-05,257,مرداد - 1401,39102564.1,39114375.87,32861463.14,47368421.05,2530000000,3812,DIRECT,listing,metraj_all,3
04a45272-086f-638d-ff1a-433172fb6aa3,272905:8,8,منطقه 8,MUNICIPAL_AREA,2022-08-23,1401-06,258,شهریور - 1401,40314583.34,40330804.19,34347826.09,49283126.3,2600000000,3906,DIRECT,listing,metraj_all,3
04a45272-086f-638d-ff1a-433172fb6aa3,272905:8,8,منطقه 8,MUNICIPAL_AREA,2022-09-23,1401-07,259,مهر - 1401,40789473.68,40814983.08,34948512,50000000,2650000000,2743,DIRECT,listing,metraj_all,3
04a45272-086f-638d-ff1a-433172fb6aa3,272905:8,8,منطقه 8,MUNICIPAL_AREA,2022-10-23,1401-08,260,آبان - 1401,41111111.11,41169797.37,35294117.65,50000000,2740000000,1473,DIRECT,listing,metraj_all,3
04a45272-086f-638d-ff1a-433172fb6aa3,272905:8,8,منطقه 8,MUNICIPAL_AREA,2022-11-22,1401-09,261,آذر - 1401,53731343.28,53905563.52,43523682.2,64242160.28,3907500000,500,DIRECT,listing,metraj_all,3
04a45272-086f-638d-ff1a-433172fb6aa3,272905:8,8,منطقه 8,MUNICIPAL_AREA,2022-12-22,1401-10,262,دی - 1401,53731343.28,53767091.46,44180107.53,64961426.62,3800000000,1215,DIRECT,listing,metraj_all,3
04a45272-086f-638d-ff1a-433172fb6aa3,272905:8,8,منطقه 8,MUNICIPAL_AREA,2023-01-21,1401-11,263,بهمن - 1401,57812500,57806607.13,47377819.55,69393757.5,4250000000,2416,DIRECT,listing,metraj_all,3
04a45272-086f-638d-ff1a-433172fb6aa3,272905:8,8,منطقه 8,MUNICIPAL_AREA,2023-02-20,1401-12,264,اسفند - 1401,60000000,59968176.05,49314061.24,72006849.32,4500000000,2318,DIRECT,listing,metraj_all,3
04a45272-086f-638d-ff1a-433172fb6aa3,272905:8,8,منطقه 8,MUNICIPAL_AREA,2023-03-21,1402-01,265,فروردین - 1402,62500000,62437306.27,51964009.29,75000000,4800000000,1610,DIRECT,listing,metraj_all,3
04a45272-086f-638d-ff1a-433172fb6aa3,272905:8,8,منطقه 8,MUNICIPAL_AREA,2023-04-21,1402-02,266,اردیبهشت - 1402,83333333.33,83341101.98,69932375.55,100682481.76,6000000000,3208,DIRECT,listing,metraj_all,3
04a45272-086f-638d-ff1a-433172fb6aa3,272905:8,8,منطقه 8,MUNICIPAL_AREA,2023-05-22,1402-03,267,خرداد - 1402,84848484.85,84864676.18,71285714.29,102739726.03,5950000000,5757,DIRECT,listing,metraj_all,3
04a45272-086f-638d-ff1a-433172fb6aa3,272905:8,8,منطقه 8,MUNICIPAL_AREA,2023-06-22,1402-04,268,تیر - 1402,85000000,85009939.78,70967741.94,102051282.05,6000000000,8793,DIRECT,listing,metraj_all,3
04a45272-086f-638d-ff1a-433172fb6aa3,272905:8,8,منطقه 8,MUNICIPAL_AREA,2023-07-23,1402-05,269,مرداد - 1402,84745762.71,84754757.91,70370370.37,100000000,5900000000,8456,DIRECT,listing,metraj_all,3
04a45272-086f-638d-ff1a-433172fb6aa3,272905:8,8,منطقه 8,MUNICIPAL_AREA,2023-08-23,1402-06,270,شهریور - 1402,84158415.84,84166005.95,70000000,100000000,5800000000,7805,DIRECT,listing,metraj_all,3
04a45272-086f-638d-ff1a-433172fb6aa3,272905:8,8,منطقه 8,MUNICIPAL_AREA,2023-09-23,1402-07,271,مهر - 1402,81818181.82,81827179.43,68750000,99000000,5500000000,7122,DIRECT,listing,metraj_all,3
04a45272-086f-638d-ff1a-433172fb6aa3,272905:8,8,منطقه 8,MUNICIPAL_AREA,2023-10-23,1402-08,272,آبان - 1402,80000000,80010766.4,66666666.67,97362598.97,5340000000,7174,DIRECT,listing,metraj_all,3
04a45272-086f-638d-ff1a-433172fb6aa3,272905:8,8,منطقه 8,MUNICIPAL_AREA,2023-11-22,1402-09,273,آذر - 1402,77884615.38,77898487.62,64893617.02,95669291.34,5200000000,7197,DIRECT,listing,metraj_all,3
04a45272-086f-638d-ff1a-433172fb6aa3,272905:8,8,منطقه 8,MUNICIPAL_AREA,2023-12-22,1402-10,274,دی - 1402,76126126.13,76142679.69,64000000,94827586.21,5100000000,7163,DIRECT,listing,metraj_all,3
04a45272-086f-638d-ff1a-433172fb6aa3,272905:8,8,منطقه 8,MUNICIPAL_AREA,2024-01-21,1402-11,275,بهمن - 1402,75000000,75018702.94,63888888.89,92976076.56,5000000000,7119,DIRECT,listing,metraj_all,3
04a45272-086f-638d-ff1a-433172fb6aa3,272905:8,8,منطقه 8,MUNICIPAL_AREA,2024-02-20,1402-12,276,اسفند - 1402,75367726.59,75390261.3,64645562.77,93131421.23,5000000000,6408,DIRECT,listing,metraj_all,3
04a45272-086f-638d-ff1a-433172fb6aa3,272905:8,8,منطقه 8,MUNICIPAL_AREA,2024-03-20,1403-01,277,فروردین - 1403,77142857.14,77165812.22,66279069.77,95000000,5200000000,5591,DIRECT,listing,metraj_all,3
04a45272-086f-638d-ff1a-433172fb6aa3,272905:8,8,منطقه 8,MUNICIPAL_AREA,2024-04-20,1403-02,278,اردیبهشت - 1403,80416666.67,80433313.07,68750000,100000000,5400000000,5747,DIRECT,listing,metraj_all,3
04a45272-086f-638d-ff1a-433172fb6aa3,272905:8,8,منطقه 8,MUNICIPAL_AREA,2024-05-21,1403-03,279,خرداد - 1403,81250000,81260458.53,69664812.65,100000000,5400000000,6568,DIRECT,listing,metraj_all,3
04a45272-086f-638d-ff1a-433172fb6aa3,272905:8,8,منطقه 8,MUNICIPAL_AREA,2024-06-21,1403-04,280,تیر - 1403,81250000,81260274.96,69557971.02,100000000,5300000000,6906,DIRECT,listing,metraj_all,3
04a45272-086f-638d-ff1a-433172fb6aa3,272905:8,8,منطقه 8,MUNICIPAL_AREA,2024-07-22,1403-05,281,مرداد - 1403,79831932.77,79840456.22,68750000,97619047.62,5000000000,7897,DIRECT,listing,metraj_all,3
04a45272-086f-638d-ff1a-433172fb6aa3,272905:8,8,منطقه 8,MUNICIPAL_AREA,2024-08-22,1403-06,282,شهریور - 1403,78723404.26,78731739.35,68048780.49,96000000,4900000000,7793,DIRECT,listing,metraj_all,3
04a45272-086f-638d-ff1a-433172fb6aa3,272905:8,8,منطقه 8,MUNICIPAL_AREA,2024-09-22,1403-07,283,مهر - 1403,78888888.89,78894842.38,67589472.34,96226419.92,5000000000,9291,DIRECT,listing,metraj_all,3
04a45272-086f-638d-ff1a-433172fb6aa3,272905:8,8,منطقه 8,MUNICIPAL_AREA,2024-10-22,1403-08,284,آبان - 1403,80000000,80004412.06,67441860.47,99999995.8,5200000000,8804,DIRECT,listing,metraj_all,3
04a45272-086f-638d-ff1a-433172fb6aa3,272905:8,8,منطقه 8,MUNICIPAL_AREA,2024-11-21,1403-09,285,آذر - 1403,82500000,82502560.49,68181818.18,100909090.91,5449999872,9753,DIRECT,listing,metraj_all,3
04a45272-086f-638d-ff1a-433172fb6aa3,272905:8,8,منطقه 8,MUNICIPAL_AREA,2024-12-21,1403-10,286,دی - 1403,85000000,85001188.58,69841269.84,104761909.64,5649999872,9906,DIRECT,listing,metraj_all,3
04a45272-086f-638d-ff1a-433172fb6aa3,272905:8,8,منطقه 8,MUNICIPAL_AREA,2025-01-20,1403-11,287,بهمن - 1403,87000002.56,87001164.32,71276598.47,107758618.48,5950000128,10087,DIRECT,listing,metraj_all,3
04a45272-086f-638d-ff1a-433172fb6aa3,272905:8,8,منطقه 8,MUNICIPAL_AREA,2025-02-19,1403-12,288,اسفند - 1403,89864863.14,89866768.07,73000004.27,110752690.92,6150000128,9447,DIRECT,listing,metraj_all,3
04a45272-086f-638d-ff1a-433172fb6aa3,272905:8,8,منطقه 8,MUNICIPAL_AREA,2025-03-21,1404-01,289,فروردین - 1404,90909090.91,90912062.09,74218752,112307688.37,6249999872,7533,DIRECT,listing,metraj_all,3
04a45272-086f-638d-ff1a-433172fb6aa3,272905:8,8,منطقه 8,MUNICIPAL_AREA,2025-04-21,1404-02,290,اردیبهشت - 1404,90786917.68,90794995.59,75268817.2,110260799.2,6000000000,7956,DIRECT,listing,metraj_all,3
04a45272-086f-638d-ff1a-433172fb6aa3,272905:8,8,منطقه 8,MUNICIPAL_AREA,2025-05-22,1404-03,291,خرداد - 1404,91228070.18,91235155.03,76666666.67,111111111.11,5950000000,9774,DIRECT,listing,metraj_all,3
04a45272-086f-638d-ff1a-433172fb6aa3,272905:8,8,منطقه 8,MUNICIPAL_AREA,2025-06-22,1404-04,292,تیر - 1404,91891891.89,91897842.37,77000000,112499998.22,5900000000,12115,DIRECT,listing,metraj_all,3
04a45272-086f-638d-ff1a-433172fb6aa3,272905:8,8,منطقه 8,MUNICIPAL_AREA,2025-07-23,1404-05,293,مرداد - 1404,92682926.83,92687978.27,77561561.57,115000000,5950000000,12607,DIRECT,listing,metraj_all,3
04a45272-086f-638d-ff1a-433172fb6aa3,272905:8,8,منطقه 8,MUNICIPAL_AREA,2025-08-23,1404-06,294,شهریور - 1404,92857142.86,92861590.12,77455965.44,115000000,6000000000,13240,DIRECT,listing,metraj_all,3
04a45272-086f-638d-ff1a-433172fb6aa3,272905:8,8,منطقه 8,MUNICIPAL_AREA,2025-09-23,1404-07,295,مهر - 1404,93798076.93,93802188.44,78298875.95,116176470.59,6100000000,15074,DIRECT,listing,metraj_all,3
04a45272-086f-638d-ff1a-433172fb6aa3,272905:8,8,منطقه 8,MUNICIPAL_AREA,2025-10-23,1404-08,296,آبان - 1404,95000000,95003789.13,79117647.06,118333333.33,6250000000,18165,DIRECT,listing,metraj_all,3
04a45272-086f-638d-ff1a-433172fb6aa3,272905:8,8,منطقه 8,MUNICIPAL_AREA,2025-11-22,1404-09,297,آذر - 1404,97647058.82,97650970.57,80645161.29,121270676.02,6400000000,20340,DIRECT,listing,metraj_all,3
04a45272-086f-638d-ff1a-433172fb6aa3,272905:8,8,منطقه 8,MUNICIPAL_AREA,2025-12-22,1404-10,298,دی - 1404,100000000,100005050.36,83039497.58,125633208.26,6600000000,20562,DIRECT,listing,metraj_all,3
04a45272-086f-638d-ff1a-433172fb6aa3,272905:8,8,منطقه 8,MUNICIPAL_AREA,2026-01-21,1404-11,299,بهمن - 1404,109183673.47,109189033.29,88983050.85,136538461.54,7300000000,19605,DIRECT,listing,metraj_all,3
04a45272-086f-638d-ff1a-433172fb6aa3,272905:8,8,منطقه 8,MUNICIPAL_AREA,2026-02-20,1404-12,300,اسفند - 1404,116000000,116007520.42,94285714.29,143081014.73,7690000000,13819,DIRECT,listing,metraj_all,3
04a45272-086f-638d-ff1a-433172fb6aa3,272905:8,8,منطقه 8,MUNICIPAL_AREA,2026-03-21,1405-01,301,فروردین - 1405,124703253.74,124713890.87,102272727.27,153333333.33,8250000000,9670,DIRECT,listing,metraj_all,3
04a45272-086f-638d-ff1a-433172fb6aa3,272905:8,8,منطقه 8,MUNICIPAL_AREA,2026-04-21,1405-02,302,اردیبهشت - 1405,155048791.61,155055155.71,126075634.06,196363636.36,10500000000,10284,DIRECT,listing,metraj_all,3
04a45272-086f-638d-ff1a-433172fb6aa3,272905:8,8,منطقه 8,MUNICIPAL_AREA,2026-05-22,1405-03,303,خرداد - 1405,176470588.24,176475430.09,144444444.44,219976303.32,11800000000,17606,DIRECT,listing,metraj_all,3
04a45272-086f-638d-ff1a-433172fb6aa3,272905:8,8,منطقه 8,MUNICIPAL_AREA,2026-06-22,1405-04,304,تیر - 1405,183018867.92,183025434.72,151084018.8,227272727.27,12300000000,18235,DIRECT,listing,metraj_all,3
04a45272-086f-638d-ff1a-433172fb6aa3,272905:8,8,منطقه 8,MUNICIPAL_AREA,2026-07-23,1405-05,305,مرداد - 1405,192857142.86,192865825.86,160416666.67,240000000,12660000000,19733,DIRECT,listing,metraj_all,3
006dc5f4-0883-4a22-bfa9-857d98262079,272905:9,9,منطقه 9,MUNICIPAL_AREA,2021-08-23,1400-06,246,شهریور - 1400,21538461.54,21613944.42,18277472.53,25714285.71,1430000000,535,DIRECT,listing,metraj_all,3
006dc5f4-0883-4a22-bfa9-857d98262079,272905:9,9,منطقه 9,MUNICIPAL_AREA,2021-09-23,1400-07,247,مهر - 1400,21644144.15,21734334.52,18000000,26428967.82,1418000000,476,DIRECT,listing,metraj_all,3
006dc5f4-0883-4a22-bfa9-857d98262079,272905:9,9,منطقه 9,MUNICIPAL_AREA,2021-10-23,1400-08,248,آبان - 1400,21487704.92,21584602.35,18000000,27000000,1500000000,468,DIRECT,listing,metraj_all,3
006dc5f4-0883-4a22-bfa9-857d98262079,272905:9,9,منطقه 9,MUNICIPAL_AREA,2021-11-22,1400-09,249,آذر - 1400,21837500,21914639.62,18534090.91,27402783.91,1420000000,508,DIRECT,listing,metraj_all,3
006dc5f4-0883-4a22-bfa9-857d98262079,272905:9,9,منطقه 9,MUNICIPAL_AREA,2021-12-22,1400-10,250,دی - 1400,22500000,22574892.09,18961538.46,27535892.32,1500000000,495,DIRECT,listing,metraj_all,3
006dc5f4-0883-4a22-bfa9-857d98262079,272905:9,9,منطقه 9,MUNICIPAL_AREA,2022-01-21,1400-11,251,بهمن - 1400,23125000,23186475.38,20000000,28090909.09,1520000000,539,DIRECT,listing,metraj_all,3
006dc5f4-0883-4a22-bfa9-857d98262079,272905:9,9,منطقه 9,MUNICIPAL_AREA,2022-02-20,1400-12,252,اسفند - 1400,23076923.08,23163525.17,20000000,27932852.39,1550000000,443,DIRECT,listing,metraj_all,3
006dc5f4-0883-4a22-bfa9-857d98262079,272905:9,9,منطقه 9,MUNICIPAL_AREA,2022-03-21,1401-01,253,فروردین - 1401,23958333.33,24072868.83,20454545.45,28985507.25,1600000000,433,DIRECT,listing,metraj_all,3
006dc5f4-0883-4a22-bfa9-857d98262079,272905:9,9,منطقه 9,MUNICIPAL_AREA,2022-04-21,1401-02,254,اردیبهشت - 1401,25932203.39,26049147.77,22238805.97,30357142.86,1785000000,1093,DIRECT,listing,metraj_all,3
006dc5f4-0883-4a22-bfa9-857d98262079,272905:9,9,منطقه 9,MUNICIPAL_AREA,2022-05-22,1401-03,255,خرداد - 1401,27397260.27,27463994.34,23650793.65,32743362.83,1900000000,2045,DIRECT,listing,metraj_all,3
006dc5f4-0883-4a22-bfa9-857d98262079,272905:9,9,منطقه 9,MUNICIPAL_AREA,2022-06-22,1401-04,256,تیر - 1401,28909090.91,28956260.05,24980000,34300000,2000000000,2913,DIRECT,listing,metraj_all,3
006dc5f4-0883-4a22-bfa9-857d98262079,272905:9,9,منطقه 9,MUNICIPAL_AREA,2022-07-23,1401-05,257,مرداد - 1401,30975609.76,31015064.85,26500000,36494854.26,2170000000,3194,DIRECT,listing,metraj_all,3
006dc5f4-0883-4a22-bfa9-857d98262079,272905:9,9,منطقه 9,MUNICIPAL_AREA,2022-08-23,1401-06,258,شهریور - 1401,32978723.4,33013865.74,28350515.46,38571428.57,2200000000,3885,DIRECT,listing,metraj_all,3
006dc5f4-0883-4a22-bfa9-857d98262079,272905:9,9,منطقه 9,MUNICIPAL_AREA,2022-09-23,1401-07,259,مهر - 1401,33333333.33,33383782.38,28787784.09,38875448.03,2200000000,2860,DIRECT,listing,metraj_all,3
006dc5f4-0883-4a22-bfa9-857d98262079,272905:9,9,منطقه 9,MUNICIPAL_AREA,2022-10-23,1401-08,260,آبان - 1401,33934426.23,34025742.26,29487179.49,39212121.21,2200000000,1729,DIRECT,listing,metraj_all,3
006dc5f4-0883-4a22-bfa9-857d98262079,272905:9,9,منطقه 9,MUNICIPAL_AREA,2022-11-22,1401-09,261,آذر - 1401,40779352.23,41483778.78,36345307.92,46396299.49,2675000000,300,DIRECT,listing,metraj_all,3
006dc5f4-0883-4a22-bfa9-857d98262079,272905:9,9,منطقه 9,MUNICIPAL_AREA,2022-12-22,1401-10,262,دی - 1401,42613636.36,42778321.36,37132034.63,48019607.85,3000000000,931,DIRECT,listing,metraj_all,3
006dc5f4-0883-4a22-bfa9-857d98262079,272905:9,9,منطقه 9,MUNICIPAL_AREA,2023-01-21,1401-11,263,بهمن - 1401,45238095.24,45290100.82,39152542.37,50787401.57,3200000000,2133,DIRECT,listing,metraj_all,3
006dc5f4-0883-4a22-bfa9-857d98262079,272905:9,9,منطقه 9,MUNICIPAL_AREA,2023-02-20,1401-12,264,اسفند - 1401,46349303.14,46377471.38,40542197.86,52304163.73,3300000000,2206,DIRECT,listing,metraj_all,3
006dc5f4-0883-4a22-bfa9-857d98262079,272905:9,9,منطقه 9,MUNICIPAL_AREA,2023-03-21,1402-01,265,فروردین - 1402,47619047.62,47648780.58,41842280.39,53277275.3,3350000000,1579,DIRECT,listing,metraj_all,3
006dc5f4-0883-4a22-bfa9-857d98262079,272905:9,9,منطقه 9,MUNICIPAL_AREA,2023-04-21,1402-02,266,اردیبهشت - 1402,66563293.65,66640005.4,57500000,75000000,4400000000,2502,DIRECT,listing,metraj_all,3
006dc5f4-0883-4a22-bfa9-857d98262079,272905:9,9,منطقه 9,MUNICIPAL_AREA,2023-05-22,1402-03,267,خرداد - 1402,69230769.23,69290657.06,61538461.54,77173913.04,4700000000,4157,DIRECT,listing,metraj_all,3
006dc5f4-0883-4a22-bfa9-857d98262079,272905:9,9,منطقه 9,MUNICIPAL_AREA,2023-06-22,1402-04,268,تیر - 1402,68548387.1,68588162.35,60344827.59,76775332.23,4500000000,6326,DIRECT,listing,metraj_all,3
006dc5f4-0883-4a22-bfa9-857d98262079,272905:9,9,منطقه 9,MUNICIPAL_AREA,2023-07-23,1402-05,269,مرداد - 1402,67741935.48,67783564.1,59016393.44,76335820.89,4500000000,5904,DIRECT,listing,metraj_all,3
006dc5f4-0883-4a22-bfa9-857d98262079,272905:9,9,منطقه 9,MUNICIPAL_AREA,2023-08-23,1402-06,270,شهریور - 1402,65426329.76,65470450.97,57000000,75000000,4200000000,5580,DIRECT,listing,metraj_all,3
006dc5f4-0883-4a22-bfa9-857d98262079,272905:9,9,منطقه 9,MUNICIPAL_AREA,2023-09-23,1402-07,271,مهر - 1402,63750000,63798853.31,55555555.56,73214285.71,4130000000,5002,DIRECT,listing,metraj_all,3
006dc5f4-0883-4a22-bfa9-857d98262079,272905:9,9,منطقه 9,MUNICIPAL_AREA,2023-10-23,1402-08,272,آبان - 1402,62500000,62547132.2,54347826.09,71428571.43,4000000000,5344,DIRECT,listing,metraj_all,3
006dc5f4-0883-4a22-bfa9-857d98262079,272905:9,9,منطقه 9,MUNICIPAL_AREA,2023-11-22,1402-09,273,آذر - 1402,61538461.54,61586499.25,53247564.94,70262226.51,4000000000,5474,DIRECT,listing,metraj_all,3
006dc5f4-0883-4a22-bfa9-857d98262079,272905:9,9,منطقه 9,MUNICIPAL_AREA,2023-12-22,1402-10,274,دی - 1402,60937500,60985069.86,52615789.48,70086194.96,3960000000,5679,DIRECT,listing,metraj_all,3
006dc5f4-0883-4a22-bfa9-857d98262079,272905:9,9,منطقه 9,MUNICIPAL_AREA,2024-01-21,1402-11,275,بهمن - 1402,61111111.11,61159351.79,52702702.7,70192307.69,3950000000,5633,DIRECT,listing,metraj_all,3
006dc5f4-0883-4a22-bfa9-857d98262079,272905:9,9,منطقه 9,MUNICIPAL_AREA,2024-02-20,1402-12,276,اسفند - 1402,62631881.43,62683491.71,53833333.33,72145117.54,4070000000,5260,DIRECT,listing,metraj_all,3
006dc5f4-0883-4a22-bfa9-857d98262079,272905:9,9,منطقه 9,MUNICIPAL_AREA,2024-03-20,1403-01,277,فروردین - 1403,64655172.41,64709948.35,55405405.41,75000000,4200000000,4617,DIRECT,listing,metraj_all,3
006dc5f4-0883-4a22-bfa9-857d98262079,272905:9,9,منطقه 9,MUNICIPAL_AREA,2024-04-20,1403-02,278,اردیبهشت - 1403,67307692.31,67354519.19,58149476.01,78260869.57,4500000000,4836,DIRECT,listing,metraj_all,3
006dc5f4-0883-4a22-bfa9-857d98262079,272905:9,9,منطقه 9,MUNICIPAL_AREA,2024-05-21,1403-03,279,خرداد - 1403,68508241.76,68543633.86,59879934.88,79441982.27,4690000000,5534,DIRECT,listing,metraj_all,3
006dc5f4-0883-4a22-bfa9-857d98262079,272905:9,9,منطقه 9,MUNICIPAL_AREA,2024-06-21,1403-04,280,تیر - 1403,68661691.55,68693631.98,59830357.14,79475393.03,4650000000,6156,DIRECT,listing,metraj_all,3
006dc5f4-0883-4a22-bfa9-857d98262079,272905:9,9,منطقه 9,MUNICIPAL_AREA,2024-07-22,1403-05,281,مرداد - 1403,68548387.1,68573800.3,59375000,79245283.02,4550000000,7082,DIRECT,listing,metraj_all,3
006dc5f4-0883-4a22-bfa9-857d98262079,272905:9,9,منطقه 9,MUNICIPAL_AREA,2024-08-22,1403-06,282,شهریور - 1403,68333333.33,68356507.46,58904109.59,79529220.78,4500000000,7280,DIRECT,listing,metraj_all,3
006dc5f4-0883-4a22-bfa9-857d98262079,272905:9,9,منطقه 9,MUNICIPAL_AREA,2024-09-22,1403-07,283,مهر - 1403,68259615.39,68280748.22,58821035.01,79853337.48,4500000000,7640,DIRECT,listing,metraj_all,3
006dc5f4-0883-4a22-bfa9-857d98262079,272905:9,9,منطقه 9,MUNICIPAL_AREA,2024-10-22,1403-08,284,آبان - 1403,68750003.2,68772744.36,58333335.7,80000000,4550000000,6647,DIRECT,listing,metraj_all,3
006dc5f4-0883-4a22-bfa9-857d98262079,272905:9,9,منطقه 9,MUNICIPAL_AREA,2024-11-21,1403-09,285,آذر - 1403,69767441.86,69791246.15,59000000,80909088.58,4650000128,6389,DIRECT,listing,metraj_all,3
006dc5f4-0883-4a22-bfa9-857d98262079,272905:9,9,منطقه 9,MUNICIPAL_AREA,2024-12-21,1403-10,286,دی - 1403,70769230.77,70793117.56,60000000,82835818.99,4749999872,6441,DIRECT,listing,metraj_all,3
006dc5f4-0883-4a22-bfa9-857d98262079,272905:9,9,منطقه 9,MUNICIPAL_AREA,2025-01-20,1403-11,287,بهمن - 1403,71875001.6,71900639.52,61651516.32,83809521.37,4899999744,6347,DIRECT,listing,metraj_all,3
006dc5f4-0883-4a22-bfa9-857d98262079,272905:9,9,منطقه 9,MUNICIPAL_AREA,2025-02-19,1403-12,288,اسفند - 1403,73076923.08,73108484.09,63090657.06,84909399.89,5000000000,5880,DIRECT,listing,metraj_all,3
006dc5f4-0883-4a22-bfa9-857d98262079,272905:9,9,منطقه 9,MUNICIPAL_AREA,2025-03-21,1404-01,289,فروردین - 1404,74576271.19,74617391.36,64285710.63,85350988.61,5100000256,4507,DIRECT,listing,metraj_all,3
006dc5f4-0883-4a22-bfa9-857d98262079,272905:9,9,منطقه 9,MUNICIPAL_AREA,2025-04-21,1404-02,290,اردیبهشت - 1404,76470588.24,76511165.47,65957446.81,87499996.07,5200000000,5104,DIRECT,listing,metraj_all,3
006dc5f4-0883-4a22-bfa9-857d98262079,272905:9,9,منطقه 9,MUNICIPAL_AREA,2025-05-22,1404-03,291,خرداد - 1404,77000000,77033145.19,66279067.54,89226998.49,5250000000,6374,DIRECT,listing,metraj_all,3
006dc5f4-0883-4a22-bfa9-857d98262079,272905:9,9,منطقه 9,MUNICIPAL_AREA,2025-06-22,1404-04,292,تیر - 1404,77272727.27,77299058.81,65714285.71,89552238.81,5200000000,8282,DIRECT,listing,metraj_all,3
006dc5f4-0883-4a22-bfa9-857d98262079,272905:9,9,منطقه 9,MUNICIPAL_AREA,2025-07-23,1404-05,293,مرداد - 1404,77000000,77027132.89,65076995.98,90037974.69,5100000000,8119,DIRECT,listing,metraj_all,3
006dc5f4-0883-4a22-bfa9-857d98262079,272905:9,9,منطقه 9,MUNICIPAL_AREA,2025-08-23,1404-06,294,شهریور - 1404,77692307.69,77716835.88,65119115.15,90442810.46,5000000000,8575,DIRECT,listing,metraj_all,3
006dc5f4-0883-4a22-bfa9-857d98262079,272905:9,9,منطقه 9,MUNICIPAL_AREA,2025-09-23,1404-07,295,مهر - 1404,78235294.12,78258386.52,65263157.89,91463414.63,5100000000,9415,DIRECT,listing,metraj_all,3
006dc5f4-0883-4a22-bfa9-857d98262079,272905:9,9,منطقه 9,MUNICIPAL_AREA,2025-10-23,1404-08,296,آبان - 1404,80000000,80019978.77,66666666.67,94166666.67,5250000000,10945,DIRECT,listing,metraj_all,3
006dc5f4-0883-4a22-bfa9-857d98262079,272905:9,9,منطقه 9,MUNICIPAL_AREA,2025-11-22,1404-09,297,آذر - 1404,81904761.9,81924891.59,68000000,97500000,5500000000,11765,DIRECT,listing,metraj_all,3
006dc5f4-0883-4a22-bfa9-857d98262079,272905:9,9,منطقه 9,MUNICIPAL_AREA,2025-12-22,1404-10,298,دی - 1404,85365853.66,85386974.32,70123520.33,102000000,5850000000,11838,DIRECT,listing,metraj_all,3
006dc5f4-0883-4a22-bfa9-857d98262079,272905:9,9,منطقه 9,MUNICIPAL_AREA,2026-01-21,1404-11,299,بهمن - 1404,91583866.21,91608202.34,74698795.18,110294117.65,6400000000,11542,DIRECT,listing,metraj_all,3
006dc5f4-0883-4a22-bfa9-857d98262079,272905:9,9,منطقه 9,MUNICIPAL_AREA,2026-02-20,1404-12,300,اسفند - 1404,97058823.53,97094259.73,78461538.46,115000000,6900000000,8270,DIRECT,listing,metraj_all,3
006dc5f4-0883-4a22-bfa9-857d98262079,272905:9,9,منطقه 9,MUNICIPAL_AREA,2026-03-21,1405-01,301,فروردین - 1405,101492537.31,101549903.27,81698728.96,120103092.78,7000000000,5831,DIRECT,listing,metraj_all,3
006dc5f4-0883-4a22-bfa9-857d98262079,272905:9,9,منطقه 9,MUNICIPAL_AREA,2026-04-21,1405-02,302,اردیبهشت - 1405,123809523.81,123865684.42,92000000,152344322.35,8400000000,6719,DIRECT,listing,metraj_all,3
006dc5f4-0883-4a22-bfa9-857d98262079,272905:9,9,منطقه 9,MUNICIPAL_AREA,2026-05-22,1405-03,303,خرداد - 1405,142857142.86,142896189.33,105813953.49,173913043.48,9500000000,10783,DIRECT,listing,metraj_all,3
006dc5f4-0883-4a22-bfa9-857d98262079,272905:9,9,منطقه 9,MUNICIPAL_AREA,2026-06-22,1405-04,304,تیر - 1405,150000000,150041189.93,114893617.02,180473787.5,10000000000,10915,DIRECT,listing,metraj_all,3
006dc5f4-0883-4a22-bfa9-857d98262079,272905:9,9,منطقه 9,MUNICIPAL_AREA,2026-07-23,1405-05,305,مرداد - 1405,159615384.62,159659258.37,126251078.52,190207686.33,10500000000,11474,DIRECT,listing,metraj_all,3
3c94c0ff-94e1-3c73-70b1-3c2774333b48,272905:10,10,منطقه 10,MUNICIPAL_AREA,2021-08-23,1400-06,246,شهریور - 1400,20877777.78,20907359.57,17772108.85,25000000,1230000000,1604,DIRECT,listing,metraj_all,3
3c94c0ff-94e1-3c73-70b1-3c2774333b48,272905:10,10,منطقه 10,MUNICIPAL_AREA,2021-09-23,1400-07,247,مهر - 1400,21052631.58,21087250.68,17917488.03,25515957.45,1250000000,1427,DIRECT,listing,metraj_all,3
3c94c0ff-94e1-3c73-70b1-3c2774333b48,272905:10,10,منطقه 10,MUNICIPAL_AREA,2021-10-23,1400-08,248,آبان - 1400,21258802.82,21292416.92,18000000,26041666.67,1260000000,1436,DIRECT,listing,metraj_all,3
3c94c0ff-94e1-3c73-70b1-3c2774333b48,272905:10,10,منطقه 10,MUNICIPAL_AREA,2021-11-22,1400-09,249,آذر - 1400,21666666.67,21694024.95,18421052.63,26428571.43,1260000000,1513,DIRECT,listing,metraj_all,3
3c94c0ff-94e1-3c73-70b1-3c2774333b48,272905:10,10,منطقه 10,MUNICIPAL_AREA,2021-12-22,1400-10,250,دی - 1400,22500000,22525658.42,18839737.11,27871336.32,1300000000,1464,DIRECT,listing,metraj_all,3
3c94c0ff-94e1-3c73-70b1-3c2774333b48,272905:10,10,منطقه 10,MUNICIPAL_AREA,2022-01-21,1400-11,251,بهمن - 1400,23000000,23023240.36,19210526.32,28000000,1320000000,1496,DIRECT,listing,metraj_all,3
3c94c0ff-94e1-3c73-70b1-3c2774333b48,272905:10,10,منطقه 10,MUNICIPAL_AREA,2022-02-20,1400-12,252,اسفند - 1400,23227906.98,23256967.77,19354838.71,28170076.29,1350000000,1288,DIRECT,listing,metraj_all,3
3c94c0ff-94e1-3c73-70b1-3c2774333b48,272905:10,10,منطقه 10,MUNICIPAL_AREA,2022-03-21,1401-01,253,فروردین - 1401,24038461.54,24079094.53,20000000,28390591.97,1350000000,1219,DIRECT,listing,metraj_all,3
3c94c0ff-94e1-3c73-70b1-3c2774333b48,272905:10,10,منطقه 10,MUNICIPAL_AREA,2022-04-21,1401-02,254,اردیبهشت - 1401,25000000,25057271.92,21237113.4,29220779.22,1450000000,2405,DIRECT,listing,metraj_all,3
3c94c0ff-94e1-3c73-70b1-3c2774333b48,272905:10,10,منطقه 10,MUNICIPAL_AREA,2022-05-22,1401-03,255,خرداد - 1401,26666666.67,26698901.54,22703624.08,30976828.72,1550000000,4471,DIRECT,listing,metraj_all,3
3c94c0ff-94e1-3c73-70b1-3c2774333b48,272905:10,10,منطقه 10,MUNICIPAL_AREA,2022-06-22,1401-04,256,تیر - 1401,28031544.96,28054204.24,23898728.81,32954545.45,1650000000,6462,DIRECT,listing,metraj_all,3
3c94c0ff-94e1-3c73-70b1-3c2774333b48,272905:10,10,منطقه 10,MUNICIPAL_AREA,2022-07-23,1401-05,257,مرداد - 1401,29896808.51,29915234.8,25600000,35000000,1750000000,7436,DIRECT,listing,metraj_all,3
3c94c0ff-94e1-3c73-70b1-3c2774333b48,272905:10,10,منطقه 10,MUNICIPAL_AREA,2022-08-23,1401-06,258,شهریور - 1401,31000000,31017150.16,26923076.92,36206896.55,1780000000,9125,DIRECT,listing,metraj_all,3
3c94c0ff-94e1-3c73-70b1-3c2774333b48,272905:10,10,منطقه 10,MUNICIPAL_AREA,2022-09-23,1401-07,259,مهر - 1401,31351351.35,31375770.37,27263764.88,36666666.67,1780000000,6731,DIRECT,listing,metraj_all,3
3c94c0ff-94e1-3c73-70b1-3c2774333b48,272905:10,10,منطقه 10,MUNICIPAL_AREA,2022-10-23,1401-08,260,آبان - 1401,31287878.79,31333431.79,27307692.31,36666666.67,1750000000,4057,DIRECT,listing,metraj_all,3
3c94c0ff-94e1-3c73-70b1-3c2774333b48,272905:10,10,منطقه 10,MUNICIPAL_AREA,2022-11-22,1401-09,261,آذر - 1401,35000000,35194619.98,30000000,40357142.86,2200000000,1409,DIRECT,listing,metraj_all,3
3c94c0ff-94e1-3c73-70b1-3c2774333b48,272905:10,10,منطقه 10,MUNICIPAL_AREA,2022-12-22,1401-10,262,دی - 1401,37886762.36,37933533.25,32222222.22,45000000,2600000000,4314,DIRECT,listing,metraj_all,3
3c94c0ff-94e1-3c73-70b1-3c2774333b48,272905:10,10,منطقه 10,MUNICIPAL_AREA,2023-01-21,1401-11,263,بهمن - 1401,40727272.73,40742164.4,34607692.31,48812169.31,2850000000,10503,DIRECT,listing,metraj_all,3
3c94c0ff-94e1-3c73-70b1-3c2774333b48,272905:10,10,منطقه 10,MUNICIPAL_AREA,2023-02-20,1401-12,264,اسفند - 1401,43000000,43008266.3,36428571.43,51639344.26,3250000000,11593,DIRECT,listing,metraj_all,3
3c94c0ff-94e1-3c73-70b1-3c2774333b48,272905:10,10,منطقه 10,MUNICIPAL_AREA,2023-03-21,1402-01,265,فروردین - 1402,44444444.44,44453505.2,37570080.86,52631578.95,3370000000,8708,DIRECT,listing,metraj_all,3
3c94c0ff-94e1-3c73-70b1-3c2774333b48,272905:10,10,منطقه 10,MUNICIPAL_AREA,2023-04-21,1402-02,266,اردیبهشت - 1402,60317460.32,60338209.95,51578947.37,68888888.89,3600000000,12287,DIRECT,listing,metraj_all,3
3c94c0ff-94e1-3c73-70b1-3c2774333b48,272905:10,10,منطقه 10,MUNICIPAL_AREA,2023-05-22,1402-03,267,خرداد - 1402,62301387.14,62319421.44,55172413.79,70000000,3500000000,17670,DIRECT,listing,metraj_all,3
3c94c0ff-94e1-3c73-70b1-3c2774333b48,272905:10,10,منطقه 10,MUNICIPAL_AREA,2023-06-22,1402-04,268,تیر - 1402,61538461.54,61551063.86,54285714.29,69642857.14,3467500000,25550,DIRECT,listing,metraj_all,3
3c94c0ff-94e1-3c73-70b1-3c2774333b48,272905:10,10,منطقه 10,MUNICIPAL_AREA,2023-07-23,1402-05,269,مرداد - 1402,60000000,60014801.09,52753989.36,68421052.63,3350000000,21854,DIRECT,listing,metraj_all,3
3c94c0ff-94e1-3c73-70b1-3c2774333b48,272905:10,10,منطقه 10,MUNICIPAL_AREA,2023-08-23,1402-06,270,شهریور - 1402,58157894.74,58173972.58,50909090.91,66111111.11,3200000000,19851,DIRECT,listing,metraj_all,3
3c94c0ff-94e1-3c73-70b1-3c2774333b48,272905:10,10,منطقه 10,MUNICIPAL_AREA,2023-09-23,1402-07,271,مهر - 1402,56666666.67,56684875.48,49600000,64615384.62,3100000000,17327,DIRECT,listing,metraj_all,3
3c94c0ff-94e1-3c73-70b1-3c2774333b48,272905:10,10,منطقه 10,MUNICIPAL_AREA,2023-10-23,1402-08,272,آبان - 1402,55952380.95,55970932.32,48750000,64000000,3000000000,17122,DIRECT,listing,metraj_all,3
3c94c0ff-94e1-3c73-70b1-3c2774333b48,272905:10,10,منطقه 10,MUNICIPAL_AREA,2023-11-22,1402-09,273,آذر - 1402,55555555.56,55575363.64,48387096.77,63777777.78,3000000000,16310,DIRECT,listing,metraj_all,3
3c94c0ff-94e1-3c73-70b1-3c2774333b48,272905:10,10,منطقه 10,MUNICIPAL_AREA,2023-12-22,1402-10,274,دی - 1402,55454545.45,55474409.61,48463578.09,63636363.64,3000000000,16374,DIRECT,listing,metraj_all,3
3c94c0ff-94e1-3c73-70b1-3c2774333b48,272905:10,10,منطقه 10,MUNICIPAL_AREA,2024-01-21,1402-11,275,بهمن - 1402,56140350.88,56160062.48,49122807.02,64602380.95,3100000000,16322,DIRECT,listing,metraj_all,3
3c94c0ff-94e1-3c73-70b1-3c2774333b48,272905:10,10,منطقه 10,MUNICIPAL_AREA,2024-02-20,1402-12,276,اسفند - 1402,57142857.14,57163280.54,50000000,65517241.38,3180000000,15995,DIRECT,listing,metraj_all,3
3c94c0ff-94e1-3c73-70b1-3c2774333b48,272905:10,10,منطقه 10,MUNICIPAL_AREA,2024-03-20,1403-01,277,فروردین - 1403,59090909.09,59112998.06,51686852.48,67349939.98,3300000000,13983,DIRECT,listing,metraj_all,3
3c94c0ff-94e1-3c73-70b1-3c2774333b48,272905:10,10,منطقه 10,MUNICIPAL_AREA,2024-04-20,1403-02,278,اردیبهشت - 1403,61458333.33,61478409.06,54000000,70449494.95,3500000000,14207,DIRECT,listing,metraj_all,3
3c94c0ff-94e1-3c73-70b1-3c2774333b48,272905:10,10,منطقه 10,MUNICIPAL_AREA,2024-05-21,1403-03,279,خرداد - 1403,63207547.17,63223875.6,55555555.56,72727272.73,3590000000,15253,DIRECT,listing,metraj_all,3
3c94c0ff-94e1-3c73-70b1-3c2774333b48,272905:10,10,منطقه 10,MUNICIPAL_AREA,2024-06-21,1403-04,280,تیر - 1403,63571428.57,63586337.58,55743602.64,73000000,3550000000,16614,DIRECT,listing,metraj_all,3
3c94c0ff-94e1-3c73-70b1-3c2774333b48,272905:10,10,منطقه 10,MUNICIPAL_AREA,2024-07-22,1403-05,281,مرداد - 1403,63235294.12,63247394.16,55177032.02,72641509.43,3500000000,19276,DIRECT,listing,metraj_all,3
3c94c0ff-94e1-3c73-70b1-3c2774333b48,272905:10,10,منطقه 10,MUNICIPAL_AREA,2024-08-22,1403-06,282,شهریور - 1403,62820512.82,62831773.06,54761904.76,71968503.94,3500000000,19889,DIRECT,listing,metraj_all,3
3c94c0ff-94e1-3c73-70b1-3c2774333b48,272905:10,10,منطقه 10,MUNICIPAL_AREA,2024-09-22,1403-07,283,مهر - 1403,62162162.16,62172084.2,53968253.97,71250000,3449999872,22429,DIRECT,listing,metraj_all,3
3c94c0ff-94e1-3c73-70b1-3c2774333b48,272905:10,10,منطقه 10,MUNICIPAL_AREA,2024-10-22,1403-08,284,آبان - 1403,61626059.32,61636701.16,53571425.52,70588235.29,3400000000,20910,DIRECT,listing,metraj_all,3
3c94c0ff-94e1-3c73-70b1-3c2774333b48,272905:10,10,منطقه 10,MUNICIPAL_AREA,2024-11-21,1403-09,285,آذر - 1403,61403508.77,61414456.8,53399031.65,70588235.29,3350000128,21543,DIRECT,listing,metraj_all,3
3c94c0ff-94e1-3c73-70b1-3c2774333b48,272905:10,10,منطقه 10,MUNICIPAL_AREA,2024-12-21,1403-10,286,دی - 1403,62222222.22,62233187.74,53906248,71379308.14,3400000000,21837,DIRECT,listing,metraj_all,3
3c94c0ff-94e1-3c73-70b1-3c2774333b48,272905:10,10,منطقه 10,MUNICIPAL_AREA,2025-01-20,1403-11,287,بهمن - 1403,63529411.76,63540510.99,55000000,72857146.51,3500000000,22193,DIRECT,listing,metraj_all,3
3c94c0ff-94e1-3c73-70b1-3c2774333b48,272905:10,10,منطقه 10,MUNICIPAL_AREA,2025-02-19,1403-12,288,اسفند - 1403,65116279.07,65127888.2,56521739.13,74999995.73,3600000000,22860,DIRECT,listing,metraj_all,3
3c94c0ff-94e1-3c73-70b1-3c2774333b48,272905:10,10,منطقه 10,MUNICIPAL_AREA,2025-03-21,1404-01,289,فروردین - 1404,67024791.27,67038561.08,58035716.57,77047318.08,3700000000,18963,DIRECT,listing,metraj_all,3
3c94c0ff-94e1-3c73-70b1-3c2774333b48,272905:10,10,منطقه 10,MUNICIPAL_AREA,2025-04-21,1404-02,290,اردیبهشت - 1404,70000000,70013224.73,60444444.44,80442028.98,3950000000,20574,DIRECT,listing,metraj_all,3
3c94c0ff-94e1-3c73-70b1-3c2774333b48,272905:10,10,منطقه 10,MUNICIPAL_AREA,2025-05-22,1404-03,291,خرداد - 1404,72380952.38,72392683.41,62500002.91,82978723.4,4050000000,21965,DIRECT,listing,metraj_all,3
3c94c0ff-94e1-3c73-70b1-3c2774333b48,272905:10,10,منطقه 10,MUNICIPAL_AREA,2025-06-22,1404-04,292,تیر - 1404,72222222.22,72231992.41,62500000,83333333.33,4049999872,27507,DIRECT,listing,metraj_all,3
3c94c0ff-94e1-3c73-70b1-3c2774333b48,272905:10,10,منطقه 10,MUNICIPAL_AREA,2025-07-23,1404-05,293,مرداد - 1404,71621621.62,71631453.08,61666666.67,83076923.08,3950000000,27895,DIRECT,listing,metraj_all,3
3c94c0ff-94e1-3c73-70b1-3c2774333b48,272905:10,10,منطقه 10,MUNICIPAL_AREA,2025-08-23,1404-06,294,شهریور - 1404,70769230.77,70777975.23,60869565.22,82400000,3890000000,31988,DIRECT,listing,metraj_all,3
3c94c0ff-94e1-3c73-70b1-3c2774333b48,272905:10,10,منطقه 10,MUNICIPAL_AREA,2025-09-23,1404-07,295,مهر - 1404,70833333.33,70841276.29,60535714.29,82222222.22,3850000000,36710,DIRECT,listing,metraj_all,3
3c94c0ff-94e1-3c73-70b1-3c2774333b48,272905:10,10,منطقه 10,MUNICIPAL_AREA,2025-10-23,1404-08,296,آبان - 1404,71511627.91,71518865.94,61111111.11,82727272.73,3950000000,41956,DIRECT,listing,metraj_all,3
3c94c0ff-94e1-3c73-70b1-3c2774333b48,272905:10,10,منطقه 10,MUNICIPAL_AREA,2025-11-22,1404-09,297,آذر - 1404,72342087.77,72349601.64,62096774.19,83870967.74,4050000000,44262,DIRECT,listing,metraj_all,3
3c94c0ff-94e1-3c73-70b1-3c2774333b48,272905:10,10,منطقه 10,MUNICIPAL_AREA,2025-12-22,1404-10,298,دی - 1404,74285714.29,74293935.6,64000000,86956521.74,4200000000,43905,DIRECT,listing,metraj_all,3
3c94c0ff-94e1-3c73-70b1-3c2774333b48,272905:10,10,منطقه 10,MUNICIPAL_AREA,2026-01-21,1404-11,299,بهمن - 1404,80000000,80008929.09,68181818.18,96366930.17,4600000000,44448,DIRECT,listing,metraj_all,3
3c94c0ff-94e1-3c73-70b1-3c2774333b48,272905:10,10,منطقه 10,MUNICIPAL_AREA,2026-02-20,1404-12,300,اسفند - 1404,87272727.27,87284262.09,73346994.54,104166666.67,5100000000,33911,DIRECT,listing,metraj_all,3
3c94c0ff-94e1-3c73-70b1-3c2774333b48,272905:10,10,منطقه 10,MUNICIPAL_AREA,2026-03-21,1405-01,301,فروردین - 1405,97266500.62,97281239.12,81744306.42,113750000,5650000000,25592,DIRECT,listing,metraj_all,3
3c94c0ff-94e1-3c73-70b1-3c2774333b48,272905:10,10,منطقه 10,MUNICIPAL_AREA,2026-04-21,1405-02,302,اردیبهشت - 1405,117913557.22,117929024.73,100000000,140000000,6970000000,28234,DIRECT,listing,metraj_all,3
3c94c0ff-94e1-3c73-70b1-3c2774333b48,272905:10,10,منطقه 10,MUNICIPAL_AREA,2026-05-22,1405-03,303,خرداد - 1405,131578947.37,131591395.48,110526315.79,156363636.36,7650000000,42905,DIRECT,listing,metraj_all,3
3c94c0ff-94e1-3c73-70b1-3c2774333b48,272905:10,10,منطقه 10,MUNICIPAL_AREA,2026-06-22,1405-04,304,تیر - 1405,136290322.58,136304033.07,115384615.38,161016949.15,7900000000,42811,DIRECT,listing,metraj_all,3
3c94c0ff-94e1-3c73-70b1-3c2774333b48,272905:10,10,منطقه 10,MUNICIPAL_AREA,2026-07-23,1405-05,305,مرداد - 1405,144230769.23,144245756.63,123809523.81,168750000,8160000000,43873,DIRECT,listing,metraj_all,3
7ec6174a-b77f-7483-2e27-661eaab9f4d7,272905:11,11,منطقه 11,MUNICIPAL_AREA,2021-08-23,1400-06,246,شهریور - 1400,22500000,22521921.27,17800608.83,29753437.65,1459000000,1428,DIRECT,listing,metraj_all,3
7ec6174a-b77f-7483-2e27-661eaab9f4d7,272905:11,11,منطقه 11,MUNICIPAL_AREA,2021-09-23,1400-07,247,مهر - 1400,23055315.48,23078003.12,18055555.56,29908536.59,1495000000,1300,DIRECT,listing,metraj_all,3
7ec6174a-b77f-7483-2e27-661eaab9f4d7,272905:11,11,منطقه 11,MUNICIPAL_AREA,2021-10-23,1400-08,248,آبان - 1400,23333333.33,23354455.91,18400000,30000000,1500000000,1309,DIRECT,listing,metraj_all,3
7ec6174a-b77f-7483-2e27-661eaab9f4d7,272905:11,11,منطقه 11,MUNICIPAL_AREA,2021-11-22,1400-09,249,آذر - 1400,23493975.9,23510187.66,18653333.33,30000000,1500000000,1433,DIRECT,listing,metraj_all,3
7ec6174a-b77f-7483-2e27-661eaab9f4d7,272905:11,11,منطقه 11,MUNICIPAL_AREA,2021-12-22,1400-10,250,دی - 1400,23728813.56,23748068.74,18888888.89,30000000,1512000000,1316,DIRECT,listing,metraj_all,3
7ec6174a-b77f-7483-2e27-661eaab9f4d7,272905:11,11,منطقه 11,MUNICIPAL_AREA,2022-01-21,1400-11,251,بهمن - 1400,24082491.58,24099468.45,19157863.85,31111111.11,1532000000,1414,DIRECT,listing,metraj_all,3
7ec6174a-b77f-7483-2e27-661eaab9f4d7,272905:11,11,منطقه 11,MUNICIPAL_AREA,2022-02-20,1400-12,252,اسفند - 1400,24580796.25,24600464.55,19736842.11,32642288.86,1510000000,1220,DIRECT,listing,metraj_all,3
7ec6174a-b77f-7483-2e27-661eaab9f4d7,272905:11,11,منطقه 11,MUNICIPAL_AREA,2022-03-21,1401-01,253,فروردین - 1401,25000000,25032232.26,20000000,33333333.33,1550000000,1241,DIRECT,listing,metraj_all,3
7ec6174a-b77f-7483-2e27-661eaab9f4d7,272905:11,11,منطقه 11,MUNICIPAL_AREA,2022-04-21,1401-02,254,اردیبهشت - 1401,26715918.9,26793580.75,21824162.68,33503865.98,1650000000,1550,DIRECT,listing,metraj_all,3
7ec6174a-b77f-7483-2e27-661eaab9f4d7,272905:11,11,منطقه 11,MUNICIPAL_AREA,2022-05-22,1401-03,255,خرداد - 1401,28461538.46,28506780.14,23694581.28,35398684.21,1800000000,2786,DIRECT,listing,metraj_all,3
7ec6174a-b77f-7483-2e27-661eaab9f4d7,272905:11,11,منطقه 11,MUNICIPAL_AREA,2022-06-22,1401-04,256,تیر - 1401,30000000,30033633.46,25000000,37288135.59,1900000000,3765,DIRECT,listing,metraj_all,3
7ec6174a-b77f-7483-2e27-661eaab9f4d7,272905:11,11,منطقه 11,MUNICIPAL_AREA,2022-07-23,1401-05,257,مرداد - 1401,31481481.48,31510008.84,25961538.46,39101086.05,2018000000,4244,DIRECT,listing,metraj_all,3
7ec6174a-b77f-7483-2e27-661eaab9f4d7,272905:11,11,منطقه 11,MUNICIPAL_AREA,2022-08-23,1401-06,258,شهریور - 1401,33333333.33,33362897.26,27142857.14,41000000,2100000000,4500,DIRECT,listing,metraj_all,3
7ec6174a-b77f-7483-2e27-661eaab9f4d7,272905:11,11,منطقه 11,MUNICIPAL_AREA,2022-09-23,1401-07,259,مهر - 1401,34000000,34043751.07,27649231.68,41434624.7,2100000000,3147,DIRECT,listing,metraj_all,3
7ec6174a-b77f-7483-2e27-661eaab9f4d7,272905:11,11,منطقه 11,MUNICIPAL_AREA,2022-10-23,1401-08,260,آبان - 1401,34810126.58,34892885.31,27777777.78,42028037.39,2100000000,1803,DIRECT,listing,metraj_all,3
7ec6174a-b77f-7483-2e27-661eaab9f4d7,272905:11,11,منطقه 11,MUNICIPAL_AREA,2022-11-22,1401-09,261,آذر - 1401,38307692.31,38821622.18,30842198.58,46666666.67,2376000000,463,DIRECT,listing,metraj_all,3
7ec6174a-b77f-7483-2e27-661eaab9f4d7,272905:11,11,منطقه 11,MUNICIPAL_AREA,2022-12-22,1401-10,262,دی - 1401,38021739.13,38152016.41,30162633.36,47169811.32,2400000000,1532,DIRECT,listing,metraj_all,3
7ec6174a-b77f-7483-2e27-661eaab9f4d7,272905:11,11,منطقه 11,MUNICIPAL_AREA,2023-01-21,1401-11,263,بهمن - 1401,38805970.15,38853876.72,30000000,49029034.69,2550000000,3659,DIRECT,listing,metraj_all,3
7ec6174a-b77f-7483-2e27-661eaab9f4d7,272905:11,11,منطقه 11,MUNICIPAL_AREA,2023-02-20,1401-12,264,اسفند - 1401,39325842.7,39358866.21,29548846.68,50000000,2600000000,4007,DIRECT,listing,metraj_all,3
7ec6174a-b77f-7483-2e27-661eaab9f4d7,272905:11,11,منطقه 11,MUNICIPAL_AREA,2023-03-21,1402-01,265,فروردین - 1402,40000000,40041673.24,29371675.53,50909090.91,2700000000,2952,DIRECT,listing,metraj_all,3
7ec6174a-b77f-7483-2e27-661eaab9f4d7,272905:11,11,منطقه 11,MUNICIPAL_AREA,2023-04-21,1402-02,266,اردیبهشت - 1402,58333333.33,58387972.61,47460697.62,70000000,3540000000,5023,DIRECT,listing,metraj_all,3
7ec6174a-b77f-7483-2e27-661eaab9f4d7,272905:11,11,منطقه 11,MUNICIPAL_AREA,2023-05-22,1402-03,267,خرداد - 1402,60344827.59,60385797.57,50943396.23,72222222.22,3650000000,8250,DIRECT,listing,metraj_all,3
7ec6174a-b77f-7483-2e27-661eaab9f4d7,272905:11,11,منطقه 11,MUNICIPAL_AREA,2023-06-22,1402-04,268,تیر - 1402,60000000,60027219.93,50000000,72222222.22,3600000000,12389,DIRECT,listing,metraj_all,3
7ec6174a-b77f-7483-2e27-661eaab9f4d7,272905:11,11,منطقه 11,MUNICIPAL_AREA,2023-07-23,1402-05,269,مرداد - 1402,59090909.09,59119543.39,50000000,71639344.26,3555000000,11609,DIRECT,listing,metraj_all,3
7ec6174a-b77f-7483-2e27-661eaab9f4d7,272905:11,11,منطقه 11,MUNICIPAL_AREA,2023-08-23,1402-06,270,شهریور - 1402,58000000,58030125.88,48362328.54,70731707.32,3500000000,10642,DIRECT,listing,metraj_all,3
7ec6174a-b77f-7483-2e27-661eaab9f4d7,272905:11,11,منطقه 11,MUNICIPAL_AREA,2023-09-23,1402-07,271,مهر - 1402,56976744.19,57010966.37,47500000,70000000,3450000000,9124,DIRECT,listing,metraj_all,3
7ec6174a-b77f-7483-2e27-661eaab9f4d7,272905:11,11,منطقه 11,MUNICIPAL_AREA,2023-10-23,1402-08,272,آبان - 1402,56481481.48,56519040.79,46988372.1,70000000,3410000000,8311,DIRECT,listing,metraj_all,3
7ec6174a-b77f-7483-2e27-661eaab9f4d7,272905:11,11,منطقه 11,MUNICIPAL_AREA,2023-11-22,1402-09,273,آذر - 1402,56363636.36,56407212.62,46583125.78,70000000,3400000000,7223,DIRECT,listing,metraj_all,3
7ec6174a-b77f-7483-2e27-661eaab9f4d7,272905:11,11,منطقه 11,MUNICIPAL_AREA,2023-12-22,1402-10,274,دی - 1402,56818181.82,56864240.63,46875000.85,70184770.44,3406400000,6760,DIRECT,listing,metraj_all,3
7ec6174a-b77f-7483-2e27-661eaab9f4d7,272905:11,11,منطقه 11,MUNICIPAL_AREA,2024-01-21,1402-11,275,بهمن - 1402,58333333.33,58379665.37,47765957.45,72545454.55,3600000000,6465,DIRECT,listing,metraj_all,3
7ec6174a-b77f-7483-2e27-661eaab9f4d7,272905:11,11,منطقه 11,MUNICIPAL_AREA,2024-02-20,1402-12,276,اسفند - 1402,60000000,60048718.77,48979591.84,74025974.03,3700000000,6113,DIRECT,listing,metraj_all,3
7ec6174a-b77f-7483-2e27-661eaab9f4d7,272905:11,11,منطقه 11,MUNICIPAL_AREA,2024-03-20,1403-01,277,فروردین - 1403,62500000,62549665.88,50941176.47,77130750.61,3950000000,5527,DIRECT,listing,metraj_all,3
7ec6174a-b77f-7483-2e27-661eaab9f4d7,272905:11,11,منطقه 11,MUNICIPAL_AREA,2024-04-20,1403-02,278,اردیبهشت - 1403,65222332.02,65262858.14,53846153.85,80328647.42,4100000000,6104,DIRECT,listing,metraj_all,3
7ec6174a-b77f-7483-2e27-661eaab9f4d7,272905:11,11,منطقه 11,MUNICIPAL_AREA,2024-05-21,1403-03,279,خرداد - 1403,66037735.85,66069005.33,54807692.31,82500000,4200000000,7055,DIRECT,listing,metraj_all,3
7ec6174a-b77f-7483-2e27-661eaab9f4d7,272905:11,11,منطقه 11,MUNICIPAL_AREA,2024-06-21,1403-04,280,تیر - 1403,66000000,66029960.01,54666666.67,82352941.18,4200000000,7452,DIRECT,listing,metraj_all,3
7ec6174a-b77f-7483-2e27-661eaab9f4d7,272905:11,11,منطقه 11,MUNICIPAL_AREA,2024-07-22,1403-05,281,مرداد - 1403,65000000,65026277.78,53511142.72,80952380.95,4000000000,8199,DIRECT,listing,metraj_all,3
7ec6174a-b77f-7483-2e27-661eaab9f4d7,272905:11,11,منطقه 11,MUNICIPAL_AREA,2024-08-22,1403-06,282,شهریور - 1403,64655172.41,64680958.45,52454018.39,80291970.8,4000000000,7968,DIRECT,listing,metraj_all,3
7ec6174a-b77f-7483-2e27-661eaab9f4d7,272905:11,11,منطقه 11,MUNICIPAL_AREA,2024-09-22,1403-07,283,مهر - 1403,63750003.2,63773125.8,51703941.68,80000000,3940000000,8932,DIRECT,listing,metraj_all,3
7ec6174a-b77f-7483-2e27-661eaab9f4d7,272905:11,11,منطقه 11,MUNICIPAL_AREA,2024-10-22,1403-08,284,آبان - 1403,62805603.61,62831806.92,51015306.76,79781461.32,3899999936,8036,DIRECT,listing,metraj_all,3
7ec6174a-b77f-7483-2e27-661eaab9f4d7,272905:11,11,منطقه 11,MUNICIPAL_AREA,2024-11-21,1403-09,285,آذر - 1403,62500000,62526814.21,50626865.67,80000000,3900000000,8381,DIRECT,listing,metraj_all,3
7ec6174a-b77f-7483-2e27-661eaab9f4d7,272905:11,11,منطقه 11,MUNICIPAL_AREA,2024-12-21,1403-10,286,دی - 1403,63106793.63,63135130.41,51183554.82,80952385.02,4000000000,8132,DIRECT,listing,metraj_all,3
7ec6174a-b77f-7483-2e27-661eaab9f4d7,272905:11,11,منطقه 11,MUNICIPAL_AREA,2025-01-20,1403-11,287,بهمن - 1403,64285711.15,64314209.5,52380952.38,83333330.24,4100000000,8372,DIRECT,listing,metraj_all,3
7ec6174a-b77f-7483-2e27-661eaab9f4d7,272905:11,11,منطقه 11,MUNICIPAL_AREA,2025-02-19,1403-12,288,اسفند - 1403,64516129.03,64550772.68,52777775.41,84285717.94,4200000000,7827,DIRECT,listing,metraj_all,3
7ec6174a-b77f-7483-2e27-661eaab9f4d7,272905:11,11,منطقه 11,MUNICIPAL_AREA,2025-03-21,1404-01,289,فروردین - 1404,64999997.44,65043989.09,53333333.33,84374997.33,4200000000,6389,DIRECT,listing,metraj_all,3
7ec6174a-b77f-7483-2e27-661eaab9f4d7,272905:11,11,منطقه 11,MUNICIPAL_AREA,2025-04-21,1404-02,290,اردیبهشت - 1404,66666666.67,66715028.68,54999997.22,84090909.09,4250000000,6308,DIRECT,listing,metraj_all,3
7ec6174a-b77f-7483-2e27-661eaab9f4d7,272905:11,11,منطقه 11,MUNICIPAL_AREA,2025-05-22,1404-03,291,خرداد - 1404,69117647.06,69157927.56,56816534.92,86483375.96,4400000000,7200,DIRECT,listing,metraj_all,3
7ec6174a-b77f-7483-2e27-661eaab9f4d7,272905:11,11,منطقه 11,MUNICIPAL_AREA,2025-06-22,1404-04,292,تیر - 1404,69718309.86,69752257.57,56944444.44,86895003.9,4400000000,8647,DIRECT,listing,metraj_all,3
7ec6174a-b77f-7483-2e27-661eaab9f4d7,272905:11,11,منطقه 11,MUNICIPAL_AREA,2025-07-23,1404-05,293,مرداد - 1404,69684550.43,69718943.61,56666666.67,87873376.63,4300000000,8530,DIRECT,listing,metraj_all,3
7ec6174a-b77f-7483-2e27-661eaab9f4d7,272905:11,11,منطقه 11,MUNICIPAL_AREA,2025-08-23,1404-06,294,شهریور - 1404,68918918.92,68951990.81,56153846.15,86363636.36,4250000000,9010,DIRECT,listing,metraj_all,3
7ec6174a-b77f-7483-2e27-661eaab9f4d7,272905:11,11,منطقه 11,MUNICIPAL_AREA,2025-09-23,1404-07,295,مهر - 1404,69230769.23,69260650.85,56818181.82,87006493.51,4280000000,10287,DIRECT,listing,metraj_all,3
7ec6174a-b77f-7483-2e27-661eaab9f4d7,272905:11,11,منطقه 11,MUNICIPAL_AREA,2025-10-23,1404-08,296,آبان - 1404,70000000,70027495.68,57446808.51,88709677.42,4400000000,11587,DIRECT,listing,metraj_all,3
7ec6174a-b77f-7483-2e27-661eaab9f4d7,272905:11,11,منطقه 11,MUNICIPAL_AREA,2025-11-22,1404-09,297,آذر - 1404,71000000,71028145.31,58433919.02,90769230.77,4500000000,12286,DIRECT,listing,metraj_all,3
7ec6174a-b77f-7483-2e27-661eaab9f4d7,272905:11,11,منطقه 11,MUNICIPAL_AREA,2025-12-22,1404-10,298,دی - 1404,73333333.33,73364699.74,60000000,95294117.65,4700000000,11804,DIRECT,listing,metraj_all,3
7ec6174a-b77f-7483-2e27-661eaab9f4d7,272905:11,11,منطقه 11,MUNICIPAL_AREA,2026-01-21,1404-11,299,بهمن - 1404,77326460.48,77360829.81,63174603.17,100000000,5135000000,12318,DIRECT,listing,metraj_all,3
7ec6174a-b77f-7483-2e27-661eaab9f4d7,272905:11,11,منطقه 11,MUNICIPAL_AREA,2026-02-20,1404-12,300,اسفند - 1404,80392156.86,80441569.21,65000000,104000000,5330000000,9301,DIRECT,listing,metraj_all,3
7ec6174a-b77f-7483-2e27-661eaab9f4d7,272905:11,11,منطقه 11,MUNICIPAL_AREA,2026-03-21,1405-01,301,فروردین - 1405,85333333.33,85403872.55,67857142.86,109466571.84,5600000000,7031,DIRECT,listing,metraj_all,3
7ec6174a-b77f-7483-2e27-661eaab9f4d7,272905:11,11,منطقه 11,MUNICIPAL_AREA,2026-04-21,1405-02,302,اردیبهشت - 1405,110000000,110068662.67,88000000,140000000,7200000000,7505,DIRECT,listing,metraj_all,3
7ec6174a-b77f-7483-2e27-661eaab9f4d7,272905:11,11,منطقه 11,MUNICIPAL_AREA,2026-05-22,1405-03,303,خرداد - 1405,124000000,124048683.16,100000000,157500000,7950000000,12520,DIRECT,listing,metraj_all,3
7ec6174a-b77f-7483-2e27-661eaab9f4d7,272905:11,11,منطقه 11,MUNICIPAL_AREA,2026-06-22,1405-04,304,تیر - 1405,127450980.39,127502881.28,103472222.22,162000000,8100000000,13005,DIRECT,listing,metraj_all,3
7ec6174a-b77f-7483-2e27-661eaab9f4d7,272905:11,11,منطقه 11,MUNICIPAL_AREA,2026-07-23,1405-05,305,مرداد - 1405,131846590.91,131902881.18,108196721.31,171728876.13,8500000000,13874,DIRECT,listing,metraj_all,3
cbde05c0-583f-78ee-2e47-152941edafa0,272905:12,12,منطقه 12,MUNICIPAL_AREA,2021-08-23,1400-06,246,شهریور - 1400,20000000,20045916.15,14761904.76,31250000,1500000000,1221,DIRECT,listing,metraj_all,3
cbde05c0-583f-78ee-2e47-152941edafa0,272905:12,12,منطقه 12,MUNICIPAL_AREA,2021-09-23,1400-07,247,مهر - 1400,21232876.71,21276502.91,15086206.9,37000000,1610000000,1089,DIRECT,listing,metraj_all,3
cbde05c0-583f-78ee-2e47-152941edafa0,272905:12,12,منطقه 12,MUNICIPAL_AREA,2021-10-23,1400-08,248,آبان - 1400,21604938.27,21647810.67,15454545.45,34679673.85,1650000000,1043,DIRECT,listing,metraj_all,3
cbde05c0-583f-78ee-2e47-152941edafa0,272905:12,12,منطقه 12,MUNICIPAL_AREA,2021-11-22,1400-09,249,آذر - 1400,21818181.82,21849722.67,15789473.68,33333333.33,1600000000,1263,DIRECT,listing,metraj_all,3
cbde05c0-583f-78ee-2e47-152941edafa0,272905:12,12,منطقه 12,MUNICIPAL_AREA,2021-12-22,1400-10,250,دی - 1400,21644144.15,21682987.59,15454545.45,32000000,1562000000,1184,DIRECT,listing,metraj_all,3
cbde05c0-583f-78ee-2e47-152941edafa0,272905:12,12,منطقه 12,MUNICIPAL_AREA,2022-01-21,1400-11,251,بهمن - 1400,22000000,22035294.11,16000000,32000000,1500000000,1265,DIRECT,listing,metraj_all,3
cbde05c0-583f-78ee-2e47-152941edafa0,272905:12,12,منطقه 12,MUNICIPAL_AREA,2022-02-20,1400-12,252,اسفند - 1400,22222222.22,22270385.28,16000000,32988636.36,1500000000,982,DIRECT,listing,metraj_all,3
cbde05c0-583f-78ee-2e47-152941edafa0,272905:12,12,منطقه 12,MUNICIPAL_AREA,2022-03-21,1401-01,253,فروردین - 1401,23000000,23061805.9,16666666.67,35192372.88,1504000000,966,DIRECT,listing,metraj_all,3
cbde05c0-583f-78ee-2e47-152941edafa0,272905:12,12,منطقه 12,MUNICIPAL_AREA,2022-04-21,1401-02,254,اردیبهشت - 1401,25000000,25133248.25,18325000,38089027.99,1700000000,1028,DIRECT,listing,metraj_all,3
cbde05c0-583f-78ee-2e47-152941edafa0,272905:12,12,منطقه 12,MUNICIPAL_AREA,2022-05-22,1401-03,255,خرداد - 1401,26111111.11,26192148.39,20000000,38000000,1800000000,1841,DIRECT,listing,metraj_all,3
cbde05c0-583f-78ee-2e47-152941edafa0,272905:12,12,منطقه 12,MUNICIPAL_AREA,2022-06-22,1401-04,256,تیر - 1401,27083333.33,27149073.52,20909090.91,39108910.89,1900000000,2365,DIRECT,listing,metraj_all,3
cbde05c0-583f-78ee-2e47-152941edafa0,272905:12,12,منطقه 12,MUNICIPAL_AREA,2022-07-23,1401-05,257,مرداد - 1401,28125000,28181232.38,21844660.19,40000000,1950000000,2745,DIRECT,listing,metraj_all,3
cbde05c0-583f-78ee-2e47-152941edafa0,272905:12,12,منطقه 12,MUNICIPAL_AREA,2022-08-23,1401-06,258,شهریور - 1401,29340579.71,29407065.08,22814430.44,40167593.68,2000000000,2596,DIRECT,listing,metraj_all,3
cbde05c0-583f-78ee-2e47-152941edafa0,272905:12,12,منطقه 12,MUNICIPAL_AREA,2022-09-23,1401-07,259,مهر - 1401,29473684.21,29576883.58,23076923.08,40000000,2000000000,1767,DIRECT,listing,metraj_all,3
cbde05c0-583f-78ee-2e47-152941edafa0,272905:12,12,منطقه 12,MUNICIPAL_AREA,2022-10-23,1401-08,260,آبان - 1401,29473684.21,29700699.83,23333333.33,40000000,2000000000,886,DIRECT,listing,metraj_all,3
cbde05c0-583f-78ee-2e47-152941edafa0,272905:12,12,منطقه 12,MUNICIPAL_AREA,2022-11-22,1401-09,261,آذر - 1401,30000000,32280879.39,24432989.69,44285714.29,2150000000,133,DIRECT,listing,metraj_all,3
cbde05c0-583f-78ee-2e47-152941edafa0,272905:12,12,منطقه 12,MUNICIPAL_AREA,2022-12-22,1401-10,262,دی - 1401,33082579.19,33461790.04,25079787.24,45738636.36,2300000000,650,DIRECT,listing,metraj_all,3
cbde05c0-583f-78ee-2e47-152941edafa0,272905:12,12,منطقه 12,MUNICIPAL_AREA,2023-01-21,1401-11,263,بهمن - 1401,35000000,35169436.53,26190476.19,50000000,2465000000,1252,DIRECT,listing,metraj_all,3
cbde05c0-583f-78ee-2e47-152941edafa0,272905:12,12,منطقه 12,MUNICIPAL_AREA,2023-02-20,1401-12,264,اسفند - 1401,36000000,36117253.61,26744186.05,51724137.93,2580000000,1405,DIRECT,listing,metraj_all,3
cbde05c0-583f-78ee-2e47-152941edafa0,272905:12,12,منطقه 12,MUNICIPAL_AREA,2023-03-21,1402-01,265,فروردین - 1402,37500000,37665112.51,27941176.47,55555555.56,2720000000,889,DIRECT,listing,metraj_all,3
cbde05c0-583f-78ee-2e47-152941edafa0,272905:12,12,منطقه 12,MUNICIPAL_AREA,2023-04-21,1402-02,266,اردیبهشت - 1402,50000000,50248842.25,39015625,71916666.67,3460000000,1430,DIRECT,listing,metraj_all,3
cbde05c0-583f-78ee-2e47-152941edafa0,272905:12,12,منطقه 12,MUNICIPAL_AREA,2023-05-22,1402-03,267,خرداد - 1402,54522727.28,54689519.96,42276867.03,75000000,3655000000,2368,DIRECT,listing,metraj_all,3
cbde05c0-583f-78ee-2e47-152941edafa0,272905:12,12,منطقه 12,MUNICIPAL_AREA,2023-06-22,1402-04,268,تیر - 1402,54216867.47,54325266.49,42142857.14,74285714.29,3550000000,3637,DIRECT,listing,metraj_all,3
cbde05c0-583f-78ee-2e47-152941edafa0,272905:12,12,منطقه 12,MUNICIPAL_AREA,2023-07-23,1402-05,269,مرداد - 1402,54487179.49,54593120.52,42045454.55,74074074.07,3500000000,3565,DIRECT,listing,metraj_all,3
cbde05c0-583f-78ee-2e47-152941edafa0,272905:12,12,منطقه 12,MUNICIPAL_AREA,2023-08-23,1402-06,270,شهریور - 1402,52500000,52611841.97,40953508.77,72857142.86,3400000000,3351,DIRECT,listing,metraj_all,3
cbde05c0-583f-78ee-2e47-152941edafa0,272905:12,12,منطقه 12,MUNICIPAL_AREA,2023-09-23,1402-07,271,مهر - 1402,52000000,52119984.37,40000000,73112980.77,3385000000,3010,DIRECT,listing,metraj_all,3
cbde05c0-583f-78ee-2e47-152941edafa0,272905:12,12,منطقه 12,MUNICIPAL_AREA,2023-10-23,1402-08,272,آبان - 1402,52000000,52122002.67,39622641.51,74137931.03,3500000000,2919,DIRECT,listing,metraj_all,3
cbde05c0-583f-78ee-2e47-152941edafa0,272905:12,12,منطقه 12,MUNICIPAL_AREA,2023-11-22,1402-09,273,آذر - 1402,52181818.18,52306427.34,39816498.32,75000000,3500000000,2855,DIRECT,listing,metraj_all,3
cbde05c0-583f-78ee-2e47-152941edafa0,272905:12,12,منطقه 12,MUNICIPAL_AREA,2023-12-22,1402-10,274,دی - 1402,52069063.93,52191029.07,39511278.19,75000000,3500000000,2936,DIRECT,listing,metraj_all,3
cbde05c0-583f-78ee-2e47-152941edafa0,272905:12,12,منطقه 12,MUNICIPAL_AREA,2024-01-21,1402-11,275,بهمن - 1402,52150786.31,52270358.49,40000000,75000000,3500000000,3016,DIRECT,listing,metraj_all,3
cbde05c0-583f-78ee-2e47-152941edafa0,272905:12,12,منطقه 12,MUNICIPAL_AREA,2024-02-20,1402-12,276,اسفند - 1402,52678571.43,52809896.74,39567786.07,77369721.48,3650000000,2819,DIRECT,listing,metraj_all,3
cbde05c0-583f-78ee-2e47-152941edafa0,272905:12,12,منطقه 12,MUNICIPAL_AREA,2024-03-20,1403-01,277,فروردین - 1403,55000000,55136772.18,41000000,79523809.52,3900000000,2549,DIRECT,listing,metraj_all,3
cbde05c0-583f-78ee-2e47-152941edafa0,272905:12,12,منطقه 12,MUNICIPAL_AREA,2024-04-20,1403-02,278,اردیبهشت - 1403,57534246.58,57666489.97,43333333.33,81129032.26,4000000000,2445,DIRECT,listing,metraj_all,3
cbde05c0-583f-78ee-2e47-152941edafa0,272905:12,12,منطقه 12,MUNICIPAL_AREA,2024-05-21,1403-03,279,خرداد - 1403,57894736.84,58019160.24,45454545.45,80000000,4000000000,2420,DIRECT,listing,metraj_all,3
cbde05c0-583f-78ee-2e47-152941edafa0,272905:12,12,منطقه 12,MUNICIPAL_AREA,2024-06-21,1403-04,280,تیر - 1403,57758620.69,57890962.99,46000000,79475197.7,3950000000,2302,DIRECT,listing,metraj_all,3
cbde05c0-583f-78ee-2e47-152941edafa0,272905:12,12,منطقه 12,MUNICIPAL_AREA,2024-07-22,1403-05,281,مرداد - 1403,56213017.75,56341709.61,45882352.94,74285714.29,3800000000,2349,DIRECT,listing,metraj_all,3
cbde05c0-583f-78ee-2e47-152941edafa0,272905:12,12,منطقه 12,MUNICIPAL_AREA,2024-08-22,1403-06,282,شهریور - 1403,55555555.56,55683506.04,45312500,70833333.33,3700000000,2309,DIRECT,listing,metraj_all,3
cbde05c0-583f-78ee-2e47-152941edafa0,272905:12,12,منطقه 12,MUNICIPAL_AREA,2024-09-22,1403-07,283,مهر - 1403,55128205.13,55236116.83,44999998.69,71428571.43,3700000000,2705,DIRECT,listing,metraj_all,3
cbde05c0-583f-78ee-2e47-152941edafa0,272905:12,12,منطقه 12,MUNICIPAL_AREA,2024-10-22,1403-08,284,آبان - 1403,54999997.94,55109549.68,44352911.12,72434212.21,3744000000,2627,DIRECT,listing,metraj_all,3
cbde05c0-583f-78ee-2e47-152941edafa0,272905:12,12,منطقه 12,MUNICIPAL_AREA,2024-11-21,1403-09,285,آذر - 1403,55000000,55105447.47,44444444.44,75000000,3849999872,2835,DIRECT,listing,metraj_all,3
cbde05c0-583f-78ee-2e47-152941edafa0,272905:12,12,منطقه 12,MUNICIPAL_AREA,2024-12-21,1403-10,286,دی - 1403,54999997.94,55114205.27,43869703.19,75073531.33,3800000000,2720,DIRECT,listing,metraj_all,3
cbde05c0-583f-78ee-2e47-152941edafa0,272905:12,12,منطقه 12,MUNICIPAL_AREA,2025-01-20,1403-11,287,بهمن - 1403,55941176.47,56058043.23,44444446.15,77945869.61,3950000128,2748,DIRECT,listing,metraj_all,3
cbde05c0-583f-78ee-2e47-152941edafa0,272905:12,12,منطقه 12,MUNICIPAL_AREA,2025-02-19,1403-12,288,اسفند - 1403,55527776.36,55684491.81,43508455.89,77945869.61,3849999872,2296,DIRECT,listing,metraj_all,3
cbde05c0-583f-78ee-2e47-152941edafa0,272905:12,12,منطقه 12,MUNICIPAL_AREA,2025-03-21,1404-01,289,فروردین - 1404,55555555.56,55768556.68,43364780.95,78452381.78,3900000000,1755,DIRECT,listing,metraj_all,3
cbde05c0-583f-78ee-2e47-152941edafa0,272905:12,12,منطقه 12,MUNICIPAL_AREA,2025-04-21,1404-02,290,اردیبهشت - 1404,56000000,56256195.04,43000000,78571428.57,3950000000,1599,DIRECT,listing,metraj_all,3
cbde05c0-583f-78ee-2e47-152941edafa0,272905:12,12,منطقه 12,MUNICIPAL_AREA,2025-05-22,1404-03,291,خرداد - 1404,60000000,60173769.98,46177884.61,85000000,4295000000,2186,DIRECT,listing,metraj_all,3
cbde05c0-583f-78ee-2e47-152941edafa0,272905:12,12,منطقه 12,MUNICIPAL_AREA,2025-06-22,1404-04,292,تیر - 1404,60925871.81,61059465.13,46688710.88,85760073.26,4400000000,2848,DIRECT,listing,metraj_all,3
cbde05c0-583f-78ee-2e47-152941edafa0,272905:12,12,منطقه 12,MUNICIPAL_AREA,2025-07-23,1404-05,293,مرداد - 1404,63235294.12,63349120.08,47619047.62,92000000,4500000000,3137,DIRECT,listing,metraj_all,3
cbde05c0-583f-78ee-2e47-152941edafa0,272905:12,12,منطقه 12,MUNICIPAL_AREA,2025-08-23,1404-06,294,شهریور - 1404,67857142.86,67939831.89,49397138.17,102251990.71,5000000000,3726,DIRECT,listing,metraj_all,3
cbde05c0-583f-78ee-2e47-152941edafa0,272905:12,12,منطقه 12,MUNICIPAL_AREA,2025-09-23,1404-07,295,مهر - 1404,73126797.21,73188039.42,51510863.35,111307692.31,5700000000,4378,DIRECT,listing,metraj_all,3
cbde05c0-583f-78ee-2e47-152941edafa0,272905:12,12,منطقه 12,MUNICIPAL_AREA,2025-10-23,1404-08,296,آبان - 1404,74468085.11,74522791.13,52226368.16,114111725.23,5800000000,5002,DIRECT,listing,metraj_all,3
cbde05c0-583f-78ee-2e47-152941edafa0,272905:12,12,منطقه 12,MUNICIPAL_AREA,2025-11-22,1404-09,297,آذر - 1404,72903225.81,72969281.65,52238805.97,113333333.33,5500000000,4941,DIRECT,listing,metraj_all,3
cbde05c0-583f-78ee-2e47-152941edafa0,272905:12,12,منطقه 12,MUNICIPAL_AREA,2025-12-22,1404-10,298,دی - 1404,72916666.67,72999224.37,53448275.86,112318840.58,5400000000,4529,DIRECT,listing,metraj_all,3
cbde05c0-583f-78ee-2e47-152941edafa0,272905:12,12,منطقه 12,MUNICIPAL_AREA,2026-01-21,1404-11,299,بهمن - 1404,72899011.3,73009749.48,54755639.1,109343750,5200000000,4216,DIRECT,listing,metraj_all,3
cbde05c0-583f-78ee-2e47-152941edafa0,272905:12,12,منطقه 12,MUNICIPAL_AREA,2026-02-20,1404-12,300,اسفند - 1404,73400240.87,73574010.56,55000000,109106914.21,5300000000,3040,DIRECT,listing,metraj_all,3
cbde05c0-583f-78ee-2e47-152941edafa0,272905:12,12,منطقه 12,MUNICIPAL_AREA,2026-03-21,1405-01,301,فروردین - 1405,86779661.02,86948086.92,59433962.26,163440860.22,6950000000,2853,DIRECT,listing,metraj_all,3
cbde05c0-583f-78ee-2e47-152941edafa0,272905:12,12,منطقه 12,MUNICIPAL_AREA,2026-04-21,1405-02,302,اردیبهشت - 1405,122438811.19,122547290.93,79379825.01,197900219.3,10000000000,3600,DIRECT,listing,metraj_all,3
cbde05c0-583f-78ee-2e47-152941edafa0,272905:12,12,منطقه 12,MUNICIPAL_AREA,2026-05-22,1405-03,303,خرداد - 1405,126515151.52,126630871.44,86666666.67,198615657.39,9800000000,5044,DIRECT,listing,metraj_all,3
cbde05c0-583f-78ee-2e47-152941edafa0,272905:12,12,منطقه 12,MUNICIPAL_AREA,2026-06-22,1405-04,304,تیر - 1405,122176684.88,122339236.91,87746674.06,192000000,9000000000,4470,DIRECT,listing,metraj_all,3
cbde05c0-583f-78ee-2e47-152941edafa0,272905:12,12,منطقه 12,MUNICIPAL_AREA,2026-07-23,1405-05,305,مرداد - 1405,124705882.35,124921108.48,89743589.74,185000000,8890000000,3953,DIRECT,listing,metraj_all,3
242b15af-a5fc-6303-cc74-5d9ab8437470,272905:13,13,منطقه 13,MUNICIPAL_AREA,2021-08-23,1400-06,246,شهریور - 1400,25675675.68,25675480.21,21132478.63,31342373.5,1750000000,1187,DIRECT,listing,metraj_all,3
242b15af-a5fc-6303-cc74-5d9ab8437470,272905:13,13,منطقه 13,MUNICIPAL_AREA,2021-09-23,1400-07,247,مهر - 1400,25633012.82,25636624.39,21000000,32000000,1706000000,1082,DIRECT,listing,metraj_all,3
242b15af-a5fc-6303-cc74-5d9ab8437470,272905:13,13,منطقه 13,MUNICIPAL_AREA,2021-10-23,1400-08,248,آبان - 1400,26229508.2,26228571.13,21875000,32066115.7,1790000000,1165,DIRECT,listing,metraj_all,3
242b15af-a5fc-6303-cc74-5d9ab8437470,272905:13,13,منطقه 13,MUNICIPAL_AREA,2021-11-22,1400-09,249,آذر - 1400,26415094.34,26410513.54,22000000,32000000,1784000000,1260,DIRECT,listing,metraj_all,3
242b15af-a5fc-6303-cc74-5d9ab8437470,272905:13,13,منطقه 13,MUNICIPAL_AREA,2021-12-22,1400-10,250,دی - 1400,26914734.05,26909213.25,22500000,32583992.1,1795000000,1136,DIRECT,listing,metraj_all,3
242b15af-a5fc-6303-cc74-5d9ab8437470,272905:13,13,منطقه 13,MUNICIPAL_AREA,2022-01-21,1400-11,251,بهمن - 1400,27068965.52,27064005.04,22641509.43,33400000,1800000000,1137,DIRECT,listing,metraj_all,3
242b15af-a5fc-6303-cc74-5d9ab8437470,272905:13,13,منطقه 13,MUNICIPAL_AREA,2022-02-20,1400-12,252,اسفند - 1400,27500000,27494720.14,23000000,33947368.42,1780000000,937,DIRECT,listing,metraj_all,3
242b15af-a5fc-6303-cc74-5d9ab8437470,272905:13,13,منطقه 13,MUNICIPAL_AREA,2022-03-21,1401-01,253,فروردین - 1401,28000000,28011099.53,23210714.28,35000000,1822000000,920,DIRECT,listing,metraj_all,3
242b15af-a5fc-6303-cc74-5d9ab8437470,272905:13,13,منطقه 13,MUNICIPAL_AREA,2022-04-21,1401-02,254,اردیبهشت - 1401,30000000,30088311.68,24829166.67,37500000,2000000000,990,DIRECT,listing,metraj_all,3
242b15af-a5fc-6303-cc74-5d9ab8437470,272905:13,13,منطقه 13,MUNICIPAL_AREA,2022-05-22,1401-03,255,خرداد - 1401,32954545.45,33007613.54,26851851.85,40000000,2400000000,1527,DIRECT,listing,metraj_all,3
242b15af-a5fc-6303-cc74-5d9ab8437470,272905:13,13,منطقه 13,MUNICIPAL_AREA,2022-06-22,1401-04,256,تیر - 1401,35015873.02,35056447.54,28869609.41,42857142.86,2600000000,1883,DIRECT,listing,metraj_all,3
242b15af-a5fc-6303-cc74-5d9ab8437470,272905:13,13,منطقه 13,MUNICIPAL_AREA,2022-07-23,1401-05,257,مرداد - 1401,37301587.3,37331391.14,30158730.16,45000000,2750000000,2109,DIRECT,listing,metraj_all,3
242b15af-a5fc-6303-cc74-5d9ab8437470,272905:13,13,منطقه 13,MUNICIPAL_AREA,2022-08-23,1401-06,258,شهریور - 1401,39024390.24,39058568.58,31951612.9,46666666.67,2850000000,2226,DIRECT,listing,metraj_all,3
242b15af-a5fc-6303-cc74-5d9ab8437470,272905:13,13,منطقه 13,MUNICIPAL_AREA,2022-09-23,1401-07,259,مهر - 1401,39393877.55,39446756.53,32142857.14,46937036.18,2850000000,1582,DIRECT,listing,metraj_all,3
242b15af-a5fc-6303-cc74-5d9ab8437470,272905:13,13,منطقه 13,MUNICIPAL_AREA,2022-10-23,1401-08,260,آبان - 1401,39756097.56,39870006.81,32500000,47222222.22,2850000000,873,DIRECT,listing,metraj_all,3
242b15af-a5fc-6303-cc74-5d9ab8437470,272905:13,13,منطقه 13,MUNICIPAL_AREA,2022-11-22,1401-09,261,آذر - 1401,40235294.12,40799054.35,30096153.85,50930735.93,3100000000,387,DIRECT,listing,metraj_all,3
242b15af-a5fc-6303-cc74-5d9ab8437470,272905:13,13,منطقه 13,MUNICIPAL_AREA,2022-12-22,1401-10,262,دی - 1401,39285714.29,39430631.77,29421487.6,50000000,3100000000,1289,DIRECT,listing,metraj_all,3
242b15af-a5fc-6303-cc74-5d9ab8437470,272905:13,13,منطقه 13,MUNICIPAL_AREA,2023-01-21,1401-11,263,بهمن - 1401,38000000,38057971.9,28000000,51048951.05,3300000000,3161,DIRECT,listing,metraj_all,3
242b15af-a5fc-6303-cc74-5d9ab8437470,272905:13,13,منطقه 13,MUNICIPAL_AREA,2023-02-20,1401-12,264,اسفند - 1401,37000000,37042939.65,28240740.74,51562500,3424000000,3621,DIRECT,listing,metraj_all,3
242b15af-a5fc-6303-cc74-5d9ab8437470,272905:13,13,منطقه 13,MUNICIPAL_AREA,2023-03-21,1402-01,265,فروردین - 1402,35638297.87,35699467.1,28108108.11,52307692.31,3500000000,2721,DIRECT,listing,metraj_all,3
242b15af-a5fc-6303-cc74-5d9ab8437470,272905:13,13,منطقه 13,MUNICIPAL_AREA,2023-04-21,1402-02,266,اردیبهشت - 1402,63589743.59,63660201.43,47849213.7,78323293.17,4350000000,3147,DIRECT,listing,metraj_all,3
242b15af-a5fc-6303-cc74-5d9ab8437470,272905:13,13,منطقه 13,MUNICIPAL_AREA,2023-05-22,1402-03,267,خرداد - 1402,70000000,70051723.75,60000000,83704811.92,4673000000,4666,DIRECT,listing,metraj_all,3
242b15af-a5fc-6303-cc74-5d9ab8437470,272905:13,13,منطقه 13,MUNICIPAL_AREA,2023-06-22,1402-04,268,تیر - 1402,70283649.99,70317443.68,60229048.3,85000000,4700000000,6934,DIRECT,listing,metraj_all,3
242b15af-a5fc-6303-cc74-5d9ab8437470,272905:13,13,منطقه 13,MUNICIPAL_AREA,2023-07-23,1402-05,269,مرداد - 1402,71276595.74,71308273.18,60658469.94,85106382.98,4650000000,6646,DIRECT,listing,metraj_all,3
242b15af-a5fc-6303-cc74-5d9ab8437470,272905:13,13,منطقه 13,MUNICIPAL_AREA,2023-08-23,1402-06,270,شهریور - 1402,70422535.21,70454165.24,60000000,85000000,4550000000,6208,DIRECT,listing,metraj_all,3
242b15af-a5fc-6303-cc74-5d9ab8437470,272905:13,13,منطقه 13,MUNICIPAL_AREA,2023-09-23,1402-07,271,مهر - 1402,69444444.44,69478192.35,59098883.57,82981707.32,4450000000,5558,DIRECT,listing,metraj_all,3
242b15af-a5fc-6303-cc74-5d9ab8437470,272905:13,13,منطقه 13,MUNICIPAL_AREA,2023-10-23,1402-08,272,آبان - 1402,69000000,69036576.69,58671768.71,83209570.96,4500000000,5112,DIRECT,listing,metraj_all,3
242b15af-a5fc-6303-cc74-5d9ab8437470,272905:13,13,منطقه 13,MUNICIPAL_AREA,2023-11-22,1402-09,273,آذر - 1402,69198717.95,69240422.47,58690306.49,84199561.41,4600000000,4470,DIRECT,listing,metraj_all,3
242b15af-a5fc-6303-cc74-5d9ab8437470,272905:13,13,منطقه 13,MUNICIPAL_AREA,2023-12-22,1402-10,274,دی - 1402,70000000,70042724.88,59000000,84510158.3,4800000000,4203,DIRECT,listing,metraj_all,3
242b15af-a5fc-6303-cc74-5d9ab8437470,272905:13,13,منطقه 13,MUNICIPAL_AREA,2024-01-21,1402-11,275,بهمن - 1402,70000000,70046272.91,59375000,84905660.38,4887000000,3952,DIRECT,listing,metraj_all,3
242b15af-a5fc-6303-cc74-5d9ab8437470,272905:13,13,منطقه 13,MUNICIPAL_AREA,2024-02-20,1402-12,276,اسفند - 1402,70000000,70056755.87,59368206.52,85000000,4900000000,3484,DIRECT,listing,metraj_all,3
242b15af-a5fc-6303-cc74-5d9ab8437470,272905:13,13,منطقه 13,MUNICIPAL_AREA,2024-03-20,1403-01,277,فروردین - 1403,72131147.54,72189409.2,60416666.67,87128712.87,5000000000,3057,DIRECT,listing,metraj_all,3
242b15af-a5fc-6303-cc74-5d9ab8437470,272905:13,13,منطقه 13,MUNICIPAL_AREA,2024-04-20,1403-02,278,اردیبهشت - 1403,76219512.2,76260282.87,63514830.51,92216312.06,5490000000,3370,DIRECT,listing,metraj_all,3
242b15af-a5fc-6303-cc74-5d9ab8437470,272905:13,13,منطقه 13,MUNICIPAL_AREA,2024-05-21,1403-03,279,خرداد - 1403,77525510.21,77551373.9,65131852.16,93750000,5500000000,4090,DIRECT,listing,metraj_all,3
242b15af-a5fc-6303-cc74-5d9ab8437470,272905:13,13,منطقه 13,MUNICIPAL_AREA,2024-06-21,1403-04,280,تیر - 1403,78260869.57,78284735.51,66000000,94838638.38,5500000000,4220,DIRECT,listing,metraj_all,3
242b15af-a5fc-6303-cc74-5d9ab8437470,272905:13,13,منطقه 13,MUNICIPAL_AREA,2024-07-22,1403-05,281,مرداد - 1403,77593103.45,77612520.24,65277777.78,93333333.33,5355000000,4614,DIRECT,listing,metraj_all,3
242b15af-a5fc-6303-cc74-5d9ab8437470,272905:13,13,منطقه 13,MUNICIPAL_AREA,2024-08-22,1403-06,282,شهریور - 1403,77130750.61,77149389.01,65000000,92592592.59,5350000000,4334,DIRECT,listing,metraj_all,3
242b15af-a5fc-6303-cc74-5d9ab8437470,272905:13,13,منطقه 13,MUNICIPAL_AREA,2024-09-22,1403-07,283,مهر - 1403,77167203.44,77181179.24,64285714.29,92592592.59,5385000000,5184,DIRECT,listing,metraj_all,3
242b15af-a5fc-6303-cc74-5d9ab8437470,272905:13,13,منطقه 13,MUNICIPAL_AREA,2024-10-22,1403-08,284,آبان - 1403,76666663.82,76681387.83,62805603.61,92307692.31,5299999744,4895,DIRECT,listing,metraj_all,3
242b15af-a5fc-6303-cc74-5d9ab8437470,272905:13,13,منطقه 13,MUNICIPAL_AREA,2024-11-21,1403-09,285,آذر - 1403,76595744.68,76611016.46,61818181.82,92916667.73,5299999744,5493,DIRECT,listing,metraj_all,3
242b15af-a5fc-6303-cc74-5d9ab8437470,272905:13,13,منطقه 13,MUNICIPAL_AREA,2024-12-21,1403-10,286,دی - 1403,76923076.92,76939908.2,62244895.35,93181818.18,5350000128,5489,DIRECT,listing,metraj_all,3
242b15af-a5fc-6303-cc74-5d9ab8437470,272905:13,13,منطقه 13,MUNICIPAL_AREA,2025-01-20,1403-11,287,بهمن - 1403,78823532.42,78839660.58,64000000,95294114.64,5600000000,5787,DIRECT,listing,metraj_all,3
242b15af-a5fc-6303-cc74-5d9ab8437470,272905:13,13,منطقه 13,MUNICIPAL_AREA,2025-02-19,1403-12,288,اسفند - 1403,78585714.84,78610928.11,64112636.9,95294114.64,5500000256,5178,DIRECT,listing,metraj_all,3
242b15af-a5fc-6303-cc74-5d9ab8437470,272905:13,13,منطقه 13,MUNICIPAL_AREA,2025-03-21,1404-01,289,فروردین - 1404,78248081.09,78284128.92,63953491.35,95000000,5400000000,4124,DIRECT,listing,metraj_all,3
242b15af-a5fc-6303-cc74-5d9ab8437470,272905:13,13,منطقه 13,MUNICIPAL_AREA,2025-04-21,1404-02,290,اردیبهشت - 1404,80246910.42,80286860.7,65240274.6,99999997.25,5400000000,4239,DIRECT,listing,metraj_all,3
242b15af-a5fc-6303-cc74-5d9ab8437470,272905:13,13,منطقه 13,MUNICIPAL_AREA,2025-05-22,1404-03,291,خرداد - 1404,84714050.51,84739749.74,69333333.33,105000000,5750000064,5222,DIRECT,listing,metraj_all,3
242b15af-a5fc-6303-cc74-5d9ab8437470,272905:13,13,منطقه 13,MUNICIPAL_AREA,2025-06-22,1404-04,292,تیر - 1404,86177210.29,86197306.08,70658727.6,106742226.29,6000000000,6424,DIRECT,listing,metraj_all,3
242b15af-a5fc-6303-cc74-5d9ab8437470,272905:13,13,منطقه 13,MUNICIPAL_AREA,2025-07-23,1404-05,293,مرداد - 1404,86746987.95,86766742.94,71250000,107777777.78,6000000000,6221,DIRECT,listing,metraj_all,3
242b15af-a5fc-6303-cc74-5d9ab8437470,272905:13,13,منطقه 13,MUNICIPAL_AREA,2025-08-23,1404-06,294,شهریور - 1404,87714285.71,87731794,72352941.18,109000000,6200000000,6293,DIRECT,listing,metraj_all,3
242b15af-a5fc-6303-cc74-5d9ab8437470,272905:13,13,منطقه 13,MUNICIPAL_AREA,2025-09-23,1404-07,295,مهر - 1404,89392156.86,89407579.54,73684210.53,110389610.39,6455000000,6868,DIRECT,listing,metraj_all,3
242b15af-a5fc-6303-cc74-5d9ab8437470,272905:13,13,منطقه 13,MUNICIPAL_AREA,2025-10-23,1404-08,296,آبان - 1404,91243556.7,91257300.48,75000000,113875620.13,6600000000,7734,DIRECT,listing,metraj_all,3
242b15af-a5fc-6303-cc74-5d9ab8437470,272905:13,13,منطقه 13,MUNICIPAL_AREA,2025-11-22,1404-09,297,آذر - 1404,93478260.87,93492778.18,76000000,116326530.61,6769000000,8345,DIRECT,listing,metraj_all,3
242b15af-a5fc-6303-cc74-5d9ab8437470,272905:13,13,منطقه 13,MUNICIPAL_AREA,2025-12-22,1404-10,298,دی - 1404,96913919.41,96930081.18,78947368.42,120000000,6900000000,8328,DIRECT,listing,metraj_all,3
242b15af-a5fc-6303-cc74-5d9ab8437470,272905:13,13,منطقه 13,MUNICIPAL_AREA,2026-01-21,1404-11,299,بهمن - 1404,103333333.33,103353342.66,83333333.33,129371289.81,7400000000,8168,DIRECT,listing,metraj_all,3
242b15af-a5fc-6303-cc74-5d9ab8437470,272905:13,13,منطقه 13,MUNICIPAL_AREA,2026-02-20,1404-12,300,اسفند - 1404,109090909.09,109119690.41,87000000,136074189.99,7600000000,6004,DIRECT,listing,metraj_all,3
242b15af-a5fc-6303-cc74-5d9ab8437470,272905:13,13,منطقه 13,MUNICIPAL_AREA,2026-03-21,1405-01,301,فروردین - 1405,120000000,120031185.02,96058823.53,147948700.03,8250000000,4800,DIRECT,listing,metraj_all,3
242b15af-a5fc-6303-cc74-5d9ab8437470,272905:13,13,منطقه 13,MUNICIPAL_AREA,2026-04-21,1405-02,302,اردیبهشت - 1405,142000000,142034283.71,113373983.74,177408307.56,10000000000,5707,DIRECT,listing,metraj_all,3
242b15af-a5fc-6303-cc74-5d9ab8437470,272905:13,13,منطقه 13,MUNICIPAL_AREA,2026-05-22,1405-03,303,خرداد - 1405,160326086.96,160355618.87,127142857.14,201030927.84,11500000000,8345,DIRECT,listing,metraj_all,3
242b15af-a5fc-6303-cc74-5d9ab8437470,272905:13,13,منطقه 13,MUNICIPAL_AREA,2026-06-22,1405-04,304,تیر - 1405,172132616.49,172161511.33,135384615.38,214523411.37,12245000000,7904,DIRECT,listing,metraj_all,3
242b15af-a5fc-6303-cc74-5d9ab8437470,272905:13,13,منطقه 13,MUNICIPAL_AREA,2026-07-23,1405-05,305,مرداد - 1405,181250000,181279703.48,150000000,222727272.73,12800000000,9669,DIRECT,listing,metraj_all,3
fa66bf31-710b-be2b-defd-7dae7e1e1371,272905:14,14,منطقه 14,MUNICIPAL_AREA,2021-08-23,1400-06,246,شهریور - 1400,21428571.43,21456635.93,17857142.86,26041666.67,1300000000,1495,DIRECT,listing,metraj_all,3
fa66bf31-710b-be2b-defd-7dae7e1e1371,272905:14,14,منطقه 14,MUNICIPAL_AREA,2021-09-23,1400-07,247,مهر - 1400,21951219.51,21979904.78,18000000,26980392.16,1340000000,1411,DIRECT,listing,metraj_all,3
fa66bf31-710b-be2b-defd-7dae7e1e1371,272905:14,14,منطقه 14,MUNICIPAL_AREA,2021-10-23,1400-08,248,آبان - 1400,22388059.7,22413722.3,18548387.1,27272727.27,1337500000,1444,DIRECT,listing,metraj_all,3
fa66bf31-710b-be2b-defd-7dae7e1e1371,272905:14,14,منطقه 14,MUNICIPAL_AREA,2021-11-22,1400-09,249,آذر - 1400,22619047.62,22638587.34,18792517.01,27397260.27,1350000000,1635,DIRECT,listing,metraj_all,3
fa66bf31-710b-be2b-defd-7dae7e1e1371,272905:14,14,منطقه 14,MUNICIPAL_AREA,2021-12-22,1400-10,250,دی - 1400,23008849.56,23030397.95,19354838.71,27647058.82,1380000000,1509,DIRECT,listing,metraj_all,3
fa66bf31-710b-be2b-defd-7dae7e1e1371,272905:14,14,منطقه 14,MUNICIPAL_AREA,2022-01-21,1400-11,251,بهمن - 1400,23038593.07,23060810.05,19493421.05,27884615.38,1430000000,1548,DIRECT,listing,metraj_all,3
fa66bf31-710b-be2b-defd-7dae7e1e1371,272905:14,14,منطقه 14,MUNICIPAL_AREA,2022-02-20,1400-12,252,اسفند - 1400,23333333.33,23363511.64,19672131.15,27976190.48,1450000000,1205,DIRECT,listing,metraj_all,3
fa66bf31-710b-be2b-defd-7dae7e1e1371,272905:14,14,منطقه 14,MUNICIPAL_AREA,2022-03-21,1401-01,253,فروردین - 1401,23684210.53,23730836.91,19756097.56,28000000,1450000000,1137,DIRECT,listing,metraj_all,3
fa66bf31-710b-be2b-defd-7dae7e1e1371,272905:14,14,منطقه 14,MUNICIPAL_AREA,2022-04-21,1401-02,254,اردیبهشت - 1401,25416666.67,25524587.04,20851063.83,30136986.3,1530000000,1233,DIRECT,listing,metraj_all,3
fa66bf31-710b-be2b-defd-7dae7e1e1371,272905:14,14,منطقه 14,MUNICIPAL_AREA,2022-05-22,1401-03,255,خرداد - 1401,27454545.45,27513690.39,23076923.08,33333333.33,1700000000,2299,DIRECT,listing,metraj_all,3
fa66bf31-710b-be2b-defd-7dae7e1e1371,272905:14,14,منطقه 14,MUNICIPAL_AREA,2022-06-22,1401-04,256,تیر - 1401,29032258.06,29077251.05,24596669.27,35000000,1800000000,3027,DIRECT,listing,metraj_all,3
fa66bf31-710b-be2b-defd-7dae7e1e1371,272905:14,14,منطقه 14,MUNICIPAL_AREA,2022-07-23,1401-05,257,مرداد - 1401,30000000,30038761.8,25510204.08,36363636.36,1876000000,3503,DIRECT,listing,metraj_all,3
fa66bf31-710b-be2b-defd-7dae7e1e1371,272905:14,14,منطقه 14,MUNICIPAL_AREA,2022-08-23,1401-06,258,شهریور - 1401,31578947.37,31621883.4,26818181.82,38000000,1950000000,3504,DIRECT,listing,metraj_all,3
fa66bf31-710b-be2b-defd-7dae7e1e1371,272905:14,14,منطقه 14,MUNICIPAL_AREA,2022-09-23,1401-07,259,مهر - 1401,31914893.62,31980019.87,27000000,38672955.98,1950000000,2431,DIRECT,listing,metraj_all,3
fa66bf31-710b-be2b-defd-7dae7e1e1371,272905:14,14,منطقه 14,MUNICIPAL_AREA,2022-10-23,1401-08,260,آبان - 1401,32653061.22,32781802.58,27599073.6,39170962.2,1985000000,1323,DIRECT,listing,metraj_all,3
fa66bf31-710b-be2b-defd-7dae7e1e1371,272905:14,14,منطقه 14,MUNICIPAL_AREA,2022-11-22,1401-09,261,آذر - 1401,36754385.97,37814311.76,30000000,45154109.59,2290500000,234,DIRECT,listing,metraj_all,3
fa66bf31-710b-be2b-defd-7dae7e1e1371,272905:14,14,منطقه 14,MUNICIPAL_AREA,2022-12-22,1401-10,262,دی - 1401,37247474.75,37472777.34,30207270.41,45000000,2300000000,916,DIRECT,listing,metraj_all,3
fa66bf31-710b-be2b-defd-7dae7e1e1371,272905:14,14,منطقه 14,MUNICIPAL_AREA,2023-01-21,1401-11,263,بهمن - 1401,40000000,40088269.88,32944518.72,49540416.73,2500000000,1846,DIRECT,listing,metraj_all,3
fa66bf31-710b-be2b-defd-7dae7e1e1371,272905:14,14,منطقه 14,MUNICIPAL_AREA,2023-02-20,1401-12,264,اسفند - 1401,41982142.86,42036271.65,34130952.38,52941176.47,2600000000,1950,DIRECT,listing,metraj_all,3
fa66bf31-710b-be2b-defd-7dae7e1e1371,272905:14,14,منطقه 14,MUNICIPAL_AREA,2023-03-21,1402-01,265,فروردین - 1402,45000000,45057237.84,37205882.35,56060606.06,2800000000,1273,DIRECT,listing,metraj_all,3
fa66bf31-710b-be2b-defd-7dae7e1e1371,272905:14,14,منطقه 14,MUNICIPAL_AREA,2023-04-21,1402-02,266,اردیبهشت - 1402,60317460.32,60428543.58,49777777.78,71428571.43,3600000000,2287,DIRECT,listing,metraj_all,3
fa66bf31-710b-be2b-defd-7dae7e1e1371,272905:14,14,منطقه 14,MUNICIPAL_AREA,2023-05-22,1402-03,267,خرداد - 1402,61038961.04,61115797.08,50941922.17,72727272.73,3665000000,4304,DIRECT,listing,metraj_all,3
fa66bf31-710b-be2b-defd-7dae7e1e1371,272905:14,14,منطقه 14,MUNICIPAL_AREA,2023-06-22,1402-04,268,تیر - 1402,60714285.71,60762753.58,50754807.69,72463768.12,3600000000,6806,DIRECT,listing,metraj_all,3
fa66bf31-710b-be2b-defd-7dae7e1e1371,272905:14,14,منطقه 14,MUNICIPAL_AREA,2023-07-23,1402-05,269,مرداد - 1402,60000000,60046216.94,50000000,72153696.78,3550000000,6992,DIRECT,listing,metraj_all,3
fa66bf31-710b-be2b-defd-7dae7e1e1371,272905:14,14,منطقه 14,MUNICIPAL_AREA,2023-08-23,1402-06,270,شهریور - 1402,59782608.7,59828957.5,49677419.35,71698113.21,3500000000,6529,DIRECT,listing,metraj_all,3
fa66bf31-710b-be2b-defd-7dae7e1e1371,272905:14,14,منطقه 14,MUNICIPAL_AREA,2023-09-23,1402-07,271,مهر - 1402,58823529.41,58874082.43,48566252.59,70870194.53,3500000000,5808,DIRECT,listing,metraj_all,3
fa66bf31-710b-be2b-defd-7dae7e1e1371,272905:14,14,منطقه 14,MUNICIPAL_AREA,2023-10-23,1402-08,272,آبان - 1402,58490566.04,58543153.73,48536550.54,70743212.15,3500000000,5551,DIRECT,listing,metraj_all,3
fa66bf31-710b-be2b-defd-7dae7e1e1371,272905:14,14,منطقه 14,MUNICIPAL_AREA,2023-11-22,1402-09,273,آذر - 1402,58888888.89,58942690.07,49145236.7,70588235.29,3500000000,5379,DIRECT,listing,metraj_all,3
fa66bf31-710b-be2b-defd-7dae7e1e1371,272905:14,14,منطقه 14,MUNICIPAL_AREA,2023-12-22,1402-10,274,دی - 1402,59572948.33,59624652.67,50000000,70902272.73,3500000000,5488,DIRECT,listing,metraj_all,3
fa66bf31-710b-be2b-defd-7dae7e1e1371,272905:14,14,منطقه 14,MUNICIPAL_AREA,2024-01-21,1402-11,275,بهمن - 1402,60000000,60051562.02,50000000,72093023.26,3599000000,5485,DIRECT,listing,metraj_all,3
fa66bf31-710b-be2b-defd-7dae7e1e1371,272905:14,14,منطقه 14,MUNICIPAL_AREA,2024-02-20,1402-12,276,اسفند - 1402,60416666.67,60476584.85,50000000,73888339.92,3700000000,4899,DIRECT,listing,metraj_all,3
fa66bf31-710b-be2b-defd-7dae7e1e1371,272905:14,14,منطقه 14,MUNICIPAL_AREA,2024-03-20,1403-01,277,فروردین - 1403,62222222.22,62286167.38,51923076.92,76370614.04,3850000000,4334,DIRECT,listing,metraj_all,3
fa66bf31-710b-be2b-defd-7dae7e1e1371,272905:14,14,منطقه 14,MUNICIPAL_AREA,2024-04-20,1403-02,278,اردیبهشت - 1403,65517241.38,65569487.98,54859068.63,78730053.2,4000000000,4676,DIRECT,listing,metraj_all,3
fa66bf31-710b-be2b-defd-7dae7e1e1371,272905:14,14,منطقه 14,MUNICIPAL_AREA,2024-05-21,1403-03,279,خرداد - 1403,66666666.67,66704748.56,55833333.33,78571428.57,4000000000,5626,DIRECT,listing,metraj_all,3
fa66bf31-710b-be2b-defd-7dae7e1e1371,272905:14,14,منطقه 14,MUNICIPAL_AREA,2024-06-21,1403-04,280,تیر - 1403,67000000,67035647.07,56451612.9,78571428.57,4000000000,5981,DIRECT,listing,metraj_all,3
fa66bf31-710b-be2b-defd-7dae7e1e1371,272905:14,14,منطقه 14,MUNICIPAL_AREA,2024-07-22,1403-05,281,مرداد - 1403,66666666.67,66696120.3,56378143.13,78073908.18,4000000000,6748,DIRECT,listing,metraj_all,3
fa66bf31-710b-be2b-defd-7dae7e1e1371,272905:14,14,منطقه 14,MUNICIPAL_AREA,2024-08-22,1403-06,282,شهریور - 1403,66666666.67,66694307.19,56666666.67,78571428.57,4000000000,6705,DIRECT,listing,metraj_all,3
fa66bf31-710b-be2b-defd-7dae7e1e1371,272905:14,14,منطقه 14,MUNICIPAL_AREA,2024-09-22,1403-07,283,مهر - 1403,67000000,67022758.56,56603773.58,79884351.71,4000000000,7647,DIRECT,listing,metraj_all,3
fa66bf31-710b-be2b-defd-7dae7e1e1371,272905:14,14,منطقه 14,MUNICIPAL_AREA,2024-10-22,1403-08,284,آبان - 1403,67465095.93,67488458.23,56730769.23,80918302.92,4200000000,7020,DIRECT,listing,metraj_all,3
fa66bf31-710b-be2b-defd-7dae7e1e1371,272905:14,14,منطقه 14,MUNICIPAL_AREA,2024-11-21,1403-09,285,آذر - 1403,67500001.28,67523768.5,56140350.88,81720430.11,4200000000,7353,DIRECT,listing,metraj_all,3
fa66bf31-710b-be2b-defd-7dae7e1e1371,272905:14,14,منطقه 14,MUNICIPAL_AREA,2024-12-21,1403-10,286,دی - 1403,68291927.06,68316852.75,56666666.67,82500002.93,4249999872,7166,DIRECT,listing,metraj_all,3
fa66bf31-710b-be2b-defd-7dae7e1e1371,272905:14,14,منطقه 14,MUNICIPAL_AREA,2025-01-20,1403-11,287,بهمن - 1403,69696969.7,69721670.31,57692305.07,84000002.56,4350000128,7470,DIRECT,listing,metraj_all,3
fa66bf31-710b-be2b-defd-7dae7e1e1371,272905:14,14,منطقه 14,MUNICIPAL_AREA,2025-02-19,1403-12,288,اسفند - 1403,70000000,70034314.79,58353825.14,84762726.52,4300000256,6304,DIRECT,listing,metraj_all,3
fa66bf31-710b-be2b-defd-7dae7e1e1371,272905:14,14,منطقه 14,MUNICIPAL_AREA,2025-03-21,1404-01,289,فروردین - 1404,70212765.96,70261126.68,58695652.17,85135138.59,4350000128,4733,DIRECT,listing,metraj_all,3
fa66bf31-710b-be2b-defd-7dae7e1e1371,272905:14,14,منطقه 14,MUNICIPAL_AREA,2025-04-21,1404-02,290,اردیبهشت - 1404,70930229.58,70990338.3,59845380.03,86538456.62,4300000256,4364,DIRECT,listing,metraj_all,3
fa66bf31-710b-be2b-defd-7dae7e1e1371,272905:14,14,منطقه 14,MUNICIPAL_AREA,2025-05-22,1404-03,291,خرداد - 1404,74603174.6,74644228.48,62500000,90000000,4600000000,5728,DIRECT,listing,metraj_all,3
fa66bf31-710b-be2b-defd-7dae7e1e1371,272905:14,14,منطقه 14,MUNICIPAL_AREA,2025-06-22,1404-04,292,تیر - 1404,75307382.22,75339993.16,63000000,90303172.64,4600000000,7288,DIRECT,listing,metraj_all,3
fa66bf31-710b-be2b-defd-7dae7e1e1371,272905:14,14,منطقه 14,MUNICIPAL_AREA,2025-07-23,1404-05,293,مرداد - 1404,75480947.1,75511429.87,62980085.35,91346153.85,4500000000,7724,DIRECT,listing,metraj_all,3
fa66bf31-710b-be2b-defd-7dae7e1e1371,272905:14,14,منطقه 14,MUNICIPAL_AREA,2025-08-23,1404-06,294,شهریور - 1404,75000000,75026751.25,62362428.85,90410958.9,4500000000,8868,DIRECT,listing,metraj_all,3
fa66bf31-710b-be2b-defd-7dae7e1e1371,272905:14,14,منطقه 14,MUNICIPAL_AREA,2025-09-23,1404-07,295,مهر - 1404,75438596.49,75462017.18,63076923.08,91666666.67,4500000000,10477,DIRECT,listing,metraj_all,3
fa66bf31-710b-be2b-defd-7dae7e1e1371,272905:14,14,منطقه 14,MUNICIPAL_AREA,2025-10-23,1404-08,296,آبان - 1404,77091284.99,77111300.7,64285714.29,94535464.54,4700000000,12378,DIRECT,listing,metraj_all,3
fa66bf31-710b-be2b-defd-7dae7e1e1371,272905:14,14,منطقه 14,MUNICIPAL_AREA,2025-11-22,1404-09,297,آذر - 1404,79090909.09,79110938.22,65625000,98076923.08,4900000000,13229,DIRECT,listing,metraj_all,3
fa66bf31-710b-be2b-defd-7dae7e1e1371,272905:14,14,منطقه 14,MUNICIPAL_AREA,2025-12-22,1404-10,298,دی - 1404,82000000,82021566.09,67622180.45,102352941.18,5100000000,13154,DIRECT,listing,metraj_all,3
fa66bf31-710b-be2b-defd-7dae7e1e1371,272905:14,14,منطقه 14,MUNICIPAL_AREA,2026-01-21,1404-11,299,بهمن - 1404,87733333.33,87758611.02,71565563.73,110551619.44,5504000000,12635,DIRECT,listing,metraj_all,3
fa66bf31-710b-be2b-defd-7dae7e1e1371,272905:14,14,منطقه 14,MUNICIPAL_AREA,2026-02-20,1404-12,300,اسفند - 1404,93011627.91,93048652.05,75420255.63,116991168.21,5900000000,9008,DIRECT,listing,metraj_all,3
fa66bf31-710b-be2b-defd-7dae7e1e1371,272905:14,14,منطقه 14,MUNICIPAL_AREA,2026-03-21,1405-01,301,فروردین - 1405,101438923.4,101492672.72,82036258.01,126393406.59,6500000000,6234,DIRECT,listing,metraj_all,3
fa66bf31-710b-be2b-defd-7dae7e1e1371,272905:14,14,منطقه 14,MUNICIPAL_AREA,2026-04-21,1405-02,302,اردیبهشت - 1405,128275171.63,128326002.66,104081632.65,163325688.07,8500000000,6546,DIRECT,listing,metraj_all,3
fa66bf31-710b-be2b-defd-7dae7e1e1371,272905:14,14,منطقه 14,MUNICIPAL_AREA,2026-05-22,1405-03,303,خرداد - 1405,143939393.94,143977689.6,115789473.68,182363297.44,9300000000,10712,DIRECT,listing,metraj_all,3
fa66bf31-710b-be2b-defd-7dae7e1e1371,272905:14,14,منطقه 14,MUNICIPAL_AREA,2026-06-22,1405-04,304,تیر - 1405,149230769.23,149272590.53,120000000,186946363.27,9400000000,10934,DIRECT,listing,metraj_all,3
fa66bf31-710b-be2b-defd-7dae7e1e1371,272905:14,14,منطقه 14,MUNICIPAL_AREA,2026-07-23,1405-05,305,مرداد - 1405,162500000,162539052.86,128846153.85,207692307.69,10500000000,12153,DIRECT,listing,metraj_all,3
3fa1da83-c366-bfd2-91cf-f7e44c86ed9c,272905:15,15,منطقه 15,MUNICIPAL_AREA,2021-08-23,1400-06,246,شهریور - 1400,16923076.92,16971092.33,14328431.37,22451923.08,1150000000,1808,DIRECT,listing,metraj_all,3
3fa1da83-c366-bfd2-91cf-f7e44c86ed9c,272905:15,15,منطقه 15,MUNICIPAL_AREA,2021-09-23,1400-07,247,مهر - 1400,17333333.33,17384777.49,14654170.01,22881355.93,1200000000,1680,DIRECT,listing,metraj_all,3
3fa1da83-c366-bfd2-91cf-f7e44c86ed9c,272905:15,15,منطقه 15,MUNICIPAL_AREA,2021-10-23,1400-08,248,آبان - 1400,17315817.99,17368724.14,14489473.69,23076923.08,1200000000,1654,DIRECT,listing,metraj_all,3
3fa1da83-c366-bfd2-91cf-f7e44c86ed9c,272905:15,15,منطقه 15,MUNICIPAL_AREA,2021-11-22,1400-09,249,آذر - 1400,17491258.74,17538764.85,14791549.29,23148148.15,1200000000,1746,DIRECT,listing,metraj_all,3
3fa1da83-c366-bfd2-91cf-f7e44c86ed9c,272905:15,15,منطقه 15,MUNICIPAL_AREA,2021-12-22,1400-10,250,دی - 1400,17602816.9,17655868.45,15000000,23876356.85,1200000000,1626,DIRECT,listing,metraj_all,3
3fa1da83-c366-bfd2-91cf-f7e44c86ed9c,272905:15,15,منطقه 15,MUNICIPAL_AREA,2022-01-21,1400-11,251,بهمن - 1400,18028021.35,18078210.79,15384615.38,23964452.06,1200000000,1678,DIRECT,listing,metraj_all,3
3fa1da83-c366-bfd2-91cf-f7e44c86ed9c,272905:15,15,منطقه 15,MUNICIPAL_AREA,2022-02-20,1400-12,252,اسفند - 1400,18295554.58,18356681.29,15625000,24062297.84,1220000000,1414,DIRECT,listing,metraj_all,3
3fa1da83-c366-bfd2-91cf-f7e44c86ed9c,272905:15,15,منطقه 15,MUNICIPAL_AREA,2022-03-21,1401-01,253,فروردین - 1401,18677595.63,18750310.94,16000000,23942746.48,1227000000,1414,DIRECT,listing,metraj_all,3
3fa1da83-c366-bfd2-91cf-f7e44c86ed9c,272905:15,15,منطقه 15,MUNICIPAL_AREA,2022-04-21,1401-02,254,اردیبهشت - 1401,20000000,20119867.4,16981132.08,25384615.38,1320000000,1561,DIRECT,listing,metraj_all,3
3fa1da83-c366-bfd2-91cf-f7e44c86ed9c,272905:15,15,منطقه 15,MUNICIPAL_AREA,2022-05-22,1401-03,255,خرداد - 1401,21606265.36,21675727.06,18333333.33,27491197.18,1450000000,2798,DIRECT,listing,metraj_all,3
3fa1da83-c366-bfd2-91cf-f7e44c86ed9c,272905:15,15,منطقه 15,MUNICIPAL_AREA,2022-06-22,1401-04,256,تیر - 1401,23076923.08,23129692.6,19642857.14,28917892.16,1520000000,3708,DIRECT,listing,metraj_all,3
3fa1da83-c366-bfd2-91cf-f7e44c86ed9c,272905:15,15,منطقه 15,MUNICIPAL_AREA,2022-07-23,1401-05,257,مرداد - 1401,24444444.44,24487762.51,20615384.62,30137461.95,1600000000,4416,DIRECT,listing,metraj_all,3
3fa1da83-c366-bfd2-91cf-f7e44c86ed9c,272905:15,15,منطقه 15,MUNICIPAL_AREA,2022-08-23,1401-06,258,شهریور - 1401,25420197.74,25467370.18,21818181.82,31460125.45,1680000000,4494,DIRECT,listing,metraj_all,3
3fa1da83-c366-bfd2-91cf-f7e44c86ed9c,272905:15,15,منطقه 15,MUNICIPAL_AREA,2022-09-23,1401-07,259,مهر - 1401,25769230.77,25839633.14,22012882.32,31985294.12,1700000000,3121,DIRECT,listing,metraj_all,3
3fa1da83-c366-bfd2-91cf-f7e44c86ed9c,272905:15,15,منطقه 15,MUNICIPAL_AREA,2022-10-23,1401-08,260,آبان - 1401,25724789.92,25868521.99,22122159.09,31872429.55,1695000000,1666,DIRECT,listing,metraj_all,3
3fa1da83-c366-bfd2-91cf-f7e44c86ed9c,272905:15,15,منطقه 15,MUNICIPAL_AREA,2022-11-22,1401-09,261,آذر - 1401,31944444.44,32882430.09,26500000,38596491.23,2250000000,317,DIRECT,listing,metraj_all,3
3fa1da83-c366-bfd2-91cf-f7e44c86ed9c,272905:15,15,منطقه 15,MUNICIPAL_AREA,2022-12-22,1401-10,262,دی - 1401,32000000,32206897.74,27030194.26,40000000,2200000000,1252,DIRECT,listing,metraj_all,3
3fa1da83-c366-bfd2-91cf-f7e44c86ed9c,272905:15,15,منطقه 15,MUNICIPAL_AREA,2023-01-21,1401-11,263,بهمن - 1401,34507042.25,34594545.64,28571428.57,42307692.31,2400000000,2490,DIRECT,listing,metraj_all,3
3fa1da83-c366-bfd2-91cf-f7e44c86ed9c,272905:15,15,منطقه 15,MUNICIPAL_AREA,2023-02-20,1401-12,264,اسفند - 1401,35849056.6,35912021.36,29827586.21,44000000,2500000000,2649,DIRECT,listing,metraj_all,3
3fa1da83-c366-bfd2-91cf-f7e44c86ed9c,272905:15,15,منطقه 15,MUNICIPAL_AREA,2023-03-21,1402-01,265,فروردین - 1402,37575757.58,37661170.29,31742568,45779220.78,2700000000,1719,DIRECT,listing,metraj_all,3
3fa1da83-c366-bfd2-91cf-f7e44c86ed9c,272905:15,15,منطقه 15,MUNICIPAL_AREA,2023-04-21,1402-02,266,اردیبهشت - 1402,49857142.86,49965472.1,41666666.67,60000000,3350000000,3311,DIRECT,listing,metraj_all,3
3fa1da83-c366-bfd2-91cf-f7e44c86ed9c,272905:15,15,منطقه 15,MUNICIPAL_AREA,2023-05-22,1402-03,267,خرداد - 1402,50666666.67,50740490.86,43777777.78,62000000,3450000000,5885,DIRECT,listing,metraj_all,3
3fa1da83-c366-bfd2-91cf-f7e44c86ed9c,272905:15,15,منطقه 15,MUNICIPAL_AREA,2023-06-22,1402-04,268,تیر - 1402,50000000,50049179.39,43333333.33,61807184.75,3415000000,8886,DIRECT,listing,metraj_all,3
3fa1da83-c366-bfd2-91cf-f7e44c86ed9c,272905:15,15,منطقه 15,MUNICIPAL_AREA,2023-07-23,1402-05,269,مرداد - 1402,50000000,50049194.17,43000000,60784313.73,3350000000,8601,DIRECT,listing,metraj_all,3
3fa1da83-c366-bfd2-91cf-f7e44c86ed9c,272905:15,15,منطقه 15,MUNICIPAL_AREA,2023-08-23,1402-06,270,شهریور - 1402,48703703.7,48755249.82,41822134.39,59154929.58,3240000000,8019,DIRECT,listing,metraj_all,3
3fa1da83-c366-bfd2-91cf-f7e44c86ed9c,272905:15,15,منطقه 15,MUNICIPAL_AREA,2023-09-23,1402-07,271,مهر - 1402,47399215.37,47457386.4,41000000,57692307.69,3100000000,7010,DIRECT,listing,metraj_all,3
3fa1da83-c366-bfd2-91cf-f7e44c86ed9c,272905:15,15,منطقه 15,MUNICIPAL_AREA,2023-10-23,1402-08,272,آبان - 1402,46666666.67,46730239.29,40000000,56923076.92,3100000000,6450,DIRECT,listing,metraj_all,3
3fa1da83-c366-bfd2-91cf-f7e44c86ed9c,272905:15,15,منطقه 15,MUNICIPAL_AREA,2023-11-22,1402-09,273,آذر - 1402,46250000,46320408.16,39800000,56547919.3,3100000000,5903,DIRECT,listing,metraj_all,3
3fa1da83-c366-bfd2-91cf-f7e44c86ed9c,272905:15,15,منطقه 15,MUNICIPAL_AREA,2023-12-22,1402-10,274,دی - 1402,46000000,46069837.04,39554050.6,55714285.71,3085000000,6004,DIRECT,listing,metraj_all,3
3fa1da83-c366-bfd2-91cf-f7e44c86ed9c,272905:15,15,منطقه 15,MUNICIPAL_AREA,2024-01-21,1402-11,275,بهمن - 1402,46250000,46318096,40000000,56968669.25,3100000000,6170,DIRECT,listing,metraj_all,3
3fa1da83-c366-bfd2-91cf-f7e44c86ed9c,272905:15,15,منطقه 15,MUNICIPAL_AREA,2024-02-20,1402-12,276,اسفند - 1402,46875000,46953745.19,40000000,58333333.33,3170000000,5445,DIRECT,listing,metraj_all,3
3fa1da83-c366-bfd2-91cf-f7e44c86ed9c,272905:15,15,منطقه 15,MUNICIPAL_AREA,2024-03-20,1403-01,277,فروردین - 1403,50000000,50077474.34,42000000,65000000,3500000000,5153,DIRECT,listing,metraj_all,3
3fa1da83-c366-bfd2-91cf-f7e44c86ed9c,272905:15,15,منطقه 15,MUNICIPAL_AREA,2024-04-20,1403-02,278,اردیبهشت - 1403,52222222.22,52288732.39,44318181.82,67176339.29,3650000000,5670,DIRECT,listing,metraj_all,3
3fa1da83-c366-bfd2-91cf-f7e44c86ed9c,272905:15,15,منطقه 15,MUNICIPAL_AREA,2024-05-21,1403-03,279,خرداد - 1403,52828137.82,52878902.11,45000000,66428571.43,3600000000,6944,DIRECT,listing,metraj_all,3
3fa1da83-c366-bfd2-91cf-f7e44c86ed9c,272905:15,15,منطقه 15,MUNICIPAL_AREA,2024-06-21,1403-04,280,تیر - 1403,52464508.2,52515694.24,45161290.32,64281250,3550000000,7002,DIRECT,listing,metraj_all,3
3fa1da83-c366-bfd2-91cf-f7e44c86ed9c,272905:15,15,منطقه 15,MUNICIPAL_AREA,2024-07-22,1403-05,281,مرداد - 1403,51926450.74,51971027.39,45000000,62938921.21,3500000000,7762,DIRECT,listing,metraj_all,3
3fa1da83-c366-bfd2-91cf-f7e44c86ed9c,272905:15,15,منطقه 15,MUNICIPAL_AREA,2024-08-22,1403-06,282,شهریور - 1403,52000000,52042419.6,44827586.21,63000000,3500000000,7823,DIRECT,listing,metraj_all,3
3fa1da83-c366-bfd2-91cf-f7e44c86ed9c,272905:15,15,منطقه 15,MUNICIPAL_AREA,2024-09-22,1403-07,283,مهر - 1403,51724137.93,51758990.42,44444444.44,63970588.24,3500000000,9373,DIRECT,listing,metraj_all,3
3fa1da83-c366-bfd2-91cf-f7e44c86ed9c,272905:15,15,منطقه 15,MUNICIPAL_AREA,2024-10-22,1403-08,284,آبان - 1403,52127656.85,52161775.59,44117644.55,65740743.11,3500000000,9299,DIRECT,listing,metraj_all,3
3fa1da83-c366-bfd2-91cf-f7e44c86ed9c,272905:15,15,منطقه 15,MUNICIPAL_AREA,2024-11-21,1403-09,285,آذر - 1403,52586209.1,52617712.26,44186046.51,67123284.16,3600000000,10279,DIRECT,listing,metraj_all,3
3fa1da83-c366-bfd2-91cf-f7e44c86ed9c,272905:15,15,منطقه 15,MUNICIPAL_AREA,2024-12-21,1403-10,286,دی - 1403,53784696.67,53815749.11,44615384.62,68750002.85,3687499904,10422,DIRECT,listing,metraj_all,3
3fa1da83-c366-bfd2-91cf-f7e44c86ed9c,272905:15,15,منطقه 15,MUNICIPAL_AREA,2025-01-20,1403-11,287,بهمن - 1403,55000001.05,55030387.63,45421688.29,70000000,3800000000,10907,DIRECT,listing,metraj_all,3
3fa1da83-c366-bfd2-91cf-f7e44c86ed9c,272905:15,15,منطقه 15,MUNICIPAL_AREA,2025-02-19,1403-12,288,اسفند - 1403,55861111.11,55898916.25,45882352.94,72222218.67,3900000000,9461,DIRECT,listing,metraj_all,3
3fa1da83-c366-bfd2-91cf-f7e44c86ed9c,272905:15,15,منطقه 15,MUNICIPAL_AREA,2025-03-21,1404-01,289,فروردین - 1404,56578950.74,56628545.67,46052631.58,73015873.02,3949999936,7364,DIRECT,listing,metraj_all,3
3fa1da83-c366-bfd2-91cf-f7e44c86ed9c,272905:15,15,منطقه 15,MUNICIPAL_AREA,2025-04-21,1404-02,290,اردیبهشت - 1404,56153846.15,56219366.15,46666666.67,70188090.42,3800000000,6258,DIRECT,listing,metraj_all,3
3fa1da83-c366-bfd2-91cf-f7e44c86ed9c,272905:15,15,منطقه 15,MUNICIPAL_AREA,2025-05-22,1404-03,291,خرداد - 1404,57454747.54,57510645.84,48181818.18,70769230.77,3850000000,7272,DIRECT,listing,metraj_all,3
3fa1da83-c366-bfd2-91cf-f7e44c86ed9c,272905:15,15,منطقه 15,MUNICIPAL_AREA,2025-06-22,1404-04,292,تیر - 1404,58333333.33,58380124.14,48984762.83,71538461.54,3900000000,8704,DIRECT,listing,metraj_all,3
3fa1da83-c366-bfd2-91cf-f7e44c86ed9c,272905:15,15,منطقه 15,MUNICIPAL_AREA,2025-07-23,1404-05,293,مرداد - 1404,59420289.86,59465010.65,49350649.35,73220338.98,4000000000,8853,DIRECT,listing,metraj_all,3
3fa1da83-c366-bfd2-91cf-f7e44c86ed9c,272905:15,15,منطقه 15,MUNICIPAL_AREA,2025-08-23,1404-06,294,شهریور - 1404,59259259.26,59300459.58,49159604.52,72727272.73,3990000000,9575,DIRECT,listing,metraj_all,3
3fa1da83-c366-bfd2-91cf-f7e44c86ed9c,272905:15,15,منطقه 15,MUNICIPAL_AREA,2025-09-23,1404-07,295,مهر - 1404,59857142.86,59893167.93,49473684.21,73529411.76,4000000000,11133,DIRECT,listing,metraj_all,3
3fa1da83-c366-bfd2-91cf-f7e44c86ed9c,272905:15,15,منطقه 15,MUNICIPAL_AREA,2025-10-23,1404-08,296,آبان - 1404,60377358.49,60409276.51,50000000,74626865.67,4100000000,12995,DIRECT,listing,metraj_all,3
3fa1da83-c366-bfd2-91cf-f7e44c86ed9c,272905:15,15,منطقه 15,MUNICIPAL_AREA,2025-11-22,1404-09,297,آذر - 1404,61363636.36,61395164.78,51000000,75555555.56,4200000000,14023,DIRECT,listing,metraj_all,3
3fa1da83-c366-bfd2-91cf-f7e44c86ed9c,272905:15,15,منطقه 15,MUNICIPAL_AREA,2025-12-22,1404-10,298,دی - 1404,62966630,63000431.12,52054794.52,78666666.67,4300000000,14020,DIRECT,listing,metraj_all,3
3fa1da83-c366-bfd2-91cf-f7e44c86ed9c,272905:15,15,منطقه 15,MUNICIPAL_AREA,2026-01-21,1404-11,299,بهمن - 1404,66346153.85,66384940.34,53763440.86,85294117.65,4540000000,13745,DIRECT,listing,metraj_all,3
3fa1da83-c366-bfd2-91cf-f7e44c86ed9c,272905:15,15,منطقه 15,MUNICIPAL_AREA,2026-02-20,1404-12,300,اسفند - 1404,69444444.44,69501377.22,55000000,90000000,4800000000,9994,DIRECT,listing,metraj_all,3
3fa1da83-c366-bfd2-91cf-f7e44c86ed9c,272905:15,15,منطقه 15,MUNICIPAL_AREA,2026-03-21,1405-01,301,فروردین - 1405,73972602.74,74062441.39,57142857.14,95319801.4,5000000000,6783,DIRECT,listing,metraj_all,3
3fa1da83-c366-bfd2-91cf-f7e44c86ed9c,272905:15,15,منطقه 15,MUNICIPAL_AREA,2026-04-21,1405-02,302,اردیبهشت - 1405,92771084.34,92868012.82,70666666.67,121212121.21,6200000000,7091,DIRECT,listing,metraj_all,3
3fa1da83-c366-bfd2-91cf-f7e44c86ed9c,272905:15,15,منطقه 15,MUNICIPAL_AREA,2026-05-22,1405-03,303,خرداد - 1405,106504065.04,106572091.68,83333333.33,135294117.65,7275000000,11529,DIRECT,listing,metraj_all,3
3fa1da83-c366-bfd2-91cf-f7e44c86ed9c,272905:15,15,منطقه 15,MUNICIPAL_AREA,2026-06-22,1405-04,304,تیر - 1405,110256410.26,110329114.09,88461538.46,139883980.88,7625500000,11646,DIRECT,listing,metraj_all,3
3fa1da83-c366-bfd2-91cf-f7e44c86ed9c,272905:15,15,منطقه 15,MUNICIPAL_AREA,2026-07-23,1405-05,305,مرداد - 1405,118032786.89,118105287.65,97142857.14,147619047.62,8200000000,12675,DIRECT,listing,metraj_all,3
85a94198-ee48-2a86-2c76-6db3ab0e6822,272905:16,16,منطقه 16,MUNICIPAL_AREA,2021-08-23,1400-06,246,شهریور - 1400,17889676.11,17974979.43,14500000,24107142.86,1217500000,900,DIRECT,listing,metraj_all,3
85a94198-ee48-2a86-2c76-6db3ab0e6822,272905:16,16,منطقه 16,MUNICIPAL_AREA,2021-09-23,1400-07,247,مهر - 1400,18248175.18,18340674.84,15000000,24307692.31,1250000000,831,DIRECT,listing,metraj_all,3
85a94198-ee48-2a86-2c76-6db3ab0e6822,272905:16,16,منطقه 16,MUNICIPAL_AREA,2021-10-23,1400-08,248,آبان - 1400,18509259.26,18600947.73,15000000,24000000,1200000000,820,DIRECT,listing,metraj_all,3
85a94198-ee48-2a86-2c76-6db3ab0e6822,272905:16,16,منطقه 16,MUNICIPAL_AREA,2021-11-22,1400-09,249,آذر - 1400,19230769.23,19307454.05,15427272.73,24194382.85,1200000000,851,DIRECT,listing,metraj_all,3
85a94198-ee48-2a86-2c76-6db3ab0e6822,272905:16,16,منطقه 16,MUNICIPAL_AREA,2021-12-22,1400-10,250,دی - 1400,19506097.56,19596203.32,15795096.71,25000000,1200000000,742,DIRECT,listing,metraj_all,3
85a94198-ee48-2a86-2c76-6db3ab0e6822,272905:16,16,منطقه 16,MUNICIPAL_AREA,2022-01-21,1400-11,251,بهمن - 1400,20000000,20084745.74,16000000,25000000,1250000000,757,DIRECT,listing,metraj_all,3
85a94198-ee48-2a86-2c76-6db3ab0e6822,272905:16,16,منطقه 16,MUNICIPAL_AREA,2022-02-20,1400-12,252,اسفند - 1400,19680583.5,19800181.77,16218284.62,25000000,1250000000,602,DIRECT,listing,metraj_all,3
85a94198-ee48-2a86-2c76-6db3ab0e6822,272905:16,16,منطقه 16,MUNICIPAL_AREA,2022-03-21,1401-01,253,فروردین - 1401,20000000,20146627.53,16629901.96,25000000,1265000000,606,DIRECT,listing,metraj_all,3
85a94198-ee48-2a86-2c76-6db3ab0e6822,272905:16,16,منطقه 16,MUNICIPAL_AREA,2022-04-21,1401-02,254,اردیبهشت - 1401,21176470.59,21451038.2,17500000,25964912.28,1326000000,633,DIRECT,listing,metraj_all,3
85a94198-ee48-2a86-2c76-6db3ab0e6822,272905:16,16,منطقه 16,MUNICIPAL_AREA,2022-05-22,1401-03,255,خرداد - 1401,23333333.33,23489142.07,19603921.57,28317610.06,1540000000,1131,DIRECT,listing,metraj_all,3
85a94198-ee48-2a86-2c76-6db3ab0e6822,272905:16,16,منطقه 16,MUNICIPAL_AREA,2022-06-22,1401-04,256,تیر - 1401,24529411.76,24650607.34,20833333.33,29838709.68,1650000000,1489,DIRECT,listing,metraj_all,3
85a94198-ee48-2a86-2c76-6db3ab0e6822,272905:16,16,منطقه 16,MUNICIPAL_AREA,2022-07-23,1401-05,257,مرداد - 1401,25777222.94,25875894.39,22000000,30902406.42,1720000000,1798,DIRECT,listing,metraj_all,3
85a94198-ee48-2a86-2c76-6db3ab0e6822,272905:16,16,منطقه 16,MUNICIPAL_AREA,2022-08-23,1401-06,258,شهریور - 1401,26923076.92,27025110.98,22912621.36,32266666.67,1800000000,1925,DIRECT,listing,metraj_all,3
85a94198-ee48-2a86-2c76-6db3ab0e6822,272905:16,16,منطقه 16,MUNICIPAL_AREA,2022-09-23,1401-07,259,مهر - 1401,27142857.14,27292961.39,23129664.18,32905844.16,1836000000,1367,DIRECT,listing,metraj_all,3
85a94198-ee48-2a86-2c76-6db3ab0e6822,272905:16,16,منطقه 16,MUNICIPAL_AREA,2022-10-23,1401-08,260,آبان - 1401,27582577.14,27868331.73,23333333.33,34004098.36,1877500000,768,DIRECT,listing,metraj_all,3
85a94198-ee48-2a86-2c76-6db3ab0e6822,272905:16,16,منطقه 16,MUNICIPAL_AREA,2022-11-22,1401-09,261,آذر - 1401,29179566.57,32894789.77,23932748.54,34737513.43,1860000000,80,DIRECT,listing,metraj_all,3
85a94198-ee48-2a86-2c76-6db3ab0e6822,272905:16,16,منطقه 16,MUNICIPAL_AREA,2022-12-22,1401-10,262,دی - 1401,32735317.78,33366541.09,25951612.9,39432539.68,2135000000,392,DIRECT,listing,metraj_all,3
85a94198-ee48-2a86-2c76-6db3ab0e6822,272905:16,16,منطقه 16,MUNICIPAL_AREA,2023-01-21,1401-11,263,بهمن - 1401,35000000,35284346.94,29072093.94,42857142.86,2375000000,742,DIRECT,listing,metraj_all,3
85a94198-ee48-2a86-2c76-6db3ab0e6822,272905:16,16,منطقه 16,MUNICIPAL_AREA,2023-02-20,1401-12,264,اسفند - 1401,36842105.26,37039960.54,30472378.6,46039473.69,2500000000,786,DIRECT,listing,metraj_all,3
85a94198-ee48-2a86-2c76-6db3ab0e6822,272905:16,16,منطقه 16,MUNICIPAL_AREA,2023-03-21,1402-01,265,فروردین - 1402,39448380.57,39714811.03,33333333.33,49604993.16,2800000000,474,DIRECT,listing,metraj_all,3
85a94198-ee48-2a86-2c76-6db3ab0e6822,272905:16,16,منطقه 16,MUNICIPAL_AREA,2023-04-21,1402-02,266,اردیبهشت - 1402,52000000,52340375.1,43951881.46,61787446.94,3500000000,984,DIRECT,listing,metraj_all,3
85a94198-ee48-2a86-2c76-6db3ab0e6822,272905:16,16,منطقه 16,MUNICIPAL_AREA,2023-05-22,1402-03,267,خرداد - 1402,52400000,52623335.26,45000000,62000000,3500000000,1861,DIRECT,listing,metraj_all,3
85a94198-ee48-2a86-2c76-6db3ab0e6822,272905:16,16,منطقه 16,MUNICIPAL_AREA,2023-06-22,1402-04,268,تیر - 1402,52777777.78,52919305.28,45066666.67,62962962.96,3500000000,2885,DIRECT,listing,metraj_all,3
85a94198-ee48-2a86-2c76-6db3ab0e6822,272905:16,16,منطقه 16,MUNICIPAL_AREA,2023-07-23,1402-05,269,مرداد - 1402,52631578.95,52767592.37,45535714.29,62500000,3581000000,2911,DIRECT,listing,metraj_all,3
85a94198-ee48-2a86-2c76-6db3ab0e6822,272905:16,16,منطقه 16,MUNICIPAL_AREA,2023-08-23,1402-06,270,شهریور - 1402,53000000,53137319.83,46153846.15,63287683.83,3600000000,2691,DIRECT,listing,metraj_all,3
85a94198-ee48-2a86-2c76-6db3ab0e6822,272905:16,16,منطقه 16,MUNICIPAL_AREA,2023-09-23,1402-07,271,مهر - 1402,52666666.67,52819256.17,45918367.35,62957746.48,3600000000,2321,DIRECT,listing,metraj_all,3
85a94198-ee48-2a86-2c76-6db3ab0e6822,272905:16,16,منطقه 16,MUNICIPAL_AREA,2023-10-23,1402-08,272,آبان - 1402,51515151.52,51684006.67,44444444.44,62500000,3500000000,2135,DIRECT,listing,metraj_all,3
85a94198-ee48-2a86-2c76-6db3ab0e6822,272905:16,16,منطقه 16,MUNICIPAL_AREA,2023-11-22,1402-09,273,آذر - 1402,50000000,50182126.65,42307692.31,60000000,3282500000,2070,DIRECT,listing,metraj_all,3
85a94198-ee48-2a86-2c76-6db3ab0e6822,272905:16,16,منطقه 16,MUNICIPAL_AREA,2023-12-22,1402-10,274,دی - 1402,48936170.21,49107653.19,41754645.84,58898809.53,3223500000,2268,DIRECT,listing,metraj_all,3
85a94198-ee48-2a86-2c76-6db3ab0e6822,272905:16,16,منطقه 16,MUNICIPAL_AREA,2024-01-21,1402-11,275,بهمن - 1402,50000000,50158598.8,41891891.89,60000000,3290000000,2407,DIRECT,listing,metraj_all,3
85a94198-ee48-2a86-2c76-6db3ab0e6822,272905:16,16,منطقه 16,MUNICIPAL_AREA,2024-02-20,1402-12,276,اسفند - 1402,51000000,51176181.95,43031330.75,62812105.93,3400000000,2194,DIRECT,listing,metraj_all,3
85a94198-ee48-2a86-2c76-6db3ab0e6822,272905:16,16,منطقه 16,MUNICIPAL_AREA,2024-03-20,1403-01,277,فروردین - 1403,53750000,53903666.81,44117647.06,70666666.67,3750000000,2349,DIRECT,listing,metraj_all,3
85a94198-ee48-2a86-2c76-6db3ab0e6822,272905:16,16,منطقه 16,MUNICIPAL_AREA,2024-04-20,1403-02,278,اردیبهشت - 1403,55000000,55134511.91,45607585.14,70000000,3810000000,2592,DIRECT,listing,metraj_all,3
85a94198-ee48-2a86-2c76-6db3ab0e6822,272905:16,16,منطقه 16,MUNICIPAL_AREA,2024-05-21,1403-03,279,خرداد - 1403,55000000,55107180.92,46093750,69090909.09,3735000000,3081,DIRECT,listing,metraj_all,3
85a94198-ee48-2a86-2c76-6db3ab0e6822,272905:16,16,منطقه 16,MUNICIPAL_AREA,2024-06-21,1403-04,280,تیر - 1403,54329085.46,54448899.11,46666666.67,64923404.25,3600000000,2830,DIRECT,listing,metraj_all,3
85a94198-ee48-2a86-2c76-6db3ab0e6822,272905:16,16,منطقه 16,MUNICIPAL_AREA,2024-07-22,1403-05,281,مرداد - 1403,54285714.29,54388111.1,46581788.88,63226842.46,3500000000,3143,DIRECT,listing,metraj_all,3
85a94198-ee48-2a86-2c76-6db3ab0e6822,272905:16,16,منطقه 16,MUNICIPAL_AREA,2024-08-22,1403-06,282,شهریور - 1403,54347826.09,54445762.81,46505813.96,63613053.62,3526000000,3143,DIRECT,listing,metraj_all,3
85a94198-ee48-2a86-2c76-6db3ab0e6822,272905:16,16,منطقه 16,MUNICIPAL_AREA,2024-09-22,1403-07,283,مهر - 1403,55149287.93,55221469.74,46741849.92,67828341.02,3750000128,4046,DIRECT,listing,metraj_all,3
85a94198-ee48-2a86-2c76-6db3ab0e6822,272905:16,16,منطقه 16,MUNICIPAL_AREA,2024-10-22,1403-08,284,آبان - 1403,57000001.16,57060711.91,47000002.25,78339317.89,4124999872,4419,DIRECT,listing,metraj_all,3
85a94198-ee48-2a86-2c76-6db3ab0e6822,272905:16,16,منطقه 16,MUNICIPAL_AREA,2024-11-21,1403-09,285,آذر - 1403,58466060.58,58517126.29,47619047.62,89999996.98,4300000256,5186,DIRECT,listing,metraj_all,3
85a94198-ee48-2a86-2c76-6db3ab0e6822,272905:16,16,منطقه 16,MUNICIPAL_AREA,2024-12-21,1403-10,286,دی - 1403,58999999.1,59051581.18,48000000,91919244.33,4350000128,5259,DIRECT,listing,metraj_all,3
85a94198-ee48-2a86-2c76-6db3ab0e6822,272905:16,16,منطقه 16,MUNICIPAL_AREA,2025-01-20,1403-11,287,بهمن - 1403,60000000,60051979.76,49152542.37,99999997.92,4600000000,5410,DIRECT,listing,metraj_all,3
85a94198-ee48-2a86-2c76-6db3ab0e6822,272905:16,16,منطقه 16,MUNICIPAL_AREA,2025-02-19,1403-12,288,اسفند - 1403,61855279.23,61919638.21,50000000,114821425.37,4878000128,4622,DIRECT,listing,metraj_all,3
85a94198-ee48-2a86-2c76-6db3ab0e6822,272905:16,16,منطقه 16,MUNICIPAL_AREA,2025-03-21,1404-01,289,فروردین - 1404,64035087.72,64118107.87,50714285.71,128225808.52,5299999744,3497,DIRECT,listing,metraj_all,3
85a94198-ee48-2a86-2c76-6db3ab0e6822,272905:16,16,منطقه 16,MUNICIPAL_AREA,2025-04-21,1404-02,290,اردیبهشت - 1404,61982144,62119798.84,50000000,108605070.8,4600000000,2550,DIRECT,listing,metraj_all,3
85a94198-ee48-2a86-2c76-6db3ab0e6822,272905:16,16,منطقه 16,MUNICIPAL_AREA,2025-05-22,1404-03,291,خرداد - 1404,61000000,61137020.24,50504201.68,75975903.62,4270000000,2702,DIRECT,listing,metraj_all,3
85a94198-ee48-2a86-2c76-6db3ab0e6822,272905:16,16,منطقه 16,MUNICIPAL_AREA,2025-06-22,1404-04,292,تیر - 1404,60377358.49,60498729.49,50000000,70448275.86,4000000000,3181,DIRECT,listing,metraj_all,3
85a94198-ee48-2a86-2c76-6db3ab0e6822,272905:16,16,منطقه 16,MUNICIPAL_AREA,2025-07-23,1404-05,293,مرداد - 1404,60310245.31,60426043.51,50000000,70000000,3980000000,3336,DIRECT,listing,metraj_all,3
85a94198-ee48-2a86-2c76-6db3ab0e6822,272905:16,16,منطقه 16,MUNICIPAL_AREA,2025-08-23,1404-06,294,شهریور - 1404,60560747.66,60666798.8,50000000,70805555.56,4000000000,3591,DIRECT,listing,metraj_all,3
85a94198-ee48-2a86-2c76-6db3ab0e6822,272905:16,16,منطقه 16,MUNICIPAL_AREA,2025-09-23,1404-07,295,مهر - 1404,61320754.72,61416000.03,50969362.75,72290209.79,4030000000,4051,DIRECT,listing,metraj_all,3
85a94198-ee48-2a86-2c76-6db3ab0e6822,272905:16,16,منطقه 16,MUNICIPAL_AREA,2025-10-23,1404-08,296,آبان - 1404,62121212.12,62205945.83,52198067.63,74514106.59,4190000000,4683,DIRECT,listing,metraj_all,3
85a94198-ee48-2a86-2c76-6db3ab0e6822,272905:16,16,منطقه 16,MUNICIPAL_AREA,2025-11-22,1404-09,297,آذر - 1404,63076923.08,63163069.63,53480297.16,75000000,4280000000,4927,DIRECT,listing,metraj_all,3
85a94198-ee48-2a86-2c76-6db3ab0e6822,272905:16,16,منطقه 16,MUNICIPAL_AREA,2025-12-22,1404-10,298,دی - 1404,64981751.83,65077832.78,54939215.69,77941176.47,4471500000,4716,DIRECT,listing,metraj_all,3
85a94198-ee48-2a86-2c76-6db3ab0e6822,272905:16,16,منطقه 16,MUNICIPAL_AREA,2026-01-21,1404-11,299,بهمن - 1404,68253968.25,68371391.21,57540708.2,83333333.33,4700000000,4371,DIRECT,listing,metraj_all,3
85a94198-ee48-2a86-2c76-6db3ab0e6822,272905:16,16,منطقه 16,MUNICIPAL_AREA,2026-02-20,1404-12,300,اسفند - 1404,72222222.22,72397554.82,59517857.14,86710269.22,4997500000,3080,DIRECT,listing,metraj_all,3
85a94198-ee48-2a86-2c76-6db3ab0e6822,272905:16,16,منطقه 16,MUNICIPAL_AREA,2026-03-21,1405-01,301,فروردین - 1405,78065486.14,78322642.92,62718531.47,95000000,5400000000,2204,DIRECT,listing,metraj_all,3
85a94198-ee48-2a86-2c76-6db3ab0e6822,272905:16,16,منطقه 16,MUNICIPAL_AREA,2026-04-21,1405-02,302,اردیبهشت - 1405,100000000,100245908.17,80000000,120000000,6850000000,2495,DIRECT,listing,metraj_all,3
85a94198-ee48-2a86-2c76-6db3ab0e6822,272905:16,16,منطقه 16,MUNICIPAL_AREA,2026-05-22,1405-03,303,خرداد - 1405,110000000,110182260.02,90000000,133962264.15,7700000000,4105,DIRECT,listing,metraj_all,3
85a94198-ee48-2a86-2c76-6db3ab0e6822,272905:16,16,منطقه 16,MUNICIPAL_AREA,2026-06-22,1405-04,304,تیر - 1405,113600000,113795532.06,93281250,139024390.24,8100000000,4153,DIRECT,listing,metraj_all,3
85a94198-ee48-2a86-2c76-6db3ab0e6822,272905:16,16,منطقه 16,MUNICIPAL_AREA,2026-07-23,1405-05,305,مرداد - 1405,120000000,120205104.82,99343444.23,150000000,8580000000,4378,DIRECT,listing,metraj_all,3
0f4e5ea7-940e-bf26-6074-ac7b3dd75317,272905:17,17,منطقه 17,MUNICIPAL_AREA,2021-08-23,1400-06,246,شهریور - 1400,16646586.35,16759723.18,14799696.77,20131921.14,1050000000,786,DIRECT,listing,metraj_all,3
0f4e5ea7-940e-bf26-6074-ac7b3dd75317,272905:17,17,منطقه 17,MUNICIPAL_AREA,2021-09-23,1400-07,247,مهر - 1400,16842105.26,16970391.45,14866597.36,21000000,1070000000,706,DIRECT,listing,metraj_all,3
0f4e5ea7-940e-bf26-6074-ac7b3dd75317,272905:17,17,منطقه 17,MUNICIPAL_AREA,2021-10-23,1400-08,248,آبان - 1400,16895945.95,17023694.65,14905222.44,21000000,1107000000,712,DIRECT,listing,metraj_all,3
0f4e5ea7-940e-bf26-6074-ac7b3dd75317,272905:17,17,منطقه 17,MUNICIPAL_AREA,2021-11-22,1400-09,249,آذر - 1400,17647058.82,17745688.62,15093481.99,22727272.73,1200000000,820,DIRECT,listing,metraj_all,3
0f4e5ea7-940e-bf26-6074-ac7b3dd75317,272905:17,17,منطقه 17,MUNICIPAL_AREA,2021-12-22,1400-10,250,دی - 1400,18000000,18110722.6,15873511.9,22744318.18,1200000000,738,DIRECT,listing,metraj_all,3
0f4e5ea7-940e-bf26-6074-ac7b3dd75317,272905:17,17,منطقه 17,MUNICIPAL_AREA,2022-01-21,1400-11,251,بهمن - 1400,18000000,18113182.4,16000000,22727272.73,1200000000,741,DIRECT,listing,metraj_all,3
0f4e5ea7-940e-bf26-6074-ac7b3dd75317,272905:17,17,منطقه 17,MUNICIPAL_AREA,2022-02-20,1400-12,252,اسفند - 1400,18022727.28,18178582.67,16070013.66,21944159.83,1176000000,566,DIRECT,listing,metraj_all,3
0f4e5ea7-940e-bf26-6074-ac7b3dd75317,272905:17,17,منطقه 17,MUNICIPAL_AREA,2022-03-21,1401-01,253,فروردین - 1401,18666666.67,18842652.91,16495614.04,22679487.18,1200000000,579,DIRECT,listing,metraj_all,3
0f4e5ea7-940e-bf26-6074-ac7b3dd75317,272905:17,17,منطقه 17,MUNICIPAL_AREA,2022-04-21,1401-02,254,اردیبهشت - 1401,19526212.51,19780225.08,17433261.18,22936651.58,1244000000,750,DIRECT,listing,metraj_all,3
0f4e5ea7-940e-bf26-6074-ac7b3dd75317,272905:17,17,منطقه 17,MUNICIPAL_AREA,2022-05-22,1401-03,255,خرداد - 1401,21000000,21137841.75,18181818.18,24818181.82,1323000000,1449,DIRECT,listing,metraj_all,3
0f4e5ea7-940e-bf26-6074-ac7b3dd75317,272905:17,17,منطقه 17,MUNICIPAL_AREA,2022-06-22,1401-04,256,تیر - 1401,22222222.22,22319765.85,18965517.24,25794392.52,1400000000,2089,DIRECT,listing,metraj_all,3
0f4e5ea7-940e-bf26-6074-ac7b3dd75317,272905:17,17,منطقه 17,MUNICIPAL_AREA,2022-07-23,1401-05,257,مرداد - 1401,23529411.76,23609092.88,20128974.69,26785714.29,1480000000,2511,DIRECT,listing,metraj_all,3
0f4e5ea7-940e-bf26-6074-ac7b3dd75317,272905:17,17,منطقه 17,MUNICIPAL_AREA,2022-08-23,1401-06,258,شهریور - 1401,24603174.6,24681525.07,21307868.86,27777777.78,1510000000,2806,DIRECT,listing,metraj_all,3
0f4e5ea7-940e-bf26-6074-ac7b3dd75317,272905:17,17,منطقه 17,MUNICIPAL_AREA,2022-09-23,1401-07,259,مهر - 1401,25000000,25114807.31,21900000,27976190.48,1530000000,1977,DIRECT,listing,metraj_all,3
0f4e5ea7-940e-bf26-6074-ac7b3dd75317,272905:17,17,منطقه 17,MUNICIPAL_AREA,2022-10-23,1401-08,260,آبان - 1401,25000000,25217860.26,22000000,28000000,1520000000,1129,DIRECT,listing,metraj_all,3
0f4e5ea7-940e-bf26-6074-ac7b3dd75317,272905:17,17,منطقه 17,MUNICIPAL_AREA,2022-11-22,1401-09,261,آذر - 1401,29807410.13,32902614.4,26843434.34,32514534.88,1900000000,96,DIRECT,listing,metraj_all,3
0f4e5ea7-940e-bf26-6074-ac7b3dd75317,272905:17,17,منطقه 17,MUNICIPAL_AREA,2022-12-22,1401-10,262,دی - 1401,30000000,30666125.47,26315789.47,33000000,1885000000,412,DIRECT,listing,metraj_all,3
0f4e5ea7-940e-bf26-6074-ac7b3dd75317,272905:17,17,منطقه 17,MUNICIPAL_AREA,2023-01-21,1401-11,263,بهمن - 1401,32142857.14,32393529.66,28000000,36250000,2035000000,957,DIRECT,listing,metraj_all,3
0f4e5ea7-940e-bf26-6074-ac7b3dd75317,272905:17,17,منطقه 17,MUNICIPAL_AREA,2023-02-20,1401-12,264,اسفند - 1401,33000000,33188923.68,29010869.57,38410526.32,2100000000,1027,DIRECT,listing,metraj_all,3
0f4e5ea7-940e-bf26-6074-ac7b3dd75317,272905:17,17,منطقه 17,MUNICIPAL_AREA,2023-03-21,1402-01,265,فروردین - 1402,34855263.16,35096481.81,30790020.79,40000000,2250000000,715,DIRECT,listing,metraj_all,3
0f4e5ea7-940e-bf26-6074-ac7b3dd75317,272905:17,17,منطقه 17,MUNICIPAL_AREA,2023-04-21,1402-02,266,اردیبهشت - 1402,49009803.92,49217611.37,42000000,54895982.78,2850000000,1762,DIRECT,listing,metraj_all,3
0f4e5ea7-940e-bf26-6074-ac7b3dd75317,272905:17,17,منطقه 17,MUNICIPAL_AREA,2023-05-22,1402-03,267,خرداد - 1402,49833333.33,49974359.38,43402658.67,55357142.86,2880000000,3135,DIRECT,listing,metraj_all,3
0f4e5ea7-940e-bf26-6074-ac7b3dd75317,272905:17,17,منطقه 17,MUNICIPAL_AREA,2023-06-22,1402-04,268,تیر - 1402,49569230.77,49664736.08,43000000,55419205.21,2900000000,4616,DIRECT,listing,metraj_all,3
0f4e5ea7-940e-bf26-6074-ac7b3dd75317,272905:17,17,منطقه 17,MUNICIPAL_AREA,2023-07-23,1402-05,269,مرداد - 1402,49019607.84,49120425.45,42857142.86,55185185.19,2900000000,4289,DIRECT,listing,metraj_all,3
0f4e5ea7-940e-bf26-6074-ac7b3dd75317,272905:17,17,منطقه 17,MUNICIPAL_AREA,2023-08-23,1402-06,270,شهریور - 1402,48461538.46,48567141.07,42110822.84,55000000,2880000000,3932,DIRECT,listing,metraj_all,3
0f4e5ea7-940e-bf26-6074-ac7b3dd75317,272905:17,17,منطقه 17,MUNICIPAL_AREA,2023-09-23,1402-07,271,مهر - 1402,47826086.96,47939373.17,41666666.67,54000000,2800000000,3557,DIRECT,listing,metraj_all,3
0f4e5ea7-940e-bf26-6074-ac7b3dd75317,272905:17,17,منطقه 17,MUNICIPAL_AREA,2023-10-23,1402-08,272,آبان - 1402,47000000,47116351.28,41194029.85,53456811.2,2700000000,3491,DIRECT,listing,metraj_all,3
0f4e5ea7-940e-bf26-6074-ac7b3dd75317,272905:17,17,منطقه 17,MUNICIPAL_AREA,2023-11-22,1402-09,273,آذر - 1402,46478873.24,46600326.65,40861131.7,52941176.47,2650000000,3399,DIRECT,listing,metraj_all,3
0f4e5ea7-940e-bf26-6074-ac7b3dd75317,272905:17,17,منطقه 17,MUNICIPAL_AREA,2023-12-22,1402-10,274,دی - 1402,46600000,46715998.86,41093750,52810256.41,2650000000,3559,DIRECT,listing,metraj_all,3
0f4e5ea7-940e-bf26-6074-ac7b3dd75317,272905:17,17,منطقه 17,MUNICIPAL_AREA,2024-01-21,1402-11,275,بهمن - 1402,47317073.17,47424868.85,41666666.67,53522858.46,2750000000,3795,DIRECT,listing,metraj_all,3
0f4e5ea7-940e-bf26-6074-ac7b3dd75317,272905:17,17,منطقه 17,MUNICIPAL_AREA,2024-02-20,1402-12,276,اسفند - 1402,48000000,48104497.88,42307692.31,55000000,2800000000,3993,DIRECT,listing,metraj_all,3
0f4e5ea7-940e-bf26-6074-ac7b3dd75317,272905:17,17,منطقه 17,MUNICIPAL_AREA,2024-03-20,1403-01,277,فروردین - 1403,50000000,50095992.32,43181818.18,58181818.18,2950000000,4157,DIRECT,listing,metraj_all,3
0f4e5ea7-940e-bf26-6074-ac7b3dd75317,272905:17,17,منطقه 17,MUNICIPAL_AREA,2024-04-20,1403-02,278,اردیبهشت - 1403,51052631.58,51137762.44,45000000,58500000,3000000000,4565,DIRECT,listing,metraj_all,3
0f4e5ea7-940e-bf26-6074-ac7b3dd75317,272905:17,17,منطقه 17,MUNICIPAL_AREA,2024-05-21,1403-03,279,خرداد - 1403,51562500,51634938.83,46000000,58000000,3025500000,5038,DIRECT,listing,metraj_all,3
0f4e5ea7-940e-bf26-6074-ac7b3dd75317,272905:17,17,منطقه 17,MUNICIPAL_AREA,2024-06-21,1403-04,280,تیر - 1403,51220867.21,51297498.03,46078431.37,56944444.44,3030000000,4836,DIRECT,listing,metraj_all,3
0f4e5ea7-940e-bf26-6074-ac7b3dd75317,272905:17,17,منطقه 17,MUNICIPAL_AREA,2024-07-22,1403-05,281,مرداد - 1403,50862068.97,50930438.41,45833333.33,56060606.06,3000000000,5213,DIRECT,listing,metraj_all,3
0f4e5ea7-940e-bf26-6074-ac7b3dd75317,272905:17,17,منطقه 17,MUNICIPAL_AREA,2024-08-22,1403-06,282,شهریور - 1403,50000000,50070595.74,45333333.33,55689935.06,3000000000,4980,DIRECT,listing,metraj_all,3
0f4e5ea7-940e-bf26-6074-ac7b3dd75317,272905:17,17,منطقه 17,MUNICIPAL_AREA,2024-09-22,1403-07,283,مهر - 1403,50000000,50059850.89,45000000,55714285.71,3000000000,5742,DIRECT,listing,metraj_all,3
0f4e5ea7-940e-bf26-6074-ac7b3dd75317,272905:17,17,منطقه 17,MUNICIPAL_AREA,2024-10-22,1403-08,284,آبان - 1403,50000000,50063367.22,45000000,56547079.07,3050000000,5338,DIRECT,listing,metraj_all,3
0f4e5ea7-940e-bf26-6074-ac7b3dd75317,272905:17,17,منطقه 17,MUNICIPAL_AREA,2024-11-21,1403-09,285,آذر - 1403,50222222.22,50282820.9,45205479.45,57432432.43,3150000128,5729,DIRECT,listing,metraj_all,3
0f4e5ea7-940e-bf26-6074-ac7b3dd75317,272905:17,17,منطقه 17,MUNICIPAL_AREA,2024-12-21,1403-10,286,دی - 1403,51086959.3,51147472.56,45750000,58333330.29,3150000128,5789,DIRECT,listing,metraj_all,3
0f4e5ea7-940e-bf26-6074-ac7b3dd75317,272905:17,17,منطقه 17,MUNICIPAL_AREA,2025-01-20,1403-11,287,بهمن - 1403,51992646.03,52052567.17,46336980.38,58823529.41,3200000000,6028,DIRECT,listing,metraj_all,3
0f4e5ea7-940e-bf26-6074-ac7b3dd75317,272905:17,17,منطقه 17,MUNICIPAL_AREA,2025-02-19,1403-12,288,اسفند - 1403,52439027.51,52508567.19,46602958.45,59240382.03,3195000064,5631,DIRECT,listing,metraj_all,3
0f4e5ea7-940e-bf26-6074-ac7b3dd75317,272905:17,17,منطقه 17,MUNICIPAL_AREA,2025-03-21,1404-01,289,فروردین - 1404,53110349.64,53204295.92,46938775.08,59688620.96,3200000000,4252,DIRECT,listing,metraj_all,3
0f4e5ea7-940e-bf26-6074-ac7b3dd75317,272905:17,17,منطقه 17,MUNICIPAL_AREA,2025-04-21,1404-02,290,اردیبهشت - 1404,55000000,55107352.61,48979591.84,61403508.77,3250000000,3923,DIRECT,listing,metraj_all,3
0f4e5ea7-940e-bf26-6074-ac7b3dd75317,272905:17,17,منطقه 17,MUNICIPAL_AREA,2025-05-22,1404-03,291,خرداد - 1404,56818181.82,56912850.26,50810810.81,63414634.15,3500000000,4357,DIRECT,listing,metraj_all,3
0f4e5ea7-940e-bf26-6074-ac7b3dd75317,272905:17,17,منطقه 17,MUNICIPAL_AREA,2025-06-22,1404-04,292,تیر - 1404,57142857.14,57220726.85,51388888.89,63725490.2,3500000000,5379,DIRECT,listing,metraj_all,3
0f4e5ea7-940e-bf26-6074-ac7b3dd75317,272905:17,17,منطقه 17,MUNICIPAL_AREA,2025-07-23,1404-05,293,مرداد - 1404,57083333.33,57158973.97,50980392.16,63636363.64,3500000000,5539,DIRECT,listing,metraj_all,3
0f4e5ea7-940e-bf26-6074-ac7b3dd75317,272905:17,17,منطقه 17,MUNICIPAL_AREA,2025-08-23,1404-06,294,شهریور - 1404,56818181.82,56887812.48,50781250,63000000,3437500000,6012,DIRECT,listing,metraj_all,3
0f4e5ea7-940e-bf26-6074-ac7b3dd75317,272905:17,17,منطقه 17,MUNICIPAL_AREA,2025-09-23,1404-07,295,مهر - 1404,56716417.91,56777751.99,50350877.19,63110775.11,3450000000,7047,DIRECT,listing,metraj_all,3
0f4e5ea7-940e-bf26-6074-ac7b3dd75317,272905:17,17,منطقه 17,MUNICIPAL_AREA,2025-10-23,1404-08,296,آبان - 1404,57446808.51,57501883.41,51000000,64166666.67,3500000000,8059,DIRECT,listing,metraj_all,3
0f4e5ea7-940e-bf26-6074-ac7b3dd75317,272905:17,17,منطقه 17,MUNICIPAL_AREA,2025-11-22,1404-09,297,آذر - 1404,58269135.81,58325504.4,51939094.85,65333333.33,3570000000,8388,DIRECT,listing,metraj_all,3
0f4e5ea7-940e-bf26-6074-ac7b3dd75317,272905:17,17,منطقه 17,MUNICIPAL_AREA,2025-12-22,1404-10,298,دی - 1404,60000000,60061458.24,53636363.64,68392857.14,3700000000,8189,DIRECT,listing,metraj_all,3
0f4e5ea7-940e-bf26-6074-ac7b3dd75317,272905:17,17,منطقه 17,MUNICIPAL_AREA,2026-01-21,1404-11,299,بهمن - 1404,64262295.08,64333065.76,56153846.15,74468085.11,3900000000,7823,DIRECT,listing,metraj_all,3
0f4e5ea7-940e-bf26-6074-ac7b3dd75317,272905:17,17,منطقه 17,MUNICIPAL_AREA,2026-02-20,1404-12,300,اسفند - 1404,68032786.89,68135618.48,59259259.26,78760080.65,4100000000,5666,DIRECT,listing,metraj_all,3
0f4e5ea7-940e-bf26-6074-ac7b3dd75317,272905:17,17,منطقه 17,MUNICIPAL_AREA,2026-03-21,1405-01,301,فروردین - 1405,74590163.93,74736683.05,64912280.7,85555555.56,4350000000,4113,DIRECT,listing,metraj_all,3
0f4e5ea7-940e-bf26-6074-ac7b3dd75317,272905:17,17,منطقه 17,MUNICIPAL_AREA,2026-04-21,1405-02,302,اردیبهشت - 1405,94915254.24,95039782.24,80645161.29,109523809.52,6000000000,5345,DIRECT,listing,metraj_all,3
0f4e5ea7-940e-bf26-6074-ac7b3dd75317,272905:17,17,منطقه 17,MUNICIPAL_AREA,2026-05-22,1405-03,303,خرداد - 1405,103243663.32,103338048.38,89881877.99,120000000,6600000000,8652,DIRECT,listing,metraj_all,3
0f4e5ea7-940e-bf26-6074-ac7b3dd75317,272905:17,17,منطقه 17,MUNICIPAL_AREA,2026-06-22,1405-04,304,تیر - 1405,106923076.92,107024210.14,93364779.88,122826086.96,6800000000,8699,DIRECT,listing,metraj_all,3
0f4e5ea7-940e-bf26-6074-ac7b3dd75317,272905:17,17,منطقه 17,MUNICIPAL_AREA,2026-07-23,1405-05,305,مرداد - 1405,112500000,112614868.04,98837209.3,127835051.55,7000000000,8478,DIRECT,listing,metraj_all,3
d0b9d990-5b5e-5625-112b-1a5f5b446501,272905:18,18,منطقه 18,MUNICIPAL_AREA,2021-08-23,1400-06,246,شهریور - 1400,15925925.93,16004301.05,13402127.66,19454500.58,1020000000,1231,DIRECT,listing,metraj_all,3
d0b9d990-5b5e-5625-112b-1a5f5b446501,272905:18,18,منطقه 18,MUNICIPAL_AREA,2021-09-23,1400-07,247,مهر - 1400,16033573.81,16125938.16,13498015.87,19914772.73,1080000000,1072,DIRECT,listing,metraj_all,3
d0b9d990-5b5e-5625-112b-1a5f5b446501,272905:18,18,منطقه 18,MUNICIPAL_AREA,2021-10-23,1400-08,248,آبان - 1400,16161616.16,16257826.65,13500000,20000000,1100000000,1025,DIRECT,listing,metraj_all,3
d0b9d990-5b5e-5625-112b-1a5f5b446501,272905:18,18,منطقه 18,MUNICIPAL_AREA,2021-11-22,1400-09,249,آذر - 1400,16200000,16276152.82,13757352.94,20447860.96,1125000000,1255,DIRECT,listing,metraj_all,3
d0b9d990-5b5e-5625-112b-1a5f5b446501,272905:18,18,منطقه 18,MUNICIPAL_AREA,2021-12-22,1400-10,250,دی - 1400,16770186.34,16851693.32,14000000,21551724.14,1150000000,1157,DIRECT,listing,metraj_all,3
d0b9d990-5b5e-5625-112b-1a5f5b446501,272905:18,18,منطقه 18,MUNICIPAL_AREA,2022-01-21,1400-11,251,بهمن - 1400,17000000,17075636.93,14265873.02,21500000,1140000000,1246,DIRECT,listing,metraj_all,3
d0b9d990-5b5e-5625-112b-1a5f5b446501,272905:18,18,منطقه 18,MUNICIPAL_AREA,2022-02-20,1400-12,252,اسفند - 1400,17500000,17598547.69,14700000,21798418.97,1120000000,954,DIRECT,listing,metraj_all,3
d0b9d990-5b5e-5625-112b-1a5f5b446501,272905:18,18,منطقه 18,MUNICIPAL_AREA,2022-03-21,1401-01,253,فروردین - 1401,17647058.82,17771623.34,14813988.1,22119047.62,1150000000,904,DIRECT,listing,metraj_all,3
d0b9d990-5b5e-5625-112b-1a5f5b446501,272905:18,18,منطقه 18,MUNICIPAL_AREA,2022-04-21,1401-02,254,اردیبهشت - 1401,19259259.26,19458769.03,16000000,24000000,1250000000,971,DIRECT,listing,metraj_all,3
d0b9d990-5b5e-5625-112b-1a5f5b446501,272905:18,18,منطقه 18,MUNICIPAL_AREA,2022-05-22,1401-03,255,خرداد - 1401,21000000,21119212.28,17428571.43,25087719.3,1350000000,1677,DIRECT,listing,metraj_all,3
d0b9d990-5b5e-5625-112b-1a5f5b446501,272905:18,18,منطقه 18,MUNICIPAL_AREA,2022-06-22,1401-04,256,تیر - 1401,22307692.31,22393976.43,18854166.67,26851851.85,1450000000,2353,DIRECT,listing,metraj_all,3
d0b9d990-5b5e-5625-112b-1a5f5b446501,272905:18,18,منطقه 18,MUNICIPAL_AREA,2022-07-23,1401-05,257,مرداد - 1401,23500000,23570487.11,19841269.84,27906976.74,1510000000,2844,DIRECT,listing,metraj_all,3
d0b9d990-5b5e-5625-112b-1a5f5b446501,272905:18,18,منطقه 18,MUNICIPAL_AREA,2022-08-23,1401-06,258,شهریور - 1401,25000000,25071342.33,20967741.94,28750000,1600000000,3027,DIRECT,listing,metraj_all,3
d0b9d990-5b5e-5625-112b-1a5f5b446501,272905:18,18,منطقه 18,MUNICIPAL_AREA,2022-09-23,1401-07,259,مهر - 1401,25000000,25108526.22,21153846.15,29000000,1600000000,2092,DIRECT,listing,metraj_all,3
d0b9d990-5b5e-5625-112b-1a5f5b446501,272905:18,18,منطقه 18,MUNICIPAL_AREA,2022-10-23,1401-08,260,آبان - 1401,25000000,25220964.24,21428571.43,29218750,1600000000,1113,DIRECT,listing,metraj_all,3
d0b9d990-5b5e-5625-112b-1a5f5b446501,272905:18,18,منطقه 18,MUNICIPAL_AREA,2022-11-22,1401-09,261,آذر - 1401,39285714.29,39619489.13,28676470.59,50833333.33,4000000000,689,DIRECT,listing,metraj_all,3
d0b9d990-5b5e-5625-112b-1a5f5b446501,272905:18,18,منطقه 18,MUNICIPAL_AREA,2022-12-22,1401-10,262,دی - 1401,37817460.32,37913453.86,27623684.21,50833333.33,3410000000,2104,DIRECT,listing,metraj_all,3
d0b9d990-5b5e-5625-112b-1a5f5b446501,272905:18,18,منطقه 18,MUNICIPAL_AREA,2023-01-21,1401-11,263,بهمن - 1401,40991803.28,41024930.89,29588243.75,54389473.68,3992500000,4636,DIRECT,listing,metraj_all,3
d0b9d990-5b5e-5625-112b-1a5f5b446501,272905:18,18,منطقه 18,MUNICIPAL_AREA,2023-02-20,1401-12,264,اسفند - 1401,42295081.97,42316342.15,30000000,56250000,4000000000,4833,DIRECT,listing,metraj_all,3
d0b9d990-5b5e-5625-112b-1a5f5b446501,272905:18,18,منطقه 18,MUNICIPAL_AREA,2023-03-21,1402-01,265,فروردین - 1402,44850541.46,44872349.01,31984504.13,58880208.34,4440000000,3426,DIRECT,listing,metraj_all,3
d0b9d990-5b5e-5625-112b-1a5f5b446501,272905:18,18,منطقه 18,MUNICIPAL_AREA,2023-04-21,1402-02,266,اردیبهشت - 1402,59290646.58,59335301.09,42747241.08,84615384.62,5354000000,5934,DIRECT,listing,metraj_all,3
d0b9d990-5b5e-5625-112b-1a5f5b446501,272905:18,18,منطقه 18,MUNICIPAL_AREA,2023-05-22,1402-03,267,خرداد - 1402,63373983.74,63405683.37,45000000,89600000,5542500000,9710,DIRECT,listing,metraj_all,3
d0b9d990-5b5e-5625-112b-1a5f5b446501,272905:18,18,منطقه 18,MUNICIPAL_AREA,2023-06-22,1402-04,268,تیر - 1402,61764705.88,61786888.61,44680851.06,88524590.16,5400000000,14409,DIRECT,listing,metraj_all,3
d0b9d990-5b5e-5625-112b-1a5f5b446501,272905:18,18,منطقه 18,MUNICIPAL_AREA,2023-07-23,1402-05,269,مرداد - 1402,60000000,60024790.18,44139951.51,87784552.85,5050000000,13044,DIRECT,listing,metraj_all,3
d0b9d990-5b5e-5625-112b-1a5f5b446501,272905:18,18,منطقه 18,MUNICIPAL_AREA,2023-08-23,1402-06,270,شهریور - 1402,57017543.86,57045085.95,42507978.72,85000000,4650000000,11998,DIRECT,listing,metraj_all,3
d0b9d990-5b5e-5625-112b-1a5f5b446501,272905:18,18,منطقه 18,MUNICIPAL_AREA,2023-09-23,1402-07,271,مهر - 1402,55942292.17,55973390.96,41822820.04,83783783.78,4500000000,10374,DIRECT,listing,metraj_all,3
d0b9d990-5b5e-5625-112b-1a5f5b446501,272905:18,18,منطقه 18,MUNICIPAL_AREA,2023-10-23,1402-08,272,آبان - 1402,54901960.78,54936660.23,40376180.83,81525919.73,4400000000,9452,DIRECT,listing,metraj_all,3
d0b9d990-5b5e-5625-112b-1a5f5b446501,272905:18,18,منطقه 18,MUNICIPAL_AREA,2023-11-22,1402-09,273,آذر - 1402,53636363.64,53680523.51,40500000,78947368.42,4264000000,7745,DIRECT,listing,metraj_all,3
d0b9d990-5b5e-5625-112b-1a5f5b446501,272905:18,18,منطقه 18,MUNICIPAL_AREA,2023-12-22,1402-10,274,دی - 1402,50925925.93,50980591.32,40625000,72413793.1,3960000000,6772,DIRECT,listing,metraj_all,3
d0b9d990-5b5e-5625-112b-1a5f5b446501,272905:18,18,منطقه 18,MUNICIPAL_AREA,2024-01-21,1402-11,275,بهمن - 1402,50000000,50061059.78,40314751.02,68367346.94,3780000000,6268,DIRECT,listing,metraj_all,3
d0b9d990-5b5e-5625-112b-1a5f5b446501,272905:18,18,منطقه 18,MUNICIPAL_AREA,2024-02-20,1402-12,276,اسفند - 1402,50000000,50070583.91,40322580.65,67961165.05,3800000000,5633,DIRECT,listing,metraj_all,3
d0b9d990-5b5e-5625-112b-1a5f5b446501,272905:18,18,منطقه 18,MUNICIPAL_AREA,2024-03-20,1403-01,277,فروردین - 1403,50000000,50084405.99,40533783.78,66639344.26,3640000000,4729,DIRECT,listing,metraj_all,3
d0b9d990-5b5e-5625-112b-1a5f5b446501,272905:18,18,منطقه 18,MUNICIPAL_AREA,2024-04-20,1403-02,278,اردیبهشت - 1403,50000000,50096805.42,42244414.77,60860507.25,3377500000,4122,DIRECT,listing,metraj_all,3
d0b9d990-5b5e-5625-112b-1a5f5b446501,272905:18,18,منطقه 18,MUNICIPAL_AREA,2024-05-21,1403-03,279,خرداد - 1403,49615384.62,49704765.54,42666666.67,58490566.04,3200000000,4299,DIRECT,listing,metraj_all,3
d0b9d990-5b5e-5625-112b-1a5f5b446501,272905:18,18,منطقه 18,MUNICIPAL_AREA,2024-06-21,1403-04,280,تیر - 1403,50000000,50089722.01,43243243.24,57777777.78,3200000000,4265,DIRECT,listing,metraj_all,3
d0b9d990-5b5e-5625-112b-1a5f5b446501,272905:18,18,منطقه 18,MUNICIPAL_AREA,2024-07-22,1403-05,281,مرداد - 1403,50000000,50077138.64,43333333.33,57392228.3,3150000000,4731,DIRECT,listing,metraj_all,3
d0b9d990-5b5e-5625-112b-1a5f5b446501,272905:18,18,منطقه 18,MUNICIPAL_AREA,2024-08-22,1403-06,282,شهریور - 1403,50000000,50073666.4,43615543.74,57415311.66,3130000000,4772,DIRECT,listing,metraj_all,3
d0b9d990-5b5e-5625-112b-1a5f5b446501,272905:18,18,منطقه 18,MUNICIPAL_AREA,2024-09-22,1403-07,283,مهر - 1403,50000000,50064204.09,43661971.83,57789020.57,3150000000,5352,DIRECT,listing,metraj_all,3
d0b9d990-5b5e-5625-112b-1a5f5b446501,272905:18,18,منطقه 18,MUNICIPAL_AREA,2024-10-22,1403-08,284,آبان - 1403,50000000,50067226.33,43965518.35,58951297.11,3200000000,5031,DIRECT,listing,metraj_all,3
d0b9d990-5b5e-5625-112b-1a5f5b446501,272905:18,18,منطقه 18,MUNICIPAL_AREA,2024-11-21,1403-09,285,آذر - 1403,50500000,50563688.03,43822570.13,59375001.57,3200000000,5407,DIRECT,listing,metraj_all,3
d0b9d990-5b5e-5625-112b-1a5f5b446501,272905:18,18,منطقه 18,MUNICIPAL_AREA,2024-12-21,1403-10,286,دی - 1403,51123735.92,51187218.11,44086700.34,59999996.59,3300000000,5512,DIRECT,listing,metraj_all,3
d0b9d990-5b5e-5625-112b-1a5f5b446501,272905:18,18,منطقه 18,MUNICIPAL_AREA,2025-01-20,1403-11,287,بهمن - 1403,52000000,52063932.53,44734449.77,60000000,3400000000,5648,DIRECT,listing,metraj_all,3
d0b9d990-5b5e-5625-112b-1a5f5b446501,272905:18,18,منطقه 18,MUNICIPAL_AREA,2025-02-19,1403-12,288,اسفند - 1403,52000000,52083560.9,44871794.87,60000002.13,3400000000,4737,DIRECT,listing,metraj_all,3
d0b9d990-5b5e-5625-112b-1a5f5b446501,272905:18,18,منطقه 18,MUNICIPAL_AREA,2025-03-21,1404-01,289,فروردین - 1404,52631578.95,52745140.26,45144487.91,60655737.7,3430000128,3558,DIRECT,listing,metraj_all,3
d0b9d990-5b5e-5625-112b-1a5f5b446501,272905:18,18,منطقه 18,MUNICIPAL_AREA,2025-04-21,1404-02,290,اردیبهشت - 1404,53846153.85,53978275.78,45833333.33,61764705.88,3489999872,3273,DIRECT,listing,metraj_all,3
d0b9d990-5b5e-5625-112b-1a5f5b446501,272905:18,18,منطقه 18,MUNICIPAL_AREA,2025-05-22,1404-03,291,خرداد - 1404,55227272.73,55330550.61,47000000,64775318.58,3600000000,4147,DIRECT,listing,metraj_all,3
d0b9d990-5b5e-5625-112b-1a5f5b446501,272905:18,18,منطقه 18,MUNICIPAL_AREA,2025-06-22,1404-04,292,تیر - 1404,55749198.72,55834247.06,47272727.27,65173952.63,3600000000,5088,DIRECT,listing,metraj_all,3
d0b9d990-5b5e-5625-112b-1a5f5b446501,272905:18,18,منطقه 18,MUNICIPAL_AREA,2025-07-23,1404-05,293,مرداد - 1404,55882352.94,55966941.44,47500000,66666666.67,3605000000,5094,DIRECT,listing,metraj_all,3
d0b9d990-5b5e-5625-112b-1a5f5b446501,272905:18,18,منطقه 18,MUNICIPAL_AREA,2025-08-23,1404-06,294,شهریور - 1404,55555555.56,55636808.77,47500000,67000000,3600000000,5306,DIRECT,listing,metraj_all,3
d0b9d990-5b5e-5625-112b-1a5f5b446501,272905:18,18,منطقه 18,MUNICIPAL_AREA,2025-09-23,1404-07,295,مهر - 1404,56000000,56073999.12,47500000,67684659.09,3600000000,5936,DIRECT,listing,metraj_all,3
d0b9d990-5b5e-5625-112b-1a5f5b446501,272905:18,18,منطقه 18,MUNICIPAL_AREA,2025-10-23,1404-08,296,آبان - 1404,56756756.76,56821870,48020833.33,68666666.67,3650000000,6921,DIRECT,listing,metraj_all,3
d0b9d990-5b5e-5625-112b-1a5f5b446501,272905:18,18,منطقه 18,MUNICIPAL_AREA,2025-11-22,1404-09,297,آذر - 1404,58000000,58063349.93,49000000,70000000,3760000000,7505,DIRECT,listing,metraj_all,3
d0b9d990-5b5e-5625-112b-1a5f5b446501,272905:18,18,منطقه 18,MUNICIPAL_AREA,2025-12-22,1404-10,298,دی - 1404,59743589.74,59811799.86,50000000,71666666.67,3900000000,7415,DIRECT,listing,metraj_all,3
d0b9d990-5b5e-5625-112b-1a5f5b446501,272905:18,18,منطقه 18,MUNICIPAL_AREA,2026-01-21,1404-11,299,بهمن - 1404,63157894.74,63236171.18,52631578.95,76119402.99,4150000000,7213,DIRECT,listing,metraj_all,3
d0b9d990-5b5e-5625-112b-1a5f5b446501,272905:18,18,منطقه 18,MUNICIPAL_AREA,2026-02-20,1404-12,300,اسفند - 1404,65942028.99,66057738.02,54920634.92,80000000,4400000000,5215,DIRECT,listing,metraj_all,3
d0b9d990-5b5e-5625-112b-1a5f5b446501,272905:18,18,منطقه 18,MUNICIPAL_AREA,2026-03-21,1405-01,301,فروردین - 1405,72340425.53,72496567,59433962.26,88428213.39,5000000000,4003,DIRECT,listing,metraj_all,3
d0b9d990-5b5e-5625-112b-1a5f5b446501,272905:18,18,منطقه 18,MUNICIPAL_AREA,2026-04-21,1405-02,302,اردیبهشت - 1405,92105263.16,92253978.62,74360338.25,115310718.89,6200000000,4663,DIRECT,listing,metraj_all,3
d0b9d990-5b5e-5625-112b-1a5f5b446501,272905:18,18,منطقه 18,MUNICIPAL_AREA,2026-05-22,1405-03,303,خرداد - 1405,100933551.2,101050505.08,82610367.89,125000000,6600000000,7178,DIRECT,listing,metraj_all,3
d0b9d990-5b5e-5625-112b-1a5f5b446501,272905:18,18,منطقه 18,MUNICIPAL_AREA,2026-06-22,1405-04,304,تیر - 1405,104166666.67,104297569.29,85314685.31,126000000,6700000000,6929,DIRECT,listing,metraj_all,3
d0b9d990-5b5e-5625-112b-1a5f5b446501,272905:18,18,منطقه 18,MUNICIPAL_AREA,2026-07-23,1405-05,305,مرداد - 1405,110769230.77,110908170.51,91666666.67,133333333.33,7035000000,7132,DIRECT,listing,metraj_all,3
53b7a2a5-d503-16b5-4790-b5c2c786e5ff,272905:19,19,منطقه 19,MUNICIPAL_AREA,2021-08-23,1400-06,246,شهریور - 1400,18055555.56,18192928.48,14000000,24388235.3,1250000000,543,DIRECT,listing,metraj_all,3
53b7a2a5-d503-16b5-4790-b5c2c786e5ff,272905:19,19,منطقه 19,MUNICIPAL_AREA,2021-09-23,1400-07,247,مهر - 1400,18055555.56,18209749.77,14024390.24,25000000,1250000000,507,DIRECT,listing,metraj_all,3
53b7a2a5-d503-16b5-4790-b5c2c786e5ff,272905:19,19,منطقه 19,MUNICIPAL_AREA,2021-10-23,1400-08,248,آبان - 1400,19047619.05,19179309.61,14666666.67,26666666.67,1250000000,527,DIRECT,listing,metraj_all,3
53b7a2a5-d503-16b5-4790-b5c2c786e5ff,272905:19,19,منطقه 19,MUNICIPAL_AREA,2021-11-22,1400-09,249,آذر - 1400,19157801.42,19259873.76,14528574.49,27299783.55,1300000000,644,DIRECT,listing,metraj_all,3
53b7a2a5-d503-16b5-4790-b5c2c786e5ff,272905:19,19,منطقه 19,MUNICIPAL_AREA,2021-12-22,1400-10,250,دی - 1400,19044357.47,19158516.67,14360269.36,26750000,1220000000,624,DIRECT,listing,metraj_all,3
53b7a2a5-d503-16b5-4790-b5c2c786e5ff,272905:19,19,منطقه 19,MUNICIPAL_AREA,2022-01-21,1400-11,251,بهمن - 1400,18604651.16,18730173.38,13989247.31,25777665.32,1200000000,619,DIRECT,listing,metraj_all,3
53b7a2a5-d503-16b5-4790-b5c2c786e5ff,272905:19,19,منطقه 19,MUNICIPAL_AREA,2022-02-20,1400-12,252,اسفند - 1400,18750000,18909883.67,14041666.67,25000000,1200000000,506,DIRECT,listing,metraj_all,3
53b7a2a5-d503-16b5-4790-b5c2c786e5ff,272905:19,19,منطقه 19,MUNICIPAL_AREA,2022-03-21,1401-01,253,فروردین - 1401,18235294.12,18463559.7,14050000,24500000,1170000000,463,DIRECT,listing,metraj_all,3
53b7a2a5-d503-16b5-4790-b5c2c786e5ff,272905:19,19,منطقه 19,MUNICIPAL_AREA,2022-04-21,1401-02,254,اردیبهشت - 1401,19444444.44,19876220.02,15254237.29,25000000,1250000000,439,DIRECT,listing,metraj_all,3
53b7a2a5-d503-16b5-4790-b5c2c786e5ff,272905:19,19,منطقه 19,MUNICIPAL_AREA,2022-05-22,1401-03,255,خرداد - 1401,20945945.95,21221803.2,16086956.52,27000000,1400000000,721,DIRECT,listing,metraj_all,3
53b7a2a5-d503-16b5-4790-b5c2c786e5ff,272905:19,19,منطقه 19,MUNICIPAL_AREA,2022-06-22,1401-04,256,تیر - 1401,22881355.93,23091263.49,17101753.05,29000000,1555000000,934,DIRECT,listing,metraj_all,3
53b7a2a5-d503-16b5-4790-b5c2c786e5ff,272905:19,19,منطقه 19,MUNICIPAL_AREA,2022-07-23,1401-05,257,مرداد - 1401,24000000,24174995.73,18246621.62,30267794.22,1650000000,1111,DIRECT,listing,metraj_all,3
53b7a2a5-d503-16b5-4790-b5c2c786e5ff,272905:19,19,منطقه 19,MUNICIPAL_AREA,2022-08-23,1401-06,258,شهریور - 1401,25000000,25187104.2,19313197.77,32000000,1718000000,1148,DIRECT,listing,metraj_all,3
53b7a2a5-d503-16b5-4790-b5c2c786e5ff,272905:19,19,منطقه 19,MUNICIPAL_AREA,2022-09-23,1401-07,259,مهر - 1401,25305286.68,25588037,20000000,32295285.36,1732500000,786,DIRECT,listing,metraj_all,3
53b7a2a5-d503-16b5-4790-b5c2c786e5ff,272905:19,19,منطقه 19,MUNICIPAL_AREA,2022-10-23,1401-08,260,آبان - 1401,25294117.65,25847620.28,19714285.71,32083333.33,1744400000,433,DIRECT,listing,metraj_all,3
53b7a2a5-d503-16b5-4790-b5c2c786e5ff,272905:19,19,منطقه 19,MUNICIPAL_AREA,2022-11-22,1401-09,261,آذر - 1401,26393034.83,33637742.93,19563492.06,35205696.2,1750000000,40,DIRECT,listing,metraj_all,3
53b7a2a5-d503-16b5-4790-b5c2c786e5ff,272905:19,19,منطقه 19,MUNICIPAL_AREA,2022-12-22,1401-10,262,دی - 1401,28409340.66,29257945.07,20000000,35888429.75,1907000000,340,DIRECT,listing,metraj_all,3
53b7a2a5-d503-16b5-4790-b5c2c786e5ff,272905:19,19,منطقه 19,MUNICIPAL_AREA,2023-01-21,1401-11,263,بهمن - 1401,30000000,30332278.21,19397727.27,39195813.46,2000000000,784,DIRECT,listing,metraj_all,3
53b7a2a5-d503-16b5-4790-b5c2c786e5ff,272905:19,19,منطقه 19,MUNICIPAL_AREA,2023-02-20,1401-12,264,اسفند - 1401,30384615.38,30615695.19,17958333.34,40000000,2040000000,951,DIRECT,listing,metraj_all,3
53b7a2a5-d503-16b5-4790-b5c2c786e5ff,272905:19,19,منطقه 19,MUNICIPAL_AREA,2023-03-21,1402-01,265,فروردین - 1402,32131485.85,32436805.02,17329268.29,42604049.5,2127500000,652,DIRECT,listing,metraj_all,3
53b7a2a5-d503-16b5-4790-b5c2c786e5ff,272905:19,19,منطقه 19,MUNICIPAL_AREA,2023-04-21,1402-02,266,اردیبهشت - 1402,48611111.11,48961932.73,33000000,59059343.44,3120000000,1051,DIRECT,listing,metraj_all,3
53b7a2a5-d503-16b5-4790-b5c2c786e5ff,272905:19,19,منطقه 19,MUNICIPAL_AREA,2023-05-22,1402-03,267,خرداد - 1402,50000000,50234284.34,37000000,60000000,3300000000,1876,DIRECT,listing,metraj_all,3
53b7a2a5-d503-16b5-4790-b5c2c786e5ff,272905:19,19,منطقه 19,MUNICIPAL_AREA,2023-06-22,1402-04,268,تیر - 1402,51098901.1,51251389.79,38000000,60869565.22,3300000000,2787,DIRECT,listing,metraj_all,3
53b7a2a5-d503-16b5-4790-b5c2c786e5ff,272905:19,19,منطقه 19,MUNICIPAL_AREA,2023-07-23,1402-05,269,مرداد - 1402,50862068.97,51012047.4,38000000,61428571.43,3255000000,2757,DIRECT,listing,metraj_all,3
53b7a2a5-d503-16b5-4790-b5c2c786e5ff,272905:19,19,منطقه 19,MUNICIPAL_AREA,2023-08-23,1402-06,270,شهریور - 1402,51000000,51155985.98,38214809.38,61538461.54,3244000000,2496,DIRECT,listing,metraj_all,3
53b7a2a5-d503-16b5-4790-b5c2c786e5ff,272905:19,19,منطقه 19,MUNICIPAL_AREA,2023-09-23,1402-07,271,مهر - 1402,50000000,50168141.07,38000000,60332434.86,3200000000,2264,DIRECT,listing,metraj_all,3
53b7a2a5-d503-16b5-4790-b5c2c786e5ff,272905:19,19,منطقه 19,MUNICIPAL_AREA,2023-10-23,1402-08,272,آبان - 1402,50000000,50177407.53,38243243.24,60000000,3200000000,2117,DIRECT,listing,metraj_all,3
53b7a2a5-d503-16b5-4790-b5c2c786e5ff,272905:19,19,منطقه 19,MUNICIPAL_AREA,2023-11-22,1402-09,273,آذر - 1402,50000000,50187073.3,38921188.63,60000000,3200000000,2015,DIRECT,listing,metraj_all,3
53b7a2a5-d503-16b5-4790-b5c2c786e5ff,272905:19,19,منطقه 19,MUNICIPAL_AREA,2023-12-22,1402-10,274,دی - 1402,50000000,50193089.39,39011904.76,60000000,3250000000,1958,DIRECT,listing,metraj_all,3
53b7a2a5-d503-16b5-4790-b5c2c786e5ff,272905:19,19,منطقه 19,MUNICIPAL_AREA,2024-01-21,1402-11,275,بهمن - 1402,50000000,50193602.67,40000000,60000000,3272000000,1970,DIRECT,listing,metraj_all,3
53b7a2a5-d503-16b5-4790-b5c2c786e5ff,272905:19,19,منطقه 19,MUNICIPAL_AREA,2024-02-20,1402-12,276,اسفند - 1402,50763403.27,50993480.41,40000000,61000000,3322500000,1688,DIRECT,listing,metraj_all,3
53b7a2a5-d503-16b5-4790-b5c2c786e5ff,272905:19,19,منطقه 19,MUNICIPAL_AREA,2024-03-20,1403-01,277,فروردین - 1403,51666666.67,51905354.92,40120533.18,62928143.29,3450000000,1596,DIRECT,listing,metraj_all,3
53b7a2a5-d503-16b5-4790-b5c2c786e5ff,272905:19,19,منطقه 19,MUNICIPAL_AREA,2024-04-20,1403-02,278,اردیبهشت - 1403,52444444.44,52669732.71,40909090.91,63775510.2,3500000000,1657,DIRECT,listing,metraj_all,3
53b7a2a5-d503-16b5-4790-b5c2c786e5ff,272905:19,19,منطقه 19,MUNICIPAL_AREA,2024-05-21,1403-03,279,خرداد - 1403,52941176.47,53126281.39,41710526.32,63564705.88,3520000000,1891,DIRECT,listing,metraj_all,3
53b7a2a5-d503-16b5-4790-b5c2c786e5ff,272905:19,19,منطقه 19,MUNICIPAL_AREA,2024-06-21,1403-04,280,تیر - 1403,53000000,53194907.17,42000000,63494047.62,3515000000,1804,DIRECT,listing,metraj_all,3
53b7a2a5-d503-16b5-4790-b5c2c786e5ff,272905:19,19,منطقه 19,MUNICIPAL_AREA,2024-07-22,1403-05,281,مرداد - 1403,54166666.67,54350159.08,43000000,63529411.76,3500000000,1756,DIRECT,listing,metraj_all,3
53b7a2a5-d503-16b5-4790-b5c2c786e5ff,272905:19,19,منطقه 19,MUNICIPAL_AREA,2024-08-22,1403-06,282,شهریور - 1403,54861111.11,55031995.53,43573216.52,64000000,3550000000,1767,DIRECT,listing,metraj_all,3
53b7a2a5-d503-16b5-4790-b5c2c786e5ff,272905:19,19,منطقه 19,MUNICIPAL_AREA,2024-09-22,1403-07,283,مهر - 1403,56686991.87,56804431.5,45000000,65517241.38,3790000000,2352,DIRECT,listing,metraj_all,3
53b7a2a5-d503-16b5-4790-b5c2c786e5ff,272905:19,19,منطقه 19,MUNICIPAL_AREA,2024-10-22,1403-08,284,آبان - 1403,57566949.3,57665829.25,44999997.91,67999997.43,4000000000,2652,DIRECT,listing,metraj_all,3
53b7a2a5-d503-16b5-4790-b5c2c786e5ff,272905:19,19,منطقه 19,MUNICIPAL_AREA,2024-11-21,1403-09,285,آذر - 1403,59210522.95,59297678.35,45660377.36,69672129.05,4200000000,2949,DIRECT,listing,metraj_all,3
53b7a2a5-d503-16b5-4790-b5c2c786e5ff,272905:19,19,منطقه 19,MUNICIPAL_AREA,2024-12-21,1403-10,286,دی - 1403,60000000,60091024.34,46449612.4,70000001.69,4200000000,2866,DIRECT,listing,metraj_all,3
53b7a2a5-d503-16b5-4790-b5c2c786e5ff,272905:19,19,منطقه 19,MUNICIPAL_AREA,2025-01-20,1403-11,287,بهمن - 1403,61452061.11,61545491.06,47382375.91,72000002.84,4300000256,2850,DIRECT,listing,metraj_all,3
53b7a2a5-d503-16b5-4790-b5c2c786e5ff,272905:19,19,منطقه 19,MUNICIPAL_AREA,2025-02-19,1403-12,288,اسفند - 1403,61999999.1,62123403.26,47278869.78,74957480.66,4400000000,2394,DIRECT,listing,metraj_all,3
53b7a2a5-d503-16b5-4790-b5c2c786e5ff,272905:19,19,منطقه 19,MUNICIPAL_AREA,2025-03-21,1404-01,289,فروردین - 1404,61476295.17,61651289.41,46365367.13,75000001.5,4400000000,1800,DIRECT,listing,metraj_all,3
53b7a2a5-d503-16b5-4790-b5c2c786e5ff,272905:19,19,منطقه 19,MUNICIPAL_AREA,2025-04-21,1404-02,290,اردیبهشت - 1404,59008196.24,59253784.84,45563186.81,75000000,4100000000,1546,DIRECT,listing,metraj_all,3
53b7a2a5-d503-16b5-4790-b5c2c786e5ff,272905:19,19,منطقه 19,MUNICIPAL_AREA,2025-05-22,1404-03,291,خرداد - 1404,61861470.65,62037164.83,47000000,78461538.46,4250000000,2056,DIRECT,listing,metraj_all,3
53b7a2a5-d503-16b5-4790-b5c2c786e5ff,272905:19,19,منطقه 19,MUNICIPAL_AREA,2025-06-22,1404-04,292,تیر - 1404,62265306.13,62412908.44,47229166.67,78453996.98,4300000000,2486,DIRECT,listing,metraj_all,3
53b7a2a5-d503-16b5-4790-b5c2c786e5ff,272905:19,19,منطقه 19,MUNICIPAL_AREA,2025-07-23,1404-05,293,مرداد - 1404,65039682.54,65170616.49,48917686.32,80000000,4562500000,2588,DIRECT,listing,metraj_all,3
53b7a2a5-d503-16b5-4790-b5c2c786e5ff,272905:19,19,منطقه 19,MUNICIPAL_AREA,2025-08-23,1404-06,294,شهریور - 1404,65000000,65129359,49347517.73,79045373.23,4500000000,2599,DIRECT,listing,metraj_all,3
53b7a2a5-d503-16b5-4790-b5c2c786e5ff,272905:19,19,منطقه 19,MUNICIPAL_AREA,2025-09-23,1404-07,295,مهر - 1404,63194444.44,63310221.2,46987951.81,78217821.78,4225000000,3169,DIRECT,listing,metraj_all,3
53b7a2a5-d503-16b5-4790-b5c2c786e5ff,272905:19,19,منطقه 19,MUNICIPAL_AREA,2025-10-23,1404-08,296,آبان - 1404,62222222.22,62325649.91,46000000,80000000,4050000000,3825,DIRECT,listing,metraj_all,3
53b7a2a5-d503-16b5-4790-b5c2c786e5ff,272905:19,19,منطقه 19,MUNICIPAL_AREA,2025-11-22,1404-09,297,آذر - 1404,62244897.96,62350634.55,44967532.47,81091269.84,4050000000,4091,DIRECT,listing,metraj_all,3
53b7a2a5-d503-16b5-4790-b5c2c786e5ff,272905:19,19,منطقه 19,MUNICIPAL_AREA,2025-12-22,1404-10,298,دی - 1404,65000000,65117803.29,46414285.72,85000000,4280000000,3843,DIRECT,listing,metraj_all,3
53b7a2a5-d503-16b5-4790-b5c2c786e5ff,272905:19,19,منطقه 19,MUNICIPAL_AREA,2026-01-21,1404-11,299,بهمن - 1404,70588235.29,70732333.68,50000000,91416256.16,4800000000,3398,DIRECT,listing,metraj_all,3
53b7a2a5-d503-16b5-4790-b5c2c786e5ff,272905:19,19,منطقه 19,MUNICIPAL_AREA,2026-02-20,1404-12,300,اسفند - 1404,75245901.64,75461106.07,54282346.78,100000000,5100000000,2367,DIRECT,listing,metraj_all,3
53b7a2a5-d503-16b5-4790-b5c2c786e5ff,272905:19,19,منطقه 19,MUNICIPAL_AREA,2026-03-21,1405-01,301,فروردین - 1405,81250000,81568612.9,60869565.22,110000000,5700000000,1677,DIRECT,listing,metraj_all,3
53b7a2a5-d503-16b5-4790-b5c2c786e5ff,272905:19,19,منطقه 19,MUNICIPAL_AREA,2026-04-21,1405-02,302,اردیبهشت - 1405,100000000,100304047.37,65000000,140000000,7400000000,2016,DIRECT,listing,metraj_all,3
53b7a2a5-d503-16b5-4790-b5c2c786e5ff,272905:19,19,منطقه 19,MUNICIPAL_AREA,2026-05-22,1405-03,303,خرداد - 1405,115000000,115213024.95,77142729.86,150000000,8250000000,3276,DIRECT,listing,metraj_all,3
53b7a2a5-d503-16b5-4790-b5c2c786e5ff,272905:19,19,منطقه 19,MUNICIPAL_AREA,2026-06-22,1405-04,304,تیر - 1405,121897810.22,122122809.25,83333333.33,155000000,8800000000,3239,DIRECT,listing,metraj_all,3
53b7a2a5-d503-16b5-4790-b5c2c786e5ff,272905:19,19,منطقه 19,MUNICIPAL_AREA,2026-07-23,1405-05,305,مرداد - 1405,131944444.44,132165127.37,94904251.87,161709420.61,9250000000,3527,DIRECT,listing,metraj_all,3
11381946-4708-82c0-d9c5-1e51c4cdb31e,272905:20,20,منطقه 20,MUNICIPAL_AREA,2021-08-23,1400-06,246,شهریور - 1400,15873015.87,15955680.81,12000000,20833333.33,1185000000,1173,DIRECT,listing,metraj_all,3
11381946-4708-82c0-d9c5-1e51c4cdb31e,272905:20,20,منطقه 20,MUNICIPAL_AREA,2021-09-23,1400-07,247,مهر - 1400,16382032.15,16473718.12,11940298.51,21681726.91,1138000000,1042,DIRECT,listing,metraj_all,3
11381946-4708-82c0-d9c5-1e51c4cdb31e,272905:20,20,منطقه 20,MUNICIPAL_AREA,2021-10-23,1400-08,248,آبان - 1400,16988372.1,17076851.07,12419104.08,22580645.16,1165000000,1022,DIRECT,listing,metraj_all,3
11381946-4708-82c0-d9c5-1e51c4cdb31e,272905:20,20,منطقه 20,MUNICIPAL_AREA,2021-11-22,1400-09,249,آذر - 1400,17000000,17072404.36,12497377.63,22626293.36,1140000000,1210,DIRECT,listing,metraj_all,3
11381946-4708-82c0-d9c5-1e51c4cdb31e,272905:20,20,منطقه 20,MUNICIPAL_AREA,2021-12-22,1400-10,250,دی - 1400,17272727.27,17356379.3,12686567.16,23053613.06,1200000000,1067,DIRECT,listing,metraj_all,3
11381946-4708-82c0-d9c5-1e51c4cdb31e,272905:20,20,منطقه 20,MUNICIPAL_AREA,2022-01-21,1400-11,251,بهمن - 1400,17500000,17577586.19,12698412.7,23000000,1200000000,1150,DIRECT,listing,metraj_all,3
11381946-4708-82c0-d9c5-1e51c4cdb31e,272905:20,20,منطقه 20,MUNICIPAL_AREA,2022-02-20,1400-12,252,اسفند - 1400,17500000,17602813.83,13000000,23000000,1203000000,914,DIRECT,listing,metraj_all,3
11381946-4708-82c0-d9c5-1e51c4cdb31e,272905:20,20,منطقه 20,MUNICIPAL_AREA,2022-03-21,1401-01,253,فروردین - 1401,17916666.67,18045468.4,13333333.33,22500000,1200000000,853,DIRECT,listing,metraj_all,3
11381946-4708-82c0-d9c5-1e51c4cdb31e,272905:20,20,منطقه 20,MUNICIPAL_AREA,2022-04-21,1401-02,254,اردیبهشت - 1401,19306930.69,19541315.29,14705882.35,24000000,1300000000,823,DIRECT,listing,metraj_all,3
11381946-4708-82c0-d9c5-1e51c4cdb31e,272905:20,20,منطقه 20,MUNICIPAL_AREA,2022-05-22,1401-03,255,خرداد - 1401,21527777.78,21664057.06,16729020.98,26357228.8,1485000000,1427,DIRECT,listing,metraj_all,3
11381946-4708-82c0-d9c5-1e51c4cdb31e,272905:20,20,منطقه 20,MUNICIPAL_AREA,2022-06-22,1401-04,256,تیر - 1401,22891566.27,22994986.97,17600000,28000000,1580000000,1905,DIRECT,listing,metraj_all,3
11381946-4708-82c0-d9c5-1e51c4cdb31e,272905:20,20,منطقه 20,MUNICIPAL_AREA,2022-07-23,1401-05,257,مرداد - 1401,23946379.78,24036446.82,18750000,29705882.35,1655000000,2174,DIRECT,listing,metraj_all,3
11381946-4708-82c0-d9c5-1e51c4cdb31e,272905:20,20,منطقه 20,MUNICIPAL_AREA,2022-08-23,1401-06,258,شهریور - 1401,25500000,25595906.96,20000000,31111111.11,1750000000,2197,DIRECT,listing,metraj_all,3
11381946-4708-82c0-d9c5-1e51c4cdb31e,272905:20,20,منطقه 20,MUNICIPAL_AREA,2022-09-23,1401-07,259,مهر - 1401,26000000,26144356.13,20588235.29,32000000,1790000000,1501,DIRECT,listing,metraj_all,3
11381946-4708-82c0-d9c5-1e51c4cdb31e,272905:20,20,منطقه 20,MUNICIPAL_AREA,2022-10-23,1401-08,260,آبان - 1401,26282894.74,26557794.15,21000000,31876939.43,1795000000,846,DIRECT,listing,metraj_all,3
11381946-4708-82c0-d9c5-1e51c4cdb31e,272905:20,20,منطقه 20,MUNICIPAL_AREA,2022-11-22,1401-09,261,آذر - 1401,29000000,30467972.72,19183333.34,37018518.52,2110000000,219,DIRECT,listing,metraj_all,3
11381946-4708-82c0-d9c5-1e51c4cdb31e,272905:20,20,منطقه 20,MUNICIPAL_AREA,2022-12-22,1401-10,262,دی - 1401,29545454.55,29887141.64,21056046.2,37701238.39,2150000000,826,DIRECT,listing,metraj_all,3
11381946-4708-82c0-d9c5-1e51c4cdb31e,272905:20,20,منطقه 20,MUNICIPAL_AREA,2023-01-21,1401-11,263,بهمن - 1401,31578947.37,31716061.48,24242424.24,39511904.76,2375000000,1799,DIRECT,listing,metraj_all,3
11381946-4708-82c0-d9c5-1e51c4cdb31e,272905:20,20,منطقه 20,MUNICIPAL_AREA,2023-02-20,1401-12,264,اسفند - 1401,32383658.01,32483994.29,25199212.6,40322580.65,2500000000,2004,DIRECT,listing,metraj_all,3
11381946-4708-82c0-d9c5-1e51c4cdb31e,272905:20,20,منطقه 20,MUNICIPAL_AREA,2023-03-21,1402-01,265,فروردین - 1402,33990291.26,34120456.68,26530612.24,41428571.43,2677500000,1400,DIRECT,listing,metraj_all,3
11381946-4708-82c0-d9c5-1e51c4cdb31e,272905:20,20,منطقه 20,MUNICIPAL_AREA,2023-04-21,1402-02,266,اردیبهشت - 1402,46000000,46191138.6,36000000,57850688.47,3500000000,2074,DIRECT,listing,metraj_all,3
11381946-4708-82c0-d9c5-1e51c4cdb31e,272905:20,20,منطقه 20,MUNICIPAL_AREA,2023-05-22,1402-03,267,خرداد - 1402,49019607.84,49149098.72,40919913.42,59427572.11,3600000000,3478,DIRECT,listing,metraj_all,3
11381946-4708-82c0-d9c5-1e51c4cdb31e,272905:20,20,منطقه 20,MUNICIPAL_AREA,2023-06-22,1402-04,268,تیر - 1402,50000000,50083412.75,41000000,59820523.65,3600000000,5235,DIRECT,listing,metraj_all,3
11381946-4708-82c0-d9c5-1e51c4cdb31e,272905:20,20,منطقه 20,MUNICIPAL_AREA,2023-07-23,1402-05,269,مرداد - 1402,50000000,50083999.8,41904761.9,60000000,3600000000,5033,DIRECT,listing,metraj_all,3
11381946-4708-82c0-d9c5-1e51c4cdb31e,272905:20,20,منطقه 20,MUNICIPAL_AREA,2023-08-23,1402-06,270,شهریور - 1402,50757575.76,50841404.64,41538461.54,60000000,3650000000,4682,DIRECT,listing,metraj_all,3
11381946-4708-82c0-d9c5-1e51c4cdb31e,272905:20,20,منطقه 20,MUNICIPAL_AREA,2023-09-23,1402-07,271,مهر - 1402,50694444.44,50783509.29,41052631.58,60000000,3710000000,4205,DIRECT,listing,metraj_all,3
11381946-4708-82c0-d9c5-1e51c4cdb31e,272905:20,20,منطقه 20,MUNICIPAL_AREA,2023-10-23,1402-08,272,آبان - 1402,50847457.63,50936600.03,41558441.56,60000000,3800000000,4128,DIRECT,listing,metraj_all,3
11381946-4708-82c0-d9c5-1e51c4cdb31e,272905:20,20,منطقه 20,MUNICIPAL_AREA,2023-11-22,1402-09,273,آذر - 1402,50757575.76,50854862.88,41584158.42,60344827.59,3800000000,3806,DIRECT,listing,metraj_all,3
11381946-4708-82c0-d9c5-1e51c4cdb31e,272905:20,20,منطقه 20,MUNICIPAL_AREA,2023-12-22,1402-10,274,دی - 1402,50806661.46,50901349.17,41666666.67,60185185.19,3750000000,3918,DIRECT,listing,metraj_all,3
11381946-4708-82c0-d9c5-1e51c4cdb31e,272905:20,20,منطقه 20,MUNICIPAL_AREA,2024-01-21,1402-11,275,بهمن - 1402,50757575.76,50852969.9,41428571.43,60092307.69,3650000000,3929,DIRECT,listing,metraj_all,3
11381946-4708-82c0-d9c5-1e51c4cdb31e,272905:20,20,منطقه 20,MUNICIPAL_AREA,2024-02-20,1402-12,276,اسفند - 1402,51538461.54,51644240.65,42187500,61111111.11,3800000000,3610,DIRECT,listing,metraj_all,3
11381946-4708-82c0-d9c5-1e51c4cdb31e,272905:20,20,منطقه 20,MUNICIPAL_AREA,2024-03-20,1403-01,277,فروردین - 1403,53000000,53109467.46,43649602.83,64107832.81,4000000000,3370,DIRECT,listing,metraj_all,3
11381946-4708-82c0-d9c5-1e51c4cdb31e,272905:20,20,منطقه 20,MUNICIPAL_AREA,2024-04-20,1403-02,278,اردیبهشت - 1403,55000000,55098094.17,44736842.11,66168811.28,4200000000,3558,DIRECT,listing,metraj_all,3
11381946-4708-82c0-d9c5-1e51c4cdb31e,272905:20,20,منطقه 20,MUNICIPAL_AREA,2024-05-21,1403-03,279,خرداد - 1403,54850746.27,54930494.36,43308457.71,66542288.56,4050000000,4163,DIRECT,listing,metraj_all,3
11381946-4708-82c0-d9c5-1e51c4cdb31e,272905:20,20,منطقه 20,MUNICIPAL_AREA,2024-06-21,1403-04,280,تیر - 1403,55000000,55081158.54,43333333.33,66409165.11,4000000000,4100,DIRECT,listing,metraj_all,3
11381946-4708-82c0-d9c5-1e51c4cdb31e,272905:20,20,منطقه 20,MUNICIPAL_AREA,2024-07-22,1403-05,281,مرداد - 1403,55000000,55069571.24,43071581.2,66666666.67,3900000000,4528,DIRECT,listing,metraj_all,3
11381946-4708-82c0-d9c5-1e51c4cdb31e,272905:20,20,منطقه 20,MUNICIPAL_AREA,2024-08-22,1403-06,282,شهریور - 1403,55000000,55065711.46,43333333.33,66666666.67,3800000000,4590,DIRECT,listing,metraj_all,3
11381946-4708-82c0-d9c5-1e51c4cdb31e,272905:20,20,منطقه 20,MUNICIPAL_AREA,2024-09-22,1403-07,283,مهر - 1403,55000000,55050508.46,40985294.12,67189690.72,3700000000,5816,DIRECT,listing,metraj_all,3
11381946-4708-82c0-d9c5-1e51c4cdb31e,272905:20,20,منطقه 20,MUNICIPAL_AREA,2024-10-22,1403-08,284,آبان - 1403,55172413.79,55222096.1,39655171.31,67733534.94,3700000000,5770,DIRECT,listing,metraj_all,3
11381946-4708-82c0-d9c5-1e51c4cdb31e,272905:20,20,منطقه 20,MUNICIPAL_AREA,2024-11-21,1403-09,285,آذر - 1403,55643090.8,55689659.19,40000000,68654699.82,3737500032,6294,DIRECT,listing,metraj_all,3
11381946-4708-82c0-d9c5-1e51c4cdb31e,272905:20,20,منطقه 20,MUNICIPAL_AREA,2024-12-21,1403-10,286,دی - 1403,56928691.75,56977851.26,43273497.38,69230766.28,3900000000,5940,DIRECT,listing,metraj_all,3
11381946-4708-82c0-d9c5-1e51c4cdb31e,272905:20,20,منطقه 20,MUNICIPAL_AREA,2025-01-20,1403-11,287,بهمن - 1403,58139534.88,58189590.7,45667701.86,69999996.63,4049999872,5990,DIRECT,listing,metraj_all,3
11381946-4708-82c0-d9c5-1e51c4cdb31e,272905:20,20,منطقه 20,MUNICIPAL_AREA,2025-02-19,1403-12,288,اسفند - 1403,59780192.51,59841535.65,47163073.08,70246141.29,4200000000,5188,DIRECT,listing,metraj_all,3
11381946-4708-82c0-d9c5-1e51c4cdb31e,272905:20,20,منطقه 20,MUNICIPAL_AREA,2025-03-21,1404-01,289,فروردین - 1404,60459830.35,60540111.35,48780487.8,72015957.43,4202499968,4062,DIRECT,listing,metraj_all,3
11381946-4708-82c0-d9c5-1e51c4cdb31e,272905:20,20,منطقه 20,MUNICIPAL_AREA,2025-04-21,1404-02,290,اردیبهشت - 1404,61290322.58,61381012.79,47250320.55,73333333.33,4200000000,3952,DIRECT,listing,metraj_all,3
11381946-4708-82c0-d9c5-1e51c4cdb31e,272905:20,20,منطقه 20,MUNICIPAL_AREA,2025-05-22,1404-03,291,خرداد - 1404,62249899.96,62329382.01,48772865.85,75000000,4400000000,4508,DIRECT,listing,metraj_all,3
11381946-4708-82c0-d9c5-1e51c4cdb31e,272905:20,20,منطقه 20,MUNICIPAL_AREA,2025-06-22,1404-04,292,تیر - 1404,62121212.12,62187506.49,47727272.73,75824175.82,4400000000,5569,DIRECT,listing,metraj_all,3
11381946-4708-82c0-d9c5-1e51c4cdb31e,272905:20,20,منطقه 20,MUNICIPAL_AREA,2025-07-23,1404-05,293,مرداد - 1404,62729377.11,62809533.65,49000000,77411764.71,4500000000,4522,DIRECT,listing,metraj_all,3
11381946-4708-82c0-d9c5-1e51c4cdb31e,272905:20,20,منطقه 20,MUNICIPAL_AREA,2025-08-23,1404-06,294,شهریور - 1404,61764705.88,61898855.52,46507538.1,77469927.3,4290000000,2747,DIRECT,listing,metraj_all,3
11381946-4708-82c0-d9c5-1e51c4cdb31e,272905:20,20,منطقه 20,MUNICIPAL_AREA,2025-09-23,1404-07,295,مهر - 1404,63000000,63428239.32,46292401.63,77988636.36,4212500000,854,DIRECT,listing,metraj_all,3
11381946-4708-82c0-d9c5-1e51c4cdb31e,272905:20,20,منطقه 20,MUNICIPAL_AREA,2025-10-23,1404-08,296,آبان - 1404,56603773.58,73375243.55,50000000,140000000,4550000000,17,MODELED,listing,metraj_all,3
11381946-4708-82c0-d9c5-1e51c4cdb31e,272905:20,20,منطقه 20,MUNICIPAL_AREA,2025-11-22,1404-09,297,آذر - 1404,71782178.22,83446073.33,48474842.77,148214285.72,9000000000,19,MODELED,listing,metraj_all,3
11381946-4708-82c0-d9c5-1e51c4cdb31e,272905:20,20,منطقه 20,MUNICIPAL_AREA,2025-12-22,1404-10,298,دی - 1404,79117009.75,92147258.67,53315047.02,139321428.57,9100000000,14,MODELED,listing,metraj_all,3
11381946-4708-82c0-d9c5-1e51c4cdb31e,272905:20,20,منطقه 20,MUNICIPAL_AREA,2026-01-21,1404-11,299,بهمن - 1404,77269861.29,92422399.05,59871794.87,101736111.11,8150000000,18,MODELED,listing,metraj_all,3
11381946-4708-82c0-d9c5-1e51c4cdb31e,272905:20,20,منطقه 20,MUNICIPAL_AREA,2026-02-20,1404-12,300,اسفند - 1404,73770491.8,98832160.01,59914529.92,93222222.22,7000000000,11,MODELED,listing,metraj_all,3
11381946-4708-82c0-d9c5-1e51c4cdb31e,272905:20,20,منطقه 20,MUNICIPAL_AREA,2026-03-21,1405-01,301,فروردین - 1405,71885245.9,103442621.13,59871794.87,93833333.33,5750000000,10,MODELED,listing,metraj_all,3
11381946-4708-82c0-d9c5-1e51c4cdb31e,272905:20,20,منطقه 20,MUNICIPAL_AREA,2026-04-21,1405-02,302,اردیبهشت - 1405,46153846.15,151104892.72,46153846.15,46153846.15,3600000000,1,MODELED,listing,metraj_all,3
11381946-4708-82c0-d9c5-1e51c4cdb31e,272905:20,20,منطقه 20,MUNICIPAL_AREA,2026-05-22,1405-03,303,خرداد - 1405,135714285.72,170918367.31,92259615.39,216071428.57,10350000000,4,MODELED,listing,metraj_all,3
11381946-4708-82c0-d9c5-1e51c4cdb31e,272905:20,20,منطقه 20,MUNICIPAL_AREA,2026-06-22,1405-04,304,تیر - 1405,105769230.77,107868778.16,69000000,145119047.62,7600000000,415,DIRECT,listing,metraj_all,3
11381946-4708-82c0-d9c5-1e51c4cdb31e,272905:20,20,منطقه 20,MUNICIPAL_AREA,2026-07-23,1405-05,305,مرداد - 1405,125000000,125209566.07,76942307.69,159605155.49,8725000000,4046,DIRECT,listing,metraj_all,3
e860034a-c7ae-0d72-ae12-45d668f20874,272905:21,21,منطقه 21,MUNICIPAL_AREA,2021-08-23,1400-06,246,شهریور - 1400,23785245.9,23807262.79,18475783.48,28000000,1947000000,838,DIRECT,listing,metraj_all,3
e860034a-c7ae-0d72-ae12-45d668f20874,272905:21,21,منطقه 21,MUNICIPAL_AREA,2021-09-23,1400-07,247,مهر - 1400,24000000,24025992.26,17983146.07,28000000,1922500000,770,DIRECT,listing,metraj_all,3
e860034a-c7ae-0d72-ae12-45d668f20874,272905:21,21,منطقه 21,MUNICIPAL_AREA,2021-10-23,1400-08,248,آبان - 1400,23913043.48,23944250.81,17333333.33,28571428.57,1900000000,697,DIRECT,listing,metraj_all,3
e860034a-c7ae-0d72-ae12-45d668f20874,272905:21,21,منطقه 21,MUNICIPAL_AREA,2021-11-22,1400-09,249,آذر - 1400,24000000,24026803.1,18000000,29000000,1950000000,674,DIRECT,listing,metraj_all,3
e860034a-c7ae-0d72-ae12-45d668f20874,272905:21,21,منطقه 21,MUNICIPAL_AREA,2021-12-22,1400-10,250,دی - 1400,24400000,24431631.1,18209876.54,30000000,2050000000,585,DIRECT,listing,metraj_all,3
e860034a-c7ae-0d72-ae12-45d668f20874,272905:21,21,منطقه 21,MUNICIPAL_AREA,2022-01-21,1400-11,251,بهمن - 1400,25000000,25023547.86,18510869.57,30873275.24,2100000000,627,DIRECT,listing,metraj_all,3
e860034a-c7ae-0d72-ae12-45d668f20874,272905:21,21,منطقه 21,MUNICIPAL_AREA,2022-02-20,1400-12,252,اسفند - 1400,25716625.72,25740391.87,18772644.93,32000000,2127500000,530,DIRECT,listing,metraj_all,3
e860034a-c7ae-0d72-ae12-45d668f20874,272905:21,21,منطقه 21,MUNICIPAL_AREA,2022-03-21,1401-01,253,فروردین - 1401,25842696.63,25897594.38,18807989.69,32885724.59,2190000000,571,DIRECT,listing,metraj_all,3
e860034a-c7ae-0d72-ae12-45d668f20874,272905:21,21,منطقه 21,MUNICIPAL_AREA,2022-04-21,1401-02,254,اردیبهشت - 1401,26146788.99,26279055.72,14814814.81,34042553.19,2270000000,949,DIRECT,listing,metraj_all,3
e860034a-c7ae-0d72-ae12-45d668f20874,272905:21,21,منطقه 21,MUNICIPAL_AREA,2022-05-22,1401-03,255,خرداد - 1401,27000000,27084295.76,14473180.08,35201020.41,2380000000,1664,DIRECT,listing,metraj_all,3
e860034a-c7ae-0d72-ae12-45d668f20874,272905:21,21,منطقه 21,MUNICIPAL_AREA,2022-06-22,1401-04,256,تیر - 1401,27906976.74,27973387.39,14566666.67,37000000,2500000000,2217,DIRECT,listing,metraj_all,3
e860034a-c7ae-0d72-ae12-45d668f20874,272905:21,21,منطقه 21,MUNICIPAL_AREA,2022-07-23,1401-05,257,مرداد - 1401,29234028.69,29293511.7,15166666.67,39000000,2625000000,2408,DIRECT,listing,metraj_all,3
e860034a-c7ae-0d72-ae12-45d668f20874,272905:21,21,منطقه 21,MUNICIPAL_AREA,2022-08-23,1401-06,258,شهریور - 1401,30000000,30059887.41,16483516.48,40540540.54,2750000000,2773,DIRECT,listing,metraj_all,3
e860034a-c7ae-0d72-ae12-45d668f20874,272905:21,21,منطقه 21,MUNICIPAL_AREA,2022-09-23,1401-07,259,مهر - 1401,30000000,30087788.13,17000000,40697674.42,2780000000,2019,DIRECT,listing,metraj_all,3
e860034a-c7ae-0d72-ae12-45d668f20874,272905:21,21,منطقه 21,MUNICIPAL_AREA,2022-10-23,1401-08,260,آبان - 1401,30142857.15,30303309.25,17500000,40820578.23,2850000000,1216,DIRECT,listing,metraj_all,3
e860034a-c7ae-0d72-ae12-45d668f20874,272905:21,21,منطقه 21,MUNICIPAL_AREA,2022-11-22,1401-09,261,آذر - 1401,32500000,35604801.58,23935483.87,39005393.92,2950000000,87,DIRECT,listing,metraj_all,3
e860034a-c7ae-0d72-ae12-45d668f20874,272905:21,21,منطقه 21,MUNICIPAL_AREA,2022-12-22,1401-10,262,دی - 1401,31279724.66,32168160.76,21383928.57,40000000,2850000000,292,DIRECT,listing,metraj_all,3
e860034a-c7ae-0d72-ae12-45d668f20874,272905:21,21,منطقه 21,MUNICIPAL_AREA,2023-01-21,1401-11,263,بهمن - 1401,32183569.19,32606634.24,23156276.96,40797430.08,3050000000,562,DIRECT,listing,metraj_all,3
e860034a-c7ae-0d72-ae12-45d668f20874,272905:21,21,منطقه 21,MUNICIPAL_AREA,2023-02-20,1401-12,264,اسفند - 1401,33000000,33334895.48,24033898.31,42666666.67,3105000000,575,DIRECT,listing,metraj_all,3
e860034a-c7ae-0d72-ae12-45d668f20874,272905:21,21,منطقه 21,MUNICIPAL_AREA,2023-03-21,1402-01,265,فروردین - 1402,34521739.13,34982252.72,25806451.61,45000000,3375000000,377,DIRECT,listing,metraj_all,3
e860034a-c7ae-0d72-ae12-45d668f20874,272905:21,21,منطقه 21,MUNICIPAL_AREA,2023-04-21,1402-02,266,اردیبهشت - 1402,55772488.32,56101381.06,37225413.06,63965116.28,4600000000,904,DIRECT,listing,metraj_all,3
e860034a-c7ae-0d72-ae12-45d668f20874,272905:21,21,منطقه 21,MUNICIPAL_AREA,2023-05-22,1402-03,267,خرداد - 1402,56250000,56472107.89,39097744.36,64519443.22,4600000000,1698,DIRECT,listing,metraj_all,3
e860034a-c7ae-0d72-ae12-45d668f20874,272905:21,21,منطقه 21,MUNICIPAL_AREA,2023-06-22,1402-04,268,تیر - 1402,56143416.27,56293722.31,37635294.12,65000000,4550000000,2492,DIRECT,listing,metraj_all,3
e860034a-c7ae-0d72-ae12-45d668f20874,272905:21,21,منطقه 21,MUNICIPAL_AREA,2023-07-23,1402-05,269,مرداد - 1402,55223880.6,55380776.33,32954545.45,65000000,4420000000,2357,DIRECT,listing,metraj_all,3
e860034a-c7ae-0d72-ae12-45d668f20874,272905:21,21,منطقه 21,MUNICIPAL_AREA,2023-08-23,1402-06,270,شهریور - 1402,52380952.38,52542309.4,25444444.45,64772256.73,4050000000,2327,DIRECT,listing,metraj_all,3
e860034a-c7ae-0d72-ae12-45d668f20874,272905:21,21,منطقه 21,MUNICIPAL_AREA,2023-09-23,1402-07,271,مهر - 1402,46666666.67,46832278.67,17624607.09,62500000,3700000000,2500,DIRECT,listing,metraj_all,3
e860034a-c7ae-0d72-ae12-45d668f20874,272905:21,21,منطقه 21,MUNICIPAL_AREA,2023-10-23,1402-08,272,آبان - 1402,42586618.88,42731138.61,16501213.59,62500000,3510000000,3114,DIRECT,listing,metraj_all,3
e860034a-c7ae-0d72-ae12-45d668f20874,272905:21,21,منطقه 21,MUNICIPAL_AREA,2023-11-22,1402-09,273,آذر - 1402,42059673.84,42194288.02,17889726.19,64021226.42,3700000000,3394,DIRECT,listing,metraj_all,3
e860034a-c7ae-0d72-ae12-45d668f20874,272905:21,21,منطقه 21,MUNICIPAL_AREA,2023-12-22,1402-10,274,دی - 1402,48492424.24,48610216.63,24401378.49,65789473.68,4000000000,3344,DIRECT,listing,metraj_all,3
e860034a-c7ae-0d72-ae12-45d668f20874,272905:21,21,منطقه 21,MUNICIPAL_AREA,2024-01-21,1402-11,275,بهمن - 1402,51546391.75,51665097.58,29114754.1,66923076.92,4250000000,3089,DIRECT,listing,metraj_all,3
e860034a-c7ae-0d72-ae12-45d668f20874,272905:21,21,منطقه 21,MUNICIPAL_AREA,2024-02-20,1402-12,276,اسفند - 1402,52631578.95,52771005.2,32000000,67475140.72,4500000000,2658,DIRECT,listing,metraj_all,3
e860034a-c7ae-0d72-ae12-45d668f20874,272905:21,21,منطقه 21,MUNICIPAL_AREA,2024-03-20,1403-01,277,فروردین - 1403,52222222.22,52381554.9,33333333.33,69047619.05,4500000000,2361,DIRECT,listing,metraj_all,3
e860034a-c7ae-0d72-ae12-45d668f20874,272905:21,21,منطقه 21,MUNICIPAL_AREA,2024-04-20,1403-02,278,اردیبهشت - 1403,57500000,57644380.27,37313432.84,74000000,4900000000,2241,DIRECT,listing,metraj_all,3
e860034a-c7ae-0d72-ae12-45d668f20874,272905:21,21,منطقه 21,MUNICIPAL_AREA,2024-05-21,1403-03,279,خرداد - 1403,61208390.34,61321599.89,43536231.89,75840517.24,5160000000,2368,DIRECT,listing,metraj_all,3
e860034a-c7ae-0d72-ae12-45d668f20874,272905:21,21,منطقه 21,MUNICIPAL_AREA,2024-06-21,1403-04,280,تیر - 1403,62142857.14,62249893.9,44652173.92,76666666.67,5160000000,2439,DIRECT,listing,metraj_all,3
e860034a-c7ae-0d72-ae12-45d668f20874,272905:21,21,منطقه 21,MUNICIPAL_AREA,2024-07-22,1403-05,281,مرداد - 1403,60222522.75,60324967.95,44419934.64,75000000,5090000000,2562,DIRECT,listing,metraj_all,3
e860034a-c7ae-0d72-ae12-45d668f20874,272905:21,21,منطقه 21,MUNICIPAL_AREA,2024-08-22,1403-06,282,شهریور - 1403,60000000,60098659.65,42412121.21,74615020.14,5000000000,2547,DIRECT,listing,metraj_all,3
e860034a-c7ae-0d72-ae12-45d668f20874,272905:21,21,منطقه 21,MUNICIPAL_AREA,2024-09-22,1403-07,283,مهر - 1403,62181818.18,62242052.17,43316151.2,75500001.78,4845000000,3683,DIRECT,listing,metraj_all,3
e860034a-c7ae-0d72-ae12-45d668f20874,272905:21,21,منطقه 21,MUNICIPAL_AREA,2024-10-22,1403-08,284,آبان - 1403,62500000,62547132.64,41360569.99,75862068.97,4600000000,4528,DIRECT,listing,metraj_all,3
e860034a-c7ae-0d72-ae12-45d668f20874,272905:21,21,منطقه 21,MUNICIPAL_AREA,2024-11-21,1403-09,285,آذر - 1403,63737744.74,63774929.18,41000000,76470588.24,4600000000,5708,DIRECT,listing,metraj_all,3
e860034a-c7ae-0d72-ae12-45d668f20874,272905:21,21,منطقه 21,MUNICIPAL_AREA,2024-12-21,1403-10,286,دی - 1403,63801314.85,63839737.38,40449931.38,76999997.44,4689999872,5814,DIRECT,listing,metraj_all,3
e860034a-c7ae-0d72-ae12-45d668f20874,272905:21,21,منطقه 21,MUNICIPAL_AREA,2025-01-20,1403-11,287,بهمن - 1403,65151519.03,65188644.51,41509433.96,79097692.61,4950000128,6191,DIRECT,listing,metraj_all,3
e860034a-c7ae-0d72-ae12-45d668f20874,272905:21,21,منطقه 21,MUNICIPAL_AREA,2025-02-19,1403-12,288,اسفند - 1403,65000000,65048387.51,38750000,79696973.58,4849999872,5501,DIRECT,listing,metraj_all,3
e860034a-c7ae-0d72-ae12-45d668f20874,272905:21,21,منطقه 21,MUNICIPAL_AREA,2025-03-21,1404-01,289,فروردین - 1404,64705885.36,64771774.56,37737201.27,80104782.51,4800000000,4307,DIRECT,listing,metraj_all,3
e860034a-c7ae-0d72-ae12-45d668f20874,272905:21,21,منطقه 21,MUNICIPAL_AREA,2025-04-21,1404-02,290,اردیبهشت - 1404,61547100.52,61646307.09,37000000,80000000,4400000000,3586,DIRECT,listing,metraj_all,3
e860034a-c7ae-0d72-ae12-45d668f20874,272905:21,21,منطقه 21,MUNICIPAL_AREA,2025-05-22,1404-03,291,خرداد - 1404,68398026.32,68468219.39,38964512.71,85923713.24,4850000000,4230,DIRECT,listing,metraj_all,3
e860034a-c7ae-0d72-ae12-45d668f20874,272905:21,21,منطقه 21,MUNICIPAL_AREA,2025-06-22,1404-04,292,تیر - 1404,70000000,70055985.47,40000000,87000000,5000000000,5189,DIRECT,listing,metraj_all,3
e860034a-c7ae-0d72-ae12-45d668f20874,272905:21,21,منطقه 21,MUNICIPAL_AREA,2025-07-23,1404-05,293,مرداد - 1404,73660287.09,73708331.05,40613677.54,89666666.67,5150000000,5276,DIRECT,listing,metraj_all,3
e860034a-c7ae-0d72-ae12-45d668f20874,272905:21,21,منطقه 21,MUNICIPAL_AREA,2025-08-23,1404-06,294,شهریور - 1404,73394495.41,73440197.05,38542613.64,88888888.89,5000000000,5538,DIRECT,listing,metraj_all,3
e860034a-c7ae-0d72-ae12-45d668f20874,272905:21,21,منطقه 21,MUNICIPAL_AREA,2025-09-23,1404-07,295,مهر - 1404,70859704.64,70903696.45,37142857.14,88571428.57,4700000000,6614,DIRECT,listing,metraj_all,3
e860034a-c7ae-0d72-ae12-45d668f20874,272905:21,21,منطقه 21,MUNICIPAL_AREA,2025-10-23,1404-08,296,آبان - 1404,71142960.81,71181199.34,38000000,89724098.02,4765000000,8030,DIRECT,listing,metraj_all,3
e860034a-c7ae-0d72-ae12-45d668f20874,272905:21,21,منطقه 21,MUNICIPAL_AREA,2025-11-22,1404-09,297,آذر - 1404,72000000,72037479.06,38571428.57,91600000,4850000000,8957,DIRECT,listing,metraj_all,3
e860034a-c7ae-0d72-ae12-45d668f20874,272905:21,21,منطقه 21,MUNICIPAL_AREA,2025-12-22,1404-10,298,دی - 1404,74112394.96,74151818.14,39814814.81,95721884.5,5000000000,9192,DIRECT,listing,metraj_all,3
e860034a-c7ae-0d72-ae12-45d668f20874,272905:21,21,منطقه 21,MUNICIPAL_AREA,2026-01-21,1404-11,299,بهمن - 1404,75000000,75048279.29,42857142.86,101265822.78,5150000000,9248,DIRECT,listing,metraj_all,3
e860034a-c7ae-0d72-ae12-45d668f20874,272905:21,21,منطقه 21,MUNICIPAL_AREA,2026-02-20,1404-12,300,اسفند - 1404,73770491.8,73846315.89,46186781.61,106000000,5150000000,6931,DIRECT,listing,metraj_all,3
e860034a-c7ae-0d72-ae12-45d668f20874,272905:21,21,منطقه 21,MUNICIPAL_AREA,2026-03-21,1405-01,301,فروردین - 1405,77142857.14,77264023.92,53030303.03,111267605.63,5500000000,4765,DIRECT,listing,metraj_all,3
e860034a-c7ae-0d72-ae12-45d668f20874,272905:21,21,منطقه 21,MUNICIPAL_AREA,2026-04-21,1405-02,302,اردیبهشت - 1405,91538461.54,91658676.94,68888888.89,148173400.67,7000000000,5818,DIRECT,listing,metraj_all,3
e860034a-c7ae-0d72-ae12-45d668f20874,272905:21,21,منطقه 21,MUNICIPAL_AREA,2026-05-22,1405-03,303,خرداد - 1405,105078604.77,105155231.23,76923076.92,169607843.14,7680000000,10420,DIRECT,listing,metraj_all,3
e860034a-c7ae-0d72-ae12-45d668f20874,272905:21,21,منطقه 21,MUNICIPAL_AREA,2026-06-22,1405-04,304,تیر - 1405,107142857.14,107222265.25,78852925.25,170328494.71,7700000000,11054,DIRECT,listing,metraj_all,3
e860034a-c7ae-0d72-ae12-45d668f20874,272905:21,21,منطقه 21,MUNICIPAL_AREA,2026-07-23,1405-05,305,مرداد - 1405,108888888.89,108968297.6,81468013.47,172960170.7,7500000000,12723,DIRECT,listing,metraj_all,3
2660254d-bc9f-c4eb-5ec4-f962a708cec2,272905:22,22,منطقه 22,MUNICIPAL_AREA,2021-08-23,1400-06,246,شهریور - 1400,31558704.46,31482981.05,25000000,39246894.41,3350000000,770,DIRECT,listing,metraj_all,3
2660254d-bc9f-c4eb-5ec4-f962a708cec2,272905:22,22,منطقه 22,MUNICIPAL_AREA,2021-09-23,1400-07,247,مهر - 1400,32000000,31920152.36,25000000,40140014.03,3345000000,738,DIRECT,listing,metraj_all,3
2660254d-bc9f-c4eb-5ec4-f962a708cec2,272905:22,22,منطقه 22,MUNICIPAL_AREA,2021-10-23,1400-08,248,آبان - 1400,32295578.44,32216396.69,25000000,40000000,3255000000,770,DIRECT,listing,metraj_all,3
2660254d-bc9f-c4eb-5ec4-f962a708cec2,272905:22,22,منطقه 22,MUNICIPAL_AREA,2021-11-22,1400-09,249,آذر - 1400,33000000,32905825.65,26000000,40445307.34,3500000000,751,DIRECT,listing,metraj_all,3
2660254d-bc9f-c4eb-5ec4-f962a708cec2,272905:22,22,منطقه 22,MUNICIPAL_AREA,2021-12-22,1400-10,250,دی - 1400,33000000,32910067.61,26415094.34,41078431.37,3550000000,737,DIRECT,listing,metraj_all,3
2660254d-bc9f-c4eb-5ec4-f962a708cec2,272905:22,22,منطقه 22,MUNICIPAL_AREA,2022-01-21,1400-11,251,بهمن - 1400,33035714.29,32948221.44,27358490.57,41322314.05,3600000000,737,DIRECT,listing,metraj_all,3
2660254d-bc9f-c4eb-5ec4-f962a708cec2,272905:22,22,منطقه 22,MUNICIPAL_AREA,2022-02-20,1400-12,252,اسفند - 1400,33333333.33,33234374.96,28000000,41666666.67,3600000000,630,DIRECT,listing,metraj_all,3
2660254d-bc9f-c4eb-5ec4-f962a708cec2,272905:22,22,منطقه 22,MUNICIPAL_AREA,2022-03-21,1401-01,253,فروردین - 1401,34856674.86,34770768.98,28571428.57,42480156.19,3685000000,668,DIRECT,listing,metraj_all,3
2660254d-bc9f-c4eb-5ec4-f962a708cec2,272905:22,22,منطقه 22,MUNICIPAL_AREA,2022-04-21,1401-02,254,اردیبهشت - 1401,34639423.08,34662056.69,26666666.67,42230312.84,3551000000,1842,DIRECT,listing,metraj_all,3
2660254d-bc9f-c4eb-5ec4-f962a708cec2,272905:22,22,منطقه 22,MUNICIPAL_AREA,2022-05-22,1401-03,255,خرداد - 1401,35897435.9,35911353.88,28016483.52,44544270.83,3800000000,3736,DIRECT,listing,metraj_all,3
2660254d-bc9f-c4eb-5ec4-f962a708cec2,272905:22,22,منطقه 22,MUNICIPAL_AREA,2022-06-22,1401-04,256,تیر - 1401,37152777.78,37163400.22,28985507.25,46000000,3950000000,5209,DIRECT,listing,metraj_all,3
2660254d-bc9f-c4eb-5ec4-f962a708cec2,272905:22,22,منطقه 22,MUNICIPAL_AREA,2022-07-23,1401-05,257,مرداد - 1401,40000000,40006381.48,31227134.15,49090909.09,4200000000,5658,DIRECT,listing,metraj_all,3
2660254d-bc9f-c4eb-5ec4-f962a708cec2,272905:22,22,منطقه 22,MUNICIPAL_AREA,2022-08-23,1401-06,258,شهریور - 1401,41525423.73,41533281.35,33185840.71,50000000,4366000000,6533,DIRECT,listing,metraj_all,3
2660254d-bc9f-c4eb-5ec4-f962a708cec2,272905:22,22,منطقه 22,MUNICIPAL_AREA,2022-09-23,1401-07,259,مهر - 1401,42012658.23,42024770.92,33964848.8,50462469.24,4450000000,4778,DIRECT,listing,metraj_all,3
2660254d-bc9f-c4eb-5ec4-f962a708cec2,272905:22,22,منطقه 22,MUNICIPAL_AREA,2022-10-23,1401-08,260,آبان - 1401,42073170.73,42099726.87,33722627.74,50000000,4400000000,2905,DIRECT,listing,metraj_all,3
2660254d-bc9f-c4eb-5ec4-f962a708cec2,272905:22,22,منطقه 22,MUNICIPAL_AREA,2022-11-22,1401-09,261,آذر - 1401,42471910.11,42682408.18,25565957.45,54000000,4700000000,947,DIRECT,listing,metraj_all,3
2660254d-bc9f-c4eb-5ec4-f962a708cec2,272905:22,22,منطقه 22,MUNICIPAL_AREA,2022-12-22,1401-10,262,دی - 1401,42000000,42065066.62,20250000,54330708.66,4600000000,2466,DIRECT,listing,metraj_all,3
2660254d-bc9f-c4eb-5ec4-f962a708cec2,272905:22,22,منطقه 22,MUNICIPAL_AREA,2023-01-21,1401-11,263,بهمن - 1401,45378151.26,45400550.48,25000000,58000000,5000000000,4903,DIRECT,listing,metraj_all,3
2660254d-bc9f-c4eb-5ec4-f962a708cec2,272905:22,22,منطقه 22,MUNICIPAL_AREA,2023-02-20,1401-12,264,اسفند - 1401,47268842.27,47280019.39,27000000,60000000,5200000000,4752,DIRECT,listing,metraj_all,3
2660254d-bc9f-c4eb-5ec4-f962a708cec2,272905:22,22,منطقه 22,MUNICIPAL_AREA,2023-03-21,1402-01,265,فروردین - 1402,50000000,50007191.21,31000000,62397435.9,5450000000,3249,DIRECT,listing,metraj_all,3
2660254d-bc9f-c4eb-5ec4-f962a708cec2,272905:22,22,منطقه 22,MUNICIPAL_AREA,2023-04-21,1402-02,266,اردیبهشت - 1402,66481481.48,66512330.84,27950302.51,86381818.18,7100000000,6263,DIRECT,listing,metraj_all,3
2660254d-bc9f-c4eb-5ec4-f962a708cec2,272905:22,22,منطقه 22,MUNICIPAL_AREA,2023-05-22,1402-03,267,خرداد - 1402,70642201.83,70665466.48,28816051.84,90000000,7450000000,10110,DIRECT,listing,metraj_all,3
2660254d-bc9f-c4eb-5ec4-f962a708cec2,272905:22,22,منطقه 22,MUNICIPAL_AREA,2023-06-22,1402-04,268,تیر - 1402,70000000,70015934.24,28000000,90000000,7290000000,14895,DIRECT,listing,metraj_all,3
2660254d-bc9f-c4eb-5ec4-f962a708cec2,272905:22,22,منطقه 22,MUNICIPAL_AREA,2023-07-23,1402-05,269,مرداد - 1402,68702290.08,68720274.73,27480620.16,89256198.35,6950000000,13145,DIRECT,listing,metraj_all,3
2660254d-bc9f-c4eb-5ec4-f962a708cec2,272905:22,22,منطقه 22,MUNICIPAL_AREA,2023-08-23,1402-06,270,شهریور - 1402,63125173.66,63147114.19,25735294.12,85729679.8,6200000000,12280,DIRECT,listing,metraj_all,3
2660254d-bc9f-c4eb-5ec4-f962a708cec2,272905:22,22,منطقه 22,MUNICIPAL_AREA,2023-09-23,1402-07,271,مهر - 1402,58243860.65,58270256.9,25025641.02,82901972.25,5600000000,11352,DIRECT,listing,metraj_all,3
2660254d-bc9f-c4eb-5ec4-f962a708cec2,272905:22,22,منطقه 22,MUNICIPAL_AREA,2023-10-23,1402-08,272,آبان - 1402,57843137.25,57866314.3,25333333.33,81250000,5700000000,12887,DIRECT,listing,metraj_all,3
2660254d-bc9f-c4eb-5ec4-f962a708cec2,272905:22,22,منطقه 22,MUNICIPAL_AREA,2023-11-22,1402-09,273,آذر - 1402,60000000,60021336.35,26000000,81902709.36,6000000000,13058,DIRECT,listing,metraj_all,3
2660254d-bc9f-c4eb-5ec4-f962a708cec2,272905:22,22,منطقه 22,MUNICIPAL_AREA,2023-12-22,1402-10,274,دی - 1402,63716814.16,63736080.41,30000000,83333333.33,6300000000,12594,DIRECT,listing,metraj_all,3
2660254d-bc9f-c4eb-5ec4-f962a708cec2,272905:22,22,منطقه 22,MUNICIPAL_AREA,2024-01-21,1402-11,275,بهمن - 1402,66906586.58,66925575.19,37500000,84000000,6500000000,11274,DIRECT,listing,metraj_all,3
2660254d-bc9f-c4eb-5ec4-f962a708cec2,272905:22,22,منطقه 22,MUNICIPAL_AREA,2024-02-20,1402-12,276,اسفند - 1402,68571428.57,68592974.2,41290322.58,84466019.42,6800000000,9857,DIRECT,listing,metraj_all,3
2660254d-bc9f-c4eb-5ec4-f962a708cec2,272905:22,22,منطقه 22,MUNICIPAL_AREA,2024-03-20,1403-01,277,فروردین - 1403,70000000,70024573.04,42000000,85526315.79,7000000000,8129,DIRECT,listing,metraj_all,3
2660254d-bc9f-c4eb-5ec4-f962a708cec2,272905:22,22,منطقه 22,MUNICIPAL_AREA,2024-04-20,1403-02,278,اردیبهشت - 1403,75480947.1,75500562.14,55904289.14,91308720.64,7990000000,7392,DIRECT,listing,metraj_all,3
2660254d-bc9f-c4eb-5ec4-f962a708cec2,272905:22,22,منطقه 22,MUNICIPAL_AREA,2024-05-21,1403-03,279,خرداد - 1403,78076183.61,78088925.61,62328767.12,94484116.21,8300000000,7880,DIRECT,listing,metraj_all,3
2660254d-bc9f-c4eb-5ec4-f962a708cec2,272905:22,22,منطقه 22,MUNICIPAL_AREA,2024-06-21,1403-04,280,تیر - 1403,77820454.55,77832197.42,60630040.32,93973570.29,8200000000,8962,DIRECT,listing,metraj_all,3
2660254d-bc9f-c4eb-5ec4-f962a708cec2,272905:22,22,منطقه 22,MUNICIPAL_AREA,2024-07-22,1403-05,281,مرداد - 1403,76153846.15,76163641.71,55000000,91397849.46,7900000000,10625,DIRECT,listing,metraj_all,3
2660254d-bc9f-c4eb-5ec4-f962a708cec2,272905:22,22,منطقه 22,MUNICIPAL_AREA,2024-08-22,1403-06,282,شهریور - 1403,75238095.24,75247225.28,52000000,90080560.85,7700000000,10931,DIRECT,listing,metraj_all,3
2660254d-bc9f-c4eb-5ec4-f962a708cec2,272905:22,22,منطقه 22,MUNICIPAL_AREA,2024-09-22,1403-07,283,مهر - 1403,75000000,75007294.15,52000000,90000002.33,7699999744,12913,DIRECT,listing,metraj_all,3
2660254d-bc9f-c4eb-5ec4-f962a708cec2,272905:22,22,منطقه 22,MUNICIPAL_AREA,2024-10-22,1403-08,284,آبان - 1403,74137935.45,74145242.2,49152542.37,89999998.98,7500000256,13335,DIRECT,listing,metraj_all,3
2660254d-bc9f-c4eb-5ec4-f962a708cec2,272905:22,22,منطقه 22,MUNICIPAL_AREA,2024-11-21,1403-09,285,آذر - 1403,72857141.64,72864829.79,50000000,89999994.88,7500000256,15784,DIRECT,listing,metraj_all,3
2660254d-bc9f-c4eb-5ec4-f962a708cec2,272905:22,22,منطقه 22,MUNICIPAL_AREA,2024-12-21,1403-10,286,دی - 1403,72605715.01,72613642.17,51428571.43,90000001.8,7500000256,17112,DIRECT,listing,metraj_all,3
2660254d-bc9f-c4eb-5ec4-f962a708cec2,272905:22,22,منطقه 22,MUNICIPAL_AREA,2025-01-20,1403-11,287,بهمن - 1403,73831778.09,73839667.43,52000000,91748515.92,7649999872,18168,DIRECT,listing,metraj_all,3
2660254d-bc9f-c4eb-5ec4-f962a708cec2,272905:22,22,منطقه 22,MUNICIPAL_AREA,2025-02-19,1403-12,288,اسفند - 1403,75892854.86,75901888.94,52000000,93473185.81,8000000000,17450,DIRECT,listing,metraj_all,3
2660254d-bc9f-c4eb-5ec4-f962a708cec2,272905:22,22,منطقه 22,MUNICIPAL_AREA,2025-03-21,1404-01,289,فروردین - 1404,77857141.03,77868506.3,52000000,94999995.73,8300000256,13446,DIRECT,listing,metraj_all,3
2660254d-bc9f-c4eb-5ec4-f962a708cec2,272905:22,22,منطقه 22,MUNICIPAL_AREA,2025-04-21,1404-02,290,اردیبهشت - 1404,81250002.29,81263115.41,55882351.44,97090267,8600000512,12170,DIRECT,listing,metraj_all,3
2660254d-bc9f-c4eb-5ec4-f962a708cec2,272905:22,22,منطقه 22,MUNICIPAL_AREA,2025-05-22,1404-03,291,خرداد - 1404,85000000,85010151.1,61011627.91,100748036.48,9000000000,12954,DIRECT,listing,metraj_all,3
2660254d-bc9f-c4eb-5ec4-f962a708cec2,272905:22,22,منطقه 22,MUNICIPAL_AREA,2025-06-22,1404-04,292,تیر - 1404,85507246.38,85515907.44,63328402.37,101156082.29,9030000000,15692,DIRECT,listing,metraj_all,3
2660254d-bc9f-c4eb-5ec4-f962a708cec2,272905:22,22,منطقه 22,MUNICIPAL_AREA,2025-07-23,1404-05,293,مرداد - 1404,85454545.45,85463486.34,66666666.67,101724137.93,9100000000,15203,DIRECT,listing,metraj_all,3
2660254d-bc9f-c4eb-5ec4-f962a708cec2,272905:22,22,منطقه 22,MUNICIPAL_AREA,2025-08-23,1404-06,294,شهریور - 1404,84642857.14,84651961.31,67117117.12,100000000,9000000000,15485,DIRECT,listing,metraj_all,3
2660254d-bc9f-c4eb-5ec4-f962a708cec2,272905:22,22,منطقه 22,MUNICIPAL_AREA,2025-09-23,1404-07,295,مهر - 1404,85422619.05,85430625.89,68565668.2,102682841.62,9000000000,18196,DIRECT,listing,metraj_all,3
2660254d-bc9f-c4eb-5ec4-f962a708cec2,272905:22,22,منطقه 22,MUNICIPAL_AREA,2025-10-23,1404-08,296,آبان - 1404,86792452.83,86799446.43,70000000,105633802.82,9300000000,21573,DIRECT,listing,metraj_all,3
2660254d-bc9f-c4eb-5ec4-f962a708cec2,272905:22,22,منطقه 22,MUNICIPAL_AREA,2025-11-22,1404-09,297,آذر - 1404,88775510.2,88782483.42,72000000,109565217.39,9600000000,24128,DIRECT,listing,metraj_all,3
2660254d-bc9f-c4eb-5ec4-f962a708cec2,272905:22,22,منطقه 22,MUNICIPAL_AREA,2025-12-22,1404-10,298,دی - 1404,91779661.02,91787294.62,73972602.74,115107913.67,10250000000,24369,DIRECT,listing,metraj_all,3
2660254d-bc9f-c4eb-5ec4-f962a708cec2,272905:22,22,منطقه 22,MUNICIPAL_AREA,2026-01-21,1404-11,299,بهمن - 1404,97701149.43,97709881.05,75000000,124812030.08,11200000000,25181,DIRECT,listing,metraj_all,3
2660254d-bc9f-c4eb-5ec4-f962a708cec2,272905:22,22,منطقه 22,MUNICIPAL_AREA,2026-02-20,1404-12,300,اسفند - 1404,102307692.31,102320706.03,75765692.64,130000000,11900000000,18503,DIRECT,listing,metraj_all,3
2660254d-bc9f-c4eb-5ec4-f962a708cec2,272905:22,22,منطقه 22,MUNICIPAL_AREA,2026-03-21,1405-01,301,فروردین - 1405,107375000,107396393.17,75000000,136363636.36,12400000000,12903,DIRECT,listing,metraj_all,3
2660254d-bc9f-c4eb-5ec4-f962a708cec2,272905:22,22,منطقه 22,MUNICIPAL_AREA,2026-04-21,1405-02,302,اردیبهشت - 1405,130769230.77,130792622.85,78039215.69,179620181.41,15000000000,13170,DIRECT,listing,metraj_all,3
2660254d-bc9f-c4eb-5ec4-f962a708cec2,272905:22,22,منطقه 22,MUNICIPAL_AREA,2026-05-22,1405-03,303,خرداد - 1405,151807228.92,151821785.24,95000000,201834862.39,16900000000,22793,DIRECT,listing,metraj_all,3
2660254d-bc9f-c4eb-5ec4-f962a708cec2,272905:22,22,منطقه 22,MUNICIPAL_AREA,2026-06-22,1405-04,304,تیر - 1405,158252427.18,158268059.12,104562937.07,207142857.14,17500000000,23498,DIRECT,listing,metraj_all,3
2660254d-bc9f-c4eb-5ec4-f962a708cec2,272905:22,22,منطقه 22,MUNICIPAL_AREA,2026-07-23,1405-05,305,مرداد - 1405,168991525.43,169007185.89,111799444.19,216371087.93,18000000000,26176,DIRECT,listing,metraj_all,3
