area_id,native_key,district_number,area_name_fa,level,date,period_code,period_id,label,price_psm_median_toman,price_psm_smoothed_toman,price_psm_p25_toman,price_psm_p75_toman,price_total_median_toman,sample_size,trust,source,metraj_band,window_months
e1dce90b-c860-17ed-d5a3-f537cc7bc1ce,272903:1,1,منطقه 1,MUNICIPAL_AREA,2021-08-23,1400-06,246,شهریور - 1400,18382352.94,17650277.94,17289719.63,20388349.51,3250000000,5,MODELED,listing,metraj_all,3
e1dce90b-c860-17ed-d5a3-f537cc7bc1ce,272903:1,1,منطقه 1,MUNICIPAL_AREA,2021-09-23,1400-07,247,مهر - 1400,17289719.63,18878805.83,10354704.38,21144859.82,3300000000,3,MODELED,listing,metraj_all,3
e1dce90b-c860-17ed-d5a3-f537cc7bc1ce,272903:1,1,منطقه 1,MUNICIPAL_AREA,2021-10-23,1400-08,248,آبان - 1400,10354704.38,18374881.72,6887196.75,13822212,3500000000,2,MODELED,listing,metraj_all,3
e1dce90b-c860-17ed-d5a3-f537cc7bc1ce,272903:1,1,منطقه 1,MUNICIPAL_AREA,2022-01-21,1400-11,251,بهمن - 1400,13653846.15,18692722.51,13653846.15,13653846.15,710000000,1,MODELED,listing,metraj_all,3
e1dce90b-c860-17ed-d5a3-f537cc7bc1ce,272903:1,1,منطقه 1,MUNICIPAL_AREA,2022-02-20,1400-12,252,اسفند - 1400,13653846.15,18648832.01,13653846.15,13653846.15,710000000,1,MODELED,listing,metraj_all,3
e1dce90b-c860-17ed-d5a3-f537cc7bc1ce,272903:1,1,منطقه 1,MUNICIPAL_AREA,2022-03-21,1401-01,253,فروردین - 1401,17500000,18831884.95,15576923.08,20377906.98,2000000000,3,MODELED,listing,metraj_all,3
e1dce90b-c860-17ed-d5a3-f537cc7bc1ce,272903:1,1,منطقه 1,MUNICIPAL_AREA,2022-04-21,1401-02,254,اردیبهشت - 1401,20377906.98,22767436.32,18938953.49,21816860.46,2898750000,2,MODELED,listing,metraj_all,3
e1dce90b-c860-17ed-d5a3-f537cc7bc1ce,272903:1,1,منطقه 1,MUNICIPAL_AREA,2022-05-22,1401-03,255,خرداد - 1401,20377906.98,22071679.49,18938953.49,21816860.46,2898750000,2,MODELED,listing,metraj_all,3
e1dce90b-c860-17ed-d5a3-f537cc7bc1ce,272903:1,1,منطقه 1,MUNICIPAL_AREA,2022-11-22,1401-09,261,آذر - 1401,37961538.46,36269079.75,28750000,62761156.61,4245000000,44,DIRECT,listing,metraj_all,3
e1dce90b-c860-17ed-d5a3-f537cc7bc1ce,272903:1,1,منطقه 1,MUNICIPAL_AREA,2022-12-22,1401-10,262,دی - 1401,33975000,34118033.43,27062094.53,50277777.78,3651000000,104,DIRECT,listing,metraj_all,3
e1dce90b-c860-17ed-d5a3-f537cc7bc1ce,272903:1,1,منطقه 1,MUNICIPAL_AREA,2023-01-21,1401-11,263,بهمن - 1401,34295392.95,34312034.95,27774509.81,51219931.27,3926500000,368,DIRECT,listing,metraj_all,3
e1dce90b-c860-17ed-d5a3-f537cc7bc1ce,272903:1,1,منطقه 1,MUNICIPAL_AREA,2023-02-20,1401-12,264,اسفند - 1401,35000000,34999997.92,27777777.78,51839285.72,3825000000,468,DIRECT,listing,metraj_all,3
e1dce90b-c860-17ed-d5a3-f537cc7bc1ce,272903:1,1,منطقه 1,MUNICIPAL_AREA,2023-03-21,1402-01,265,فروردین - 1402,35043049.53,35025948.97,28061224.49,52460354.48,3950000000,408,DIRECT,listing,metraj_all,3
e1dce90b-c860-17ed-d5a3-f537cc7bc1ce,272903:1,1,منطقه 1,MUNICIPAL_AREA,2023-04-21,1402-02,266,اردیبهشت - 1402,42962962.96,42854230.15,33333333.33,61257309.94,4500000000,535,DIRECT,listing,metraj_all,3
e1dce90b-c860-17ed-d5a3-f537cc7bc1ce,272903:1,1,منطقه 1,MUNICIPAL_AREA,2023-05-22,1402-03,267,خرداد - 1402,45000000,44915511.5,35000000,66666666.67,5000000000,797,DIRECT,listing,metraj_all,3
e1dce90b-c860-17ed-d5a3-f537cc7bc1ce,272903:1,1,منطقه 1,MUNICIPAL_AREA,2023-06-22,1402-04,268,تیر - 1402,45095331.43,45038377.58,35555555.56,70000000,5100000000,1212,DIRECT,listing,metraj_all,3
e1dce90b-c860-17ed-d5a3-f537cc7bc1ce,272903:1,1,منطقه 1,MUNICIPAL_AREA,2023-07-23,1402-05,269,مرداد - 1402,45283018.87,45222578.79,36000000,72407407.41,5100000000,1195,DIRECT,listing,metraj_all,3
e1dce90b-c860-17ed-d5a3-f537cc7bc1ce,272903:1,1,منطقه 1,MUNICIPAL_AREA,2023-08-23,1402-06,270,شهریور - 1402,45112781.95,45048635.14,36428571.43,70000000,5000000000,1109,DIRECT,listing,metraj_all,3
e1dce90b-c860-17ed-d5a3-f537cc7bc1ce,272903:1,1,منطقه 1,MUNICIPAL_AREA,2023-09-23,1402-07,271,مهر - 1402,45454545.45,45380862.75,36630434.79,70019685.04,5000000000,1016,DIRECT,listing,metraj_all,3
e1dce90b-c860-17ed-d5a3-f537cc7bc1ce,272903:1,1,منطقه 1,MUNICIPAL_AREA,2023-10-23,1402-08,272,آبان - 1402,47227899.85,47143084.58,37708036.35,74067005.94,5480000000,1078,DIRECT,listing,metraj_all,3
e1dce90b-c860-17ed-d5a3-f537cc7bc1ce,272903:1,1,منطقه 1,MUNICIPAL_AREA,2023-11-22,1402-09,273,آذر - 1402,50000000,49899248.02,38571761.91,81000000,5900000000,1163,DIRECT,listing,metraj_all,3
e1dce90b-c860-17ed-d5a3-f537cc7bc1ce,272903:1,1,منطقه 1,MUNICIPAL_AREA,2023-12-22,1402-10,274,دی - 1402,50769230.77,50671778.76,39976190.48,81123310.81,6000000000,1260,DIRECT,listing,metraj_all,3
e1dce90b-c860-17ed-d5a3-f537cc7bc1ce,272903:1,1,منطقه 1,MUNICIPAL_AREA,2024-01-21,1402-11,275,بهمن - 1402,53452380.95,53336526,40023584.91,85000000,6200000000,1242,DIRECT,listing,metraj_all,3
e1dce90b-c860-17ed-d5a3-f537cc7bc1ce,272903:1,1,منطقه 1,MUNICIPAL_AREA,2024-02-20,1402-12,276,اسفند - 1402,54621848.74,54485413.35,41879905.81,82540106.96,6150000000,1103,DIRECT,listing,metraj_all,3
e1dce90b-c860-17ed-d5a3-f537cc7bc1ce,272903:1,1,منطقه 1,MUNICIPAL_AREA,2024-03-20,1403-01,277,فروردین - 1403,55000000,54836601.33,42857142.86,81863636.37,6000000000,908,DIRECT,listing,metraj_all,3
e1dce90b-c860-17ed-d5a3-f537cc7bc1ce,272903:1,1,منطقه 1,MUNICIPAL_AREA,2024-04-20,1403-02,278,اردیبهشت - 1403,54838709.68,54669896.16,43200000,81818181.82,6000000000,869,DIRECT,listing,metraj_all,3
e1dce90b-c860-17ed-d5a3-f537cc7bc1ce,272903:1,1,منطقه 1,MUNICIPAL_AREA,2024-05-21,1403-03,279,خرداد - 1403,55555555.56,55393631.32,44871794.87,87431693.99,6500000000,929,DIRECT,listing,metraj_all,3
e1dce90b-c860-17ed-d5a3-f537cc7bc1ce,272903:1,1,منطقه 1,MUNICIPAL_AREA,2024-06-21,1403-04,280,تیر - 1403,56965991.49,56798032.29,45000000,88155172.41,6600000000,946,DIRECT,listing,metraj_all,3
e1dce90b-c860-17ed-d5a3-f537cc7bc1ce,272903:1,1,منطقه 1,MUNICIPAL_AREA,2024-07-22,1403-05,281,مرداد - 1403,58260869.57,57961260.98,45172562.55,90000000,6700000000,567,DIRECT,listing,metraj_all,3
e1dce90b-c860-17ed-d5a3-f537cc7bc1ce,272903:1,1,منطقه 1,MUNICIPAL_AREA,2024-08-22,1403-06,282,شهریور - 1403,58260869.57,57583147.68,43333333.33,88620689.66,6400000000,241,DIRECT,listing,metraj_all,3
e1dce90b-c860-17ed-d5a3-f537cc7bc1ce,272903:1,1,منطقه 1,MUNICIPAL_AREA,2024-11-21,1403-09,285,آذر - 1403,52178010.47,51828067.85,36363636.36,69558823.53,6000000000,338,DIRECT,listing,metraj_all,3
e1dce90b-c860-17ed-d5a3-f537cc7bc1ce,272903:1,1,منطقه 1,MUNICIPAL_AREA,2024-12-21,1403-10,286,دی - 1403,51507576.4,51324916.47,39253473.42,74824766.36,6000000000,620,DIRECT,listing,metraj_all,3
e1dce90b-c860-17ed-d5a3-f537cc7bc1ce,272903:1,1,منطقه 1,MUNICIPAL_AREA,2025-01-20,1403-11,287,بهمن - 1403,53448276.74,53309588.88,40707964.6,75396827.43,6150000128,929,DIRECT,listing,metraj_all,3
e1dce90b-c860-17ed-d5a3-f537cc7bc1ce,272903:1,1,منطقه 1,MUNICIPAL_AREA,2025-02-19,1403-12,288,اسفند - 1403,55555555.56,55385453.58,42307694.28,82843137.26,6499999744,831,DIRECT,listing,metraj_all,3
e1dce90b-c860-17ed-d5a3-f537cc7bc1ce,272903:1,1,منطقه 1,MUNICIPAL_AREA,2025-03-21,1404-01,289,فروردین - 1404,56069740.15,55874705.21,42892857.79,80000000,6489999872,706,DIRECT,listing,metraj_all,3
e1dce90b-c860-17ed-d5a3-f537cc7bc1ce,272903:1,1,منطقه 1,MUNICIPAL_AREA,2025-04-21,1404-02,290,اردیبهشت - 1404,57432430.7,57271426.55,43544871.8,80458332.8,6899999744,779,DIRECT,listing,metraj_all,3
e1dce90b-c860-17ed-d5a3-f537cc7bc1ce,272903:1,1,منطقه 1,MUNICIPAL_AREA,2025-05-22,1404-03,291,خرداد - 1404,57500001.28,57373680.52,44999999.54,80458332.8,7000000000,923,DIRECT,listing,metraj_all,3
e1dce90b-c860-17ed-d5a3-f537cc7bc1ce,272903:1,1,منطقه 1,MUNICIPAL_AREA,2025-06-22,1404-04,292,تیر - 1404,58000000,57897676.69,45454545.45,80000000,7000000000,1165,DIRECT,listing,metraj_all,3
e1dce90b-c860-17ed-d5a3-f537cc7bc1ce,272903:1,1,منطقه 1,MUNICIPAL_AREA,2025-07-23,1404-05,293,مرداد - 1404,57500000,57404485.05,45387145.75,77708333.34,7000000000,1194,DIRECT,listing,metraj_all,3
e1dce90b-c860-17ed-d5a3-f537cc7bc1ce,272903:1,1,منطقه 1,MUNICIPAL_AREA,2025-08-23,1404-06,294,شهریور - 1404,58144796.38,58056629.66,46294199.83,79225628.93,7000000000,1306,DIRECT,listing,metraj_all,3
e1dce90b-c860-17ed-d5a3-f537cc7bc1ce,272903:1,1,منطقه 1,MUNICIPAL_AREA,2025-09-23,1404-07,295,مهر - 1404,59940119.76,59856531.34,47374141.88,82287093.95,7100000000,1494,DIRECT,listing,metraj_all,3
e1dce90b-c860-17ed-d5a3-f537cc7bc1ce,272903:1,1,منطقه 1,MUNICIPAL_AREA,2025-10-23,1404-08,296,آبان - 1404,61143790.85,61067983.31,48501523.23,85980902.78,7425000000,1664,DIRECT,listing,metraj_all,3
e1dce90b-c860-17ed-d5a3-f537cc7bc1ce,272903:1,1,منطقه 1,MUNICIPAL_AREA,2025-11-22,1404-09,297,آذر - 1404,63257575.76,63183178.59,49911347.52,90000000,7800000000,1772,DIRECT,listing,metraj_all,3
e1dce90b-c860-17ed-d5a3-f537cc7bc1ce,272903:1,1,منطقه 1,MUNICIPAL_AREA,2025-12-22,1404-10,298,دی - 1404,65000000,64922640.54,50000000,94917883.21,8000000000,1652,DIRECT,listing,metraj_all,3
e1dce90b-c860-17ed-d5a3-f537cc7bc1ce,272903:1,1,منطقه 1,MUNICIPAL_AREA,2026-01-21,1404-11,299,بهمن - 1404,70000000,69932564.28,54013513.51,100000000,8800000000,1926,DIRECT,listing,metraj_all,3
e1dce90b-c860-17ed-d5a3-f537cc7bc1ce,272903:1,1,منطقه 1,MUNICIPAL_AREA,2026-02-20,1404-12,300,اسفند - 1404,74400000,74310545.85,57498028.56,106732673.27,9180000000,1592,DIRECT,listing,metraj_all,3
e1dce90b-c860-17ed-d5a3-f537cc7bc1ce,272903:1,1,منطقه 1,MUNICIPAL_AREA,2026-03-21,1405-01,301,فروردین - 1405,78281378.18,78179910.93,61083333.33,110859375,10000000000,1284,DIRECT,listing,metraj_all,3
e1dce90b-c860-17ed-d5a3-f537cc7bc1ce,272903:1,1,منطقه 1,MUNICIPAL_AREA,2026-04-21,1405-02,302,اردیبهشت - 1405,94380630.63,94218691.03,70392592.59,145290720.83,12050000000,1140,DIRECT,listing,metraj_all,3
e1dce90b-c860-17ed-d5a3-f537cc7bc1ce,272903:1,1,منطقه 1,MUNICIPAL_AREA,2026-05-22,1405-03,303,خرداد - 1405,106155303.03,106032527.93,79675081.82,160151515.15,13500000000,1764,DIRECT,listing,metraj_all,3
e1dce90b-c860-17ed-d5a3-f537cc7bc1ce,272903:1,1,منطقه 1,MUNICIPAL_AREA,2026-06-22,1405-04,304,تیر - 1405,110000000,109884149.56,83333333.33,167682926.83,13800000000,1889,DIRECT,listing,metraj_all,3
e1dce90b-c860-17ed-d5a3-f537cc7bc1ce,272903:1,1,منطقه 1,MUNICIPAL_AREA,2026-07-23,1405-05,305,مرداد - 1405,112867965.37,112755997.43,88000000,160000000,14000000000,1642,DIRECT,listing,metraj_all,3
410657a3-ae51-c1fb-ec8b-19f7bc997aa1,272903:2,2,منطقه 2,MUNICIPAL_AREA,2021-09-23,1400-07,247,مهر - 1400,68965517.24,23865530.38,68965517.24,68965517.24,4000000000,1,MODELED,listing,metraj_all,3
410657a3-ae51-c1fb-ec8b-19f7bc997aa1,272903:2,2,منطقه 2,MUNICIPAL_AREA,2021-10-23,1400-08,248,آبان - 1400,39482758.62,23229557.43,24741379.31,54224137.93,2490000000,2,MODELED,listing,metraj_all,3
410657a3-ae51-c1fb-ec8b-19f7bc997aa1,272903:2,2,منطقه 2,MUNICIPAL_AREA,2021-11-22,1400-09,249,آذر - 1400,39482758.62,25543864.05,24741379.31,54224137.93,2490000000,2,MODELED,listing,metraj_all,3
410657a3-ae51-c1fb-ec8b-19f7bc997aa1,272903:2,2,منطقه 2,MUNICIPAL_AREA,2021-12-22,1400-10,250,دی - 1400,10000000,19026172.31,10000000,10000000,980000000,1,MODELED,listing,metraj_all,3
410657a3-ae51-c1fb-ec8b-19f7bc997aa1,272903:2,2,منطقه 2,MUNICIPAL_AREA,2022-01-21,1400-11,251,بهمن - 1400,16161616.16,18920701.61,16161616.16,16161616.16,3200000000,1,MODELED,listing,metraj_all,3
410657a3-ae51-c1fb-ec8b-19f7bc997aa1,272903:2,2,منطقه 2,MUNICIPAL_AREA,2022-02-20,1400-12,252,اسفند - 1400,16161616.16,18876811.11,16161616.16,16161616.16,3200000000,1,MODELED,listing,metraj_all,3
410657a3-ae51-c1fb-ec8b-19f7bc997aa1,272903:2,2,منطقه 2,MUNICIPAL_AREA,2022-03-21,1401-01,253,فروردین - 1401,16161616.16,18952374.59,16161616.16,16161616.16,3200000000,1,MODELED,listing,metraj_all,3
410657a3-ae51-c1fb-ec8b-19f7bc997aa1,272903:2,2,منطقه 2,MUNICIPAL_AREA,2022-11-22,1401-09,261,آذر - 1401,24000000,25854715.94,16820512.82,27512222.22,2535000000,16,MODELED,listing,metraj_all,3
410657a3-ae51-c1fb-ec8b-19f7bc997aa1,272903:2,2,منطقه 2,MUNICIPAL_AREA,2022-12-22,1401-10,262,دی - 1401,20000000,22517029.21,16765010.35,27074074.07,2340000000,52,DIRECT,listing,metraj_all,3
410657a3-ae51-c1fb-ec8b-19f7bc997aa1,272903:2,2,منطقه 2,MUNICIPAL_AREA,2023-01-21,1401-11,263,بهمن - 1401,20970588.24,21791404.25,16142857.14,26740740.74,2200000000,160,DIRECT,listing,metraj_all,3
410657a3-ae51-c1fb-ec8b-19f7bc997aa1,272903:2,2,منطقه 2,MUNICIPAL_AREA,2023-02-20,1401-12,264,اسفند - 1401,21290322.58,21899637.15,16770833.34,26811594.21,2250000000,215,DIRECT,listing,metraj_all,3
410657a3-ae51-c1fb-ec8b-19f7bc997aa1,272903:2,2,منطقه 2,MUNICIPAL_AREA,2023-03-21,1402-01,265,فروردین - 1402,22250000,22889060.64,16770833.34,26754122.94,2250000000,179,DIRECT,listing,metraj_all,3
410657a3-ae51-c1fb-ec8b-19f7bc997aa1,272903:2,2,منطقه 2,MUNICIPAL_AREA,2023-04-21,1402-02,266,اردیبهشت - 1402,26500000,26857187.28,22105263.16,32857142.86,2900000000,285,DIRECT,listing,metraj_all,3
410657a3-ae51-c1fb-ec8b-19f7bc997aa1,272903:2,2,منطقه 2,MUNICIPAL_AREA,2023-05-22,1402-03,267,خرداد - 1402,28118811.88,28334292.96,24000000,35000000,3200000000,457,DIRECT,listing,metraj_all,3
410657a3-ae51-c1fb-ec8b-19f7bc997aa1,272903:2,2,منطقه 2,MUNICIPAL_AREA,2023-06-22,1402-04,268,تیر - 1402,28333333.33,28463164.3,23619047.62,35849056.6,3200000000,745,DIRECT,listing,metraj_all,3
410657a3-ae51-c1fb-ec8b-19f7bc997aa1,272903:2,2,منطقه 2,MUNICIPAL_AREA,2023-07-23,1402-05,269,مرداد - 1402,28571428.57,28689138.44,23529411.76,36363636.36,3200000000,791,DIRECT,listing,metraj_all,3
410657a3-ae51-c1fb-ec8b-19f7bc997aa1,272903:2,2,منطقه 2,MUNICIPAL_AREA,2023-08-23,1402-06,270,شهریور - 1402,29629629.63,29735969.26,24216374.27,37006493.51,3300000000,771,DIRECT,listing,metraj_all,3
410657a3-ae51-c1fb-ec8b-19f7bc997aa1,272903:2,2,منطقه 2,MUNICIPAL_AREA,2023-09-23,1402-07,271,مهر - 1402,30000000,30100059.58,25000000,36842105.26,3300000000,779,DIRECT,listing,metraj_all,3
410657a3-ae51-c1fb-ec8b-19f7bc997aa1,272903:2,2,منطقه 2,MUNICIPAL_AREA,2023-10-23,1402-08,272,آبان - 1402,30930735.93,31002724.34,26382575.76,36869674.18,3300000000,972,DIRECT,listing,metraj_all,3
410657a3-ae51-c1fb-ec8b-19f7bc997aa1,272903:2,2,منطقه 2,MUNICIPAL_AREA,2023-11-22,1402-09,273,آذر - 1402,30000000,30070049.6,25910079.05,35583885.95,3200000000,1158,DIRECT,listing,metraj_all,3
410657a3-ae51-c1fb-ec8b-19f7bc997aa1,272903:2,2,منطقه 2,MUNICIPAL_AREA,2023-12-22,1402-10,274,دی - 1402,29411764.71,29486358.23,25673670.98,35123626.37,3150000000,1194,DIRECT,listing,metraj_all,3
410657a3-ae51-c1fb-ec8b-19f7bc997aa1,272903:2,2,منطقه 2,MUNICIPAL_AREA,2024-01-21,1402-11,275,بهمن - 1402,29487179.49,29571419.58,25589743.59,35384615.38,3190000000,1113,DIRECT,listing,metraj_all,3
410657a3-ae51-c1fb-ec8b-19f7bc997aa1,272903:2,2,منطقه 2,MUNICIPAL_AREA,2024-02-20,1402-12,276,اسفند - 1402,31500000,31579286.61,26458434.62,40000000,3400000000,991,DIRECT,listing,metraj_all,3
410657a3-ae51-c1fb-ec8b-19f7bc997aa1,272903:2,2,منطقه 2,MUNICIPAL_AREA,2024-03-20,1403-01,277,فروردین - 1403,34222380.28,34282815.65,28148148.15,42388235.3,3600000000,946,DIRECT,listing,metraj_all,3
410657a3-ae51-c1fb-ec8b-19f7bc997aa1,272903:2,2,منطقه 2,MUNICIPAL_AREA,2024-04-20,1403-02,278,اردیبهشت - 1403,35540935.68,35593519,29228084.42,43478260.87,3800000000,838,DIRECT,listing,metraj_all,3
410657a3-ae51-c1fb-ec8b-19f7bc997aa1,272903:2,2,منطقه 2,MUNICIPAL_AREA,2024-05-21,1403-03,279,خرداد - 1403,35000000,35067904.44,28750000,43442028.99,3800000000,778,DIRECT,listing,metraj_all,3
410657a3-ae51-c1fb-ec8b-19f7bc997aa1,272903:2,2,منطقه 2,MUNICIPAL_AREA,2024-06-21,1403-04,280,تیر - 1403,33858560.8,33958995.72,28986842.11,42222222.22,3800000000,692,DIRECT,listing,metraj_all,3
410657a3-ae51-c1fb-ec8b-19f7bc997aa1,272903:2,2,منطقه 2,MUNICIPAL_AREA,2024-07-22,1403-05,281,مرداد - 1403,33582887.7,33751622.09,29000000,41935483.87,3829000000,428,DIRECT,listing,metraj_all,3
410657a3-ae51-c1fb-ec8b-19f7bc997aa1,272903:2,2,منطقه 2,MUNICIPAL_AREA,2024-08-22,1403-06,282,شهریور - 1403,33333333.33,33708533.18,29365079.37,40645161.29,3800000000,201,DIRECT,listing,metraj_all,3
410657a3-ae51-c1fb-ec8b-19f7bc997aa1,272903:2,2,منطقه 2,MUNICIPAL_AREA,2024-11-21,1403-09,285,آذر - 1403,33548387.1,33807488.31,27187400.91,41583332.79,3800000000,239,DIRECT,listing,metraj_all,3
410657a3-ae51-c1fb-ec8b-19f7bc997aa1,272903:2,2,منطقه 2,MUNICIPAL_AREA,2024-12-21,1403-10,286,دی - 1403,34000000,34138568.15,28000000,42499998.72,3849999872,423,DIRECT,listing,metraj_all,3
410657a3-ae51-c1fb-ec8b-19f7bc997aa1,272903:2,2,منطقه 2,MUNICIPAL_AREA,2025-01-20,1403-11,287,بهمن - 1403,34285714.29,34369705.71,28235294.12,42857142.86,3849999872,721,DIRECT,listing,metraj_all,3
410657a3-ae51-c1fb-ec8b-19f7bc997aa1,272903:2,2,منطقه 2,MUNICIPAL_AREA,2025-02-19,1403-12,288,اسفند - 1403,34782608.7,34875932.95,29509569.38,43416667.31,3800000000,683,DIRECT,listing,metraj_all,3
410657a3-ae51-c1fb-ec8b-19f7bc997aa1,272903:2,2,منطقه 2,MUNICIPAL_AREA,2025-03-21,1404-01,289,فروردین - 1404,35333331.63,35446008.95,29577778.25,44327485.38,3800000000,591,DIRECT,listing,metraj_all,3
410657a3-ae51-c1fb-ec8b-19f7bc997aa1,272903:2,2,منطقه 2,MUNICIPAL_AREA,2025-04-21,1404-02,290,اردیبهشت - 1404,37000000,37138764.87,30107838.52,48000000,3900000000,547,DIRECT,listing,metraj_all,3
410657a3-ae51-c1fb-ec8b-19f7bc997aa1,272903:2,2,منطقه 2,MUNICIPAL_AREA,2025-05-22,1404-03,291,خرداد - 1404,39000000,39115963.29,31746031.75,50471698.11,4200000000,569,DIRECT,listing,metraj_all,3
410657a3-ae51-c1fb-ec8b-19f7bc997aa1,272903:2,2,منطقه 2,MUNICIPAL_AREA,2025-06-22,1404-04,292,تیر - 1404,39130433.67,39220757.92,31921031.1,50000000,4300000000,748,DIRECT,listing,metraj_all,3
410657a3-ae51-c1fb-ec8b-19f7bc997aa1,272903:2,2,منطقه 2,MUNICIPAL_AREA,2025-07-23,1404-05,293,مرداد - 1404,38250000,38355156.04,31500000,49379699.25,4200000000,727,DIRECT,listing,metraj_all,3
410657a3-ae51-c1fb-ec8b-19f7bc997aa1,272903:2,2,منطقه 2,MUNICIPAL_AREA,2025-08-23,1404-06,294,شهریور - 1404,38000000,38107854.24,31500000,49014705.88,4291000000,782,DIRECT,listing,metraj_all,3
410657a3-ae51-c1fb-ec8b-19f7bc997aa1,272903:2,2,منطقه 2,MUNICIPAL_AREA,2025-09-23,1404-07,295,مهر - 1404,38362517.1,38468718.8,31581937.8,49523809.52,4350000000,838,DIRECT,listing,metraj_all,3
410657a3-ae51-c1fb-ec8b-19f7bc997aa1,272903:2,2,منطقه 2,MUNICIPAL_AREA,2025-10-23,1404-08,296,آبان - 1404,39743589.74,39838573.59,32124060.15,50646230.32,4485000000,907,DIRECT,listing,metraj_all,3
410657a3-ae51-c1fb-ec8b-19f7bc997aa1,272903:2,2,منطقه 2,MUNICIPAL_AREA,2025-11-22,1404-09,297,آذر - 1404,40540540.54,40635419.78,33678839.96,50877463.06,4550000000,987,DIRECT,listing,metraj_all,3
410657a3-ae51-c1fb-ec8b-19f7bc997aa1,272903:2,2,منطقه 2,MUNICIPAL_AREA,2025-12-22,1404-10,298,دی - 1404,41243556.7,41356385.9,34686128.18,52797619.05,4700000000,956,DIRECT,listing,metraj_all,3
410657a3-ae51-c1fb-ec8b-19f7bc997aa1,272903:2,2,منطقه 2,MUNICIPAL_AREA,2026-01-21,1404-11,299,بهمن - 1404,45000000,45104959.97,36268382.35,57291666.67,5200000000,1128,DIRECT,listing,metraj_all,3
410657a3-ae51-c1fb-ec8b-19f7bc997aa1,272903:2,2,منطقه 2,MUNICIPAL_AREA,2026-02-20,1404-12,300,اسفند - 1404,48000000,48130480.49,38000000,60000000,5500000000,915,DIRECT,listing,metraj_all,3
410657a3-ae51-c1fb-ec8b-19f7bc997aa1,272903:2,2,منطقه 2,MUNICIPAL_AREA,2026-03-21,1405-01,301,فروردین - 1405,51000000,51182364.89,40000000,65000000,6100000000,766,DIRECT,listing,metraj_all,3
410657a3-ae51-c1fb-ec8b-19f7bc997aa1,272903:2,2,منطقه 2,MUNICIPAL_AREA,2026-04-21,1405-02,302,اردیبهشت - 1405,60854363.03,61061352.11,47401315.79,75953733.76,7700000000,710,DIRECT,listing,metraj_all,3
410657a3-ae51-c1fb-ec8b-19f7bc997aa1,272903:2,2,منطقه 2,MUNICIPAL_AREA,2026-05-22,1405-03,303,خرداد - 1405,65000000,65190698.82,50000000,80830605.57,7975000000,1006,DIRECT,listing,metraj_all,3
410657a3-ae51-c1fb-ec8b-19f7bc997aa1,272903:2,2,منطقه 2,MUNICIPAL_AREA,2026-06-22,1405-04,304,تیر - 1405,66191441.45,66409091.74,52470238.1,84052631.58,8100000000,992,DIRECT,listing,metraj_all,3
410657a3-ae51-c1fb-ec8b-19f7bc997aa1,272903:2,2,منطقه 2,MUNICIPAL_AREA,2026-07-23,1405-05,305,مرداد - 1405,73431372.55,73643310.7,57444551.59,95304850.91,8500000000,978,DIRECT,listing,metraj_all,3
afdcb122-1f6d-aa97-14a7-08f471a9af72,272903:3,3,منطقه 3,MUNICIPAL_AREA,2021-08-23,1400-06,246,شهریور - 1400,17530120.48,17354491.88,14618880.14,29500000,1775000000,4,MODELED,listing,metraj_all,3
afdcb122-1f6d-aa97-14a7-08f471a9af72,272903:3,3,منطقه 3,MUNICIPAL_AREA,2021-09-23,1400-07,247,مهر - 1400,20000000,19620900.99,14530120.48,73285714.29,2800000000,7,MODELED,listing,metraj_all,3
afdcb122-1f6d-aa97-14a7-08f471a9af72,272903:3,3,منطقه 3,MUNICIPAL_AREA,2021-10-23,1400-08,248,آبان - 1400,20000000,19987598.35,14530120.48,69285714.29,2500000000,7,MODELED,listing,metraj_all,3
afdcb122-1f6d-aa97-14a7-08f471a9af72,272903:3,3,منطقه 3,MUNICIPAL_AREA,2021-11-22,1400-09,249,آذر - 1400,50000000,33974167.72,20317757.01,88730158.73,5700000000,7,MODELED,listing,metraj_all,3
afdcb122-1f6d-aa97-14a7-08f471a9af72,272903:3,3,منطقه 3,MUNICIPAL_AREA,2021-12-22,1400-10,250,دی - 1400,26635514.02,22690381.97,18000000,43500000,2600000000,7,MODELED,listing,metraj_all,3
afdcb122-1f6d-aa97-14a7-08f471a9af72,272903:3,3,منطقه 3,MUNICIPAL_AREA,2022-01-21,1400-11,251,بهمن - 1400,24609756.1,21903183.13,17000000,34408878.51,2375000000,10,MODELED,listing,metraj_all,3
afdcb122-1f6d-aa97-14a7-08f471a9af72,272903:3,3,منطقه 3,MUNICIPAL_AREA,2022-02-20,1400-12,252,اسفند - 1400,21500000,20193517,15676470.59,28914634.15,2023500000,8,MODELED,listing,metraj_all,3
afdcb122-1f6d-aa97-14a7-08f471a9af72,272903:3,3,منطقه 3,MUNICIPAL_AREA,2022-03-21,1401-01,253,فروردین - 1401,32227403.16,25007429.42,20926470.59,38530485.19,3675000000,8,MODELED,listing,metraj_all,3
afdcb122-1f6d-aa97-14a7-08f471a9af72,272903:3,3,منطقه 3,MUNICIPAL_AREA,2022-04-21,1401-02,254,اردیبهشت - 1401,38235294.12,27528185.6,29874817.7,42565359.48,5200000000,4,MODELED,listing,metraj_all,3
afdcb122-1f6d-aa97-14a7-08f471a9af72,272903:3,3,منطقه 3,MUNICIPAL_AREA,2022-05-22,1401-03,255,خرداد - 1401,38235294.12,26062324.79,38235294.12,46895424.84,5200000000,3,MODELED,listing,metraj_all,3
afdcb122-1f6d-aa97-14a7-08f471a9af72,272903:3,3,منطقه 3,MUNICIPAL_AREA,2022-11-22,1401-09,261,آذر - 1401,28205128.21,28392138.28,20987654.32,41745222.93,2500000000,23,MODELED,listing,metraj_all,3
afdcb122-1f6d-aa97-14a7-08f471a9af72,272903:3,3,منطقه 3,MUNICIPAL_AREA,2022-12-22,1401-10,262,دی - 1401,35294117.65,35323226.38,23281553.4,58536585.37,2950000000,97,DIRECT,listing,metraj_all,3
afdcb122-1f6d-aa97-14a7-08f471a9af72,272903:3,3,منطقه 3,MUNICIPAL_AREA,2023-01-21,1401-11,263,بهمن - 1401,45000000,44841079.82,29290450.93,68456896.55,4975000000,624,DIRECT,listing,metraj_all,3
afdcb122-1f6d-aa97-14a7-08f471a9af72,272903:3,3,منطقه 3,MUNICIPAL_AREA,2023-02-20,1401-12,264,اسفند - 1401,45000000,44888640.32,29613526.57,66138711.74,4950000000,888,DIRECT,listing,metraj_all,3
afdcb122-1f6d-aa97-14a7-08f471a9af72,272903:3,3,منطقه 3,MUNICIPAL_AREA,2023-03-21,1402-01,265,فروردین - 1402,45189340.81,45057531.41,30000000,66037735.85,5158000000,814,DIRECT,listing,metraj_all,3
afdcb122-1f6d-aa97-14a7-08f471a9af72,272903:3,3,منطقه 3,MUNICIPAL_AREA,2023-04-21,1402-02,266,اردیبهشت - 1402,52631578.95,52482917.8,36000000,76899038.46,6000000000,1039,DIRECT,listing,metraj_all,3
afdcb122-1f6d-aa97-14a7-08f471a9af72,272903:3,3,منطقه 3,MUNICIPAL_AREA,2023-05-22,1402-03,267,خرداد - 1402,53645833.33,53551482.78,38095238.1,76000000,6150000000,1629,DIRECT,listing,metraj_all,3
afdcb122-1f6d-aa97-14a7-08f471a9af72,272903:3,3,منطقه 3,MUNICIPAL_AREA,2023-06-22,1402-04,268,تیر - 1402,53608630.95,53547083.38,38461538.46,75000000,6000000000,2504,DIRECT,listing,metraj_all,3
afdcb122-1f6d-aa97-14a7-08f471a9af72,272903:3,3,منطقه 3,MUNICIPAL_AREA,2023-07-23,1402-05,269,مرداد - 1402,53436466.7,53375931.49,38461538.46,74480871.53,6000000000,2540,DIRECT,listing,metraj_all,3
afdcb122-1f6d-aa97-14a7-08f471a9af72,272903:3,3,منطقه 3,MUNICIPAL_AREA,2023-08-23,1402-06,270,شهریور - 1402,54545454.55,54475248.72,39212901.07,75984251.97,6000000000,2356,DIRECT,listing,metraj_all,3
afdcb122-1f6d-aa97-14a7-08f471a9af72,272903:3,3,منطقه 3,MUNICIPAL_AREA,2023-09-23,1402-07,271,مهر - 1402,54285714.29,54209227.99,38888888.89,77200000,6000000000,2133,DIRECT,listing,metraj_all,3
afdcb122-1f6d-aa97-14a7-08f471a9af72,272903:3,3,منطقه 3,MUNICIPAL_AREA,2023-10-23,1402-08,272,آبان - 1402,53726851.85,53651023.24,38221925.14,75708938.3,5900000000,2064,DIRECT,listing,metraj_all,3
afdcb122-1f6d-aa97-14a7-08f471a9af72,272903:3,3,منطقه 3,MUNICIPAL_AREA,2023-11-22,1402-09,273,آذر - 1402,52238805.97,52165362.85,37777777.78,75000000,5790000000,1904,DIRECT,listing,metraj_all,3
afdcb122-1f6d-aa97-14a7-08f471a9af72,272903:3,3,منطقه 3,MUNICIPAL_AREA,2023-12-22,1402-10,274,دی - 1402,50000000,49937427.63,37500000,71895424.84,5490000000,1845,DIRECT,listing,metraj_all,3
afdcb122-1f6d-aa97-14a7-08f471a9af72,272903:3,3,منطقه 3,MUNICIPAL_AREA,2024-01-21,1402-11,275,بهمن - 1402,50000000,49935702.98,37647058.82,70000000,5300000000,1709,DIRECT,listing,metraj_all,3
afdcb122-1f6d-aa97-14a7-08f471a9af72,272903:3,3,منطقه 3,MUNICIPAL_AREA,2024-02-20,1402-12,276,اسفند - 1402,50000000,49931138.13,37580128.21,70588235.29,5200000000,1524,DIRECT,listing,metraj_all,3
afdcb122-1f6d-aa97-14a7-08f471a9af72,272903:3,3,منطقه 3,MUNICIPAL_AREA,2024-03-20,1403-01,277,فروردین - 1403,51000000,50914129.6,37771867.62,72688422.69,5200000000,1271,DIRECT,listing,metraj_all,3
afdcb122-1f6d-aa97-14a7-08f471a9af72,272903:3,3,منطقه 3,MUNICIPAL_AREA,2024-04-20,1403-02,278,اردیبهشت - 1403,50000000,49922720.26,38000000,73314641.74,5200000000,1284,DIRECT,listing,metraj_all,3
afdcb122-1f6d-aa97-14a7-08f471a9af72,272903:3,3,منطقه 3,MUNICIPAL_AREA,2024-05-21,1403-03,279,خرداد - 1403,50000000,49933038.65,38500000,74019230.77,5100000000,1431,DIRECT,listing,metraj_all,3
afdcb122-1f6d-aa97-14a7-08f471a9af72,272903:3,3,منطقه 3,MUNICIPAL_AREA,2024-06-21,1403-04,280,تیر - 1403,50769230.77,50699695.24,39079211.23,75000000,5235000000,1408,DIRECT,listing,metraj_all,3
afdcb122-1f6d-aa97-14a7-08f471a9af72,272903:3,3,منطقه 3,MUNICIPAL_AREA,2024-07-22,1403-05,281,مرداد - 1403,51594624.45,51465413.13,40000000,75000000,5200000000,812,DIRECT,listing,metraj_all,3
afdcb122-1f6d-aa97-14a7-08f471a9af72,272903:3,3,منطقه 3,MUNICIPAL_AREA,2024-08-22,1403-06,282,شهریور - 1403,56000000,55548931.2,40909090.91,78048780.49,5500000000,317,DIRECT,listing,metraj_all,3
afdcb122-1f6d-aa97-14a7-08f471a9af72,272903:3,3,منطقه 3,MUNICIPAL_AREA,2024-11-21,1403-09,285,آذر - 1403,46666666.67,46542520.31,34494949.5,66800534.11,5100000256,527,DIRECT,listing,metraj_all,3
afdcb122-1f6d-aa97-14a7-08f471a9af72,272903:3,3,منطقه 3,MUNICIPAL_AREA,2024-12-21,1403-10,286,دی - 1403,47526222.71,47448792.44,33637500,66867467.82,5200000000,962,DIRECT,listing,metraj_all,3
afdcb122-1f6d-aa97-14a7-08f471a9af72,272903:3,3,منطقه 3,MUNICIPAL_AREA,2025-01-20,1403-11,287,بهمن - 1403,48387096.77,48333877.45,34159663.87,70000000,5335000064,1486,DIRECT,listing,metraj_all,3
afdcb122-1f6d-aa97-14a7-08f471a9af72,272903:3,3,منطقه 3,MUNICIPAL_AREA,2025-02-19,1403-12,288,اسفند - 1403,50000001.53,49931960.92,34984938.89,72000000,5600000000,1276,DIRECT,listing,metraj_all,3
afdcb122-1f6d-aa97-14a7-08f471a9af72,272903:3,3,منطقه 3,MUNICIPAL_AREA,2025-03-21,1404-01,289,فروردین - 1404,53452381.87,53349599.77,37276118.93,75000002.56,6000000000,1094,DIRECT,listing,metraj_all,3
afdcb122-1f6d-aa97-14a7-08f471a9af72,272903:3,3,منطقه 3,MUNICIPAL_AREA,2025-04-21,1404-02,290,اردیبهشت - 1404,57894739.54,57780156.98,40000000,80000000,6700000256,1139,DIRECT,listing,metraj_all,3
afdcb122-1f6d-aa97-14a7-08f471a9af72,272903:3,3,منطقه 3,MUNICIPAL_AREA,2025-05-22,1404-03,291,خرداد - 1404,60000000,59901068.38,42678571.43,84309287.38,7000000000,1434,DIRECT,listing,metraj_all,3
afdcb122-1f6d-aa97-14a7-08f471a9af72,272903:3,3,منطقه 3,MUNICIPAL_AREA,2025-06-22,1404-04,292,تیر - 1404,60754985.76,60672056.61,44285714.29,85000000,7500000000,1772,DIRECT,listing,metraj_all,3
afdcb122-1f6d-aa97-14a7-08f471a9af72,272903:3,3,منطقه 3,MUNICIPAL_AREA,2025-07-23,1404-05,293,مرداد - 1404,62055172.41,61965927.43,46666666.67,84862385.32,7500000000,1789,DIRECT,listing,metraj_all,3
afdcb122-1f6d-aa97-14a7-08f471a9af72,272903:3,3,منطقه 3,MUNICIPAL_AREA,2025-08-23,1404-06,294,شهریور - 1404,63333333.33,63244065.51,47186379.93,84409722.22,7200000000,1871,DIRECT,listing,metraj_all,3
afdcb122-1f6d-aa97-14a7-08f471a9af72,272903:3,3,منطقه 3,MUNICIPAL_AREA,2025-09-23,1404-07,295,مهر - 1404,62692307.69,62617666.26,47673160.18,84409722.22,6950000000,2043,DIRECT,listing,metraj_all,3
afdcb122-1f6d-aa97-14a7-08f471a9af72,272903:3,3,منطقه 3,MUNICIPAL_AREA,2025-10-23,1404-08,296,آبان - 1404,62583333.34,62523613.46,47500000,85477564.1,7000000000,2356,DIRECT,listing,metraj_all,3
afdcb122-1f6d-aa97-14a7-08f471a9af72,272903:3,3,منطقه 3,MUNICIPAL_AREA,2025-11-22,1404-09,297,آذر - 1404,63533834.59,63481479.33,49000000,87500000,7200000000,2575,DIRECT,listing,metraj_all,3
afdcb122-1f6d-aa97-14a7-08f471a9af72,272903:3,3,منطقه 3,MUNICIPAL_AREA,2025-12-22,1404-10,298,دی - 1404,65900071.72,65848157.7,50434782.61,92000000,7800000000,2640,DIRECT,listing,metraj_all,3
afdcb122-1f6d-aa97-14a7-08f471a9af72,272903:3,3,منطقه 3,MUNICIPAL_AREA,2026-01-21,1404-11,299,بهمن - 1404,72222222.22,72171616.8,54782608.7,100000000,8500000000,3009,DIRECT,listing,metraj_all,3
afdcb122-1f6d-aa97-14a7-08f471a9af72,272903:3,3,منطقه 3,MUNICIPAL_AREA,2026-02-20,1404-12,300,اسفند - 1404,77272727.27,77202652.8,57500000,108333333.33,9000000000,2445,DIRECT,listing,metraj_all,3
afdcb122-1f6d-aa97-14a7-08f471a9af72,272903:3,3,منطقه 3,MUNICIPAL_AREA,2026-03-21,1405-01,301,فروردین - 1405,82000000,81910523.19,61176470.59,113333333.33,9520000000,1873,DIRECT,listing,metraj_all,3
afdcb122-1f6d-aa97-14a7-08f471a9af72,272903:3,3,منطقه 3,MUNICIPAL_AREA,2026-04-21,1405-02,302,اردیبهشت - 1405,100000000,99864944.72,73913043.48,138888888.89,12000000000,1785,DIRECT,listing,metraj_all,3
afdcb122-1f6d-aa97-14a7-08f471a9af72,272903:3,3,منطقه 3,MUNICIPAL_AREA,2026-05-22,1405-03,303,خرداد - 1405,110370370.37,110276760.83,80000000,152440476.19,13400000000,2767,DIRECT,listing,metraj_all,3
afdcb122-1f6d-aa97-14a7-08f471a9af72,272903:3,3,منطقه 3,MUNICIPAL_AREA,2026-06-22,1405-04,304,تیر - 1405,114285714.29,114196367.88,81991803.28,155963302.75,13725000000,2932,DIRECT,listing,metraj_all,3
afdcb122-1f6d-aa97-14a7-08f471a9af72,272903:3,3,منطقه 3,MUNICIPAL_AREA,2026-07-23,1405-05,305,مرداد - 1405,117694497.15,117592647.21,84460625.68,160946291.56,14000000000,2280,DIRECT,listing,metraj_all,3
aec3f10b-5053-e6a9-f7d5-7e30577f4ca3,272903:4,4,منطقه 4,MUNICIPAL_AREA,2021-08-23,1400-06,246,شهریور - 1400,19382183.91,18070969.24,17194623.03,24640151.52,2550000000,6,MODELED,listing,metraj_all,3
aec3f10b-5053-e6a9-f7d5-7e30577f4ca3,272903:4,4,منطقه 4,MUNICIPAL_AREA,2021-09-23,1400-07,247,مهر - 1400,17931034.48,18880699.29,16949152.54,25000000,2500000000,5,MODELED,listing,metraj_all,3
aec3f10b-5053-e6a9-f7d5-7e30577f4ca3,272903:4,4,منطقه 4,MUNICIPAL_AREA,2021-10-23,1400-08,248,آبان - 1400,21465517.24,20226683.87,19698275.86,23232758.62,2550000000,2,MODELED,listing,metraj_all,3
aec3f10b-5053-e6a9-f7d5-7e30577f4ca3,272903:4,4,منطقه 4,MUNICIPAL_AREA,2021-11-22,1400-09,249,آذر - 1400,25000000,22960077.39,25000000,25000000,2500000000,1,MODELED,listing,metraj_all,3
aec3f10b-5053-e6a9-f7d5-7e30577f4ca3,272903:4,4,منطقه 4,MUNICIPAL_AREA,2021-12-22,1400-10,250,دی - 1400,20285714.29,19961237.24,20285714.29,20285714.29,7100000000,1,MODELED,listing,metraj_all,3
aec3f10b-5053-e6a9-f7d5-7e30577f4ca3,272903:4,4,منطقه 4,MUNICIPAL_AREA,2022-01-21,1400-11,251,بهمن - 1400,20285714.29,19295619.62,20285714.29,20285714.29,7100000000,1,MODELED,listing,metraj_all,3
aec3f10b-5053-e6a9-f7d5-7e30577f4ca3,272903:4,4,منطقه 4,MUNICIPAL_AREA,2022-02-20,1400-12,252,اسفند - 1400,30000000,21652562,25142857.15,36500000,5375000000,3,MODELED,listing,metraj_all,3
aec3f10b-5053-e6a9-f7d5-7e30577f4ca3,272903:4,4,منطقه 4,MUNICIPAL_AREA,2022-03-21,1401-01,253,فروردین - 1401,30000000,22820966.95,16551724.14,35000000,4800000000,5,MODELED,listing,metraj_all,3
aec3f10b-5053-e6a9-f7d5-7e30577f4ca3,272903:4,4,منطقه 4,MUNICIPAL_AREA,2022-04-21,1401-02,254,اردیبهشت - 1401,30000000,25496894.79,16551724.14,35000000,4800000000,5,MODELED,listing,metraj_all,3
aec3f10b-5053-e6a9-f7d5-7e30577f4ca3,272903:4,4,منطقه 4,MUNICIPAL_AREA,2022-05-22,1401-03,255,خرداد - 1401,16551724.14,21058424.02,8410862.07,25775862.07,2400000000,3,MODELED,listing,metraj_all,3
aec3f10b-5053-e6a9-f7d5-7e30577f4ca3,272903:4,4,منطقه 4,MUNICIPAL_AREA,2022-11-22,1401-09,261,آذر - 1401,32000000,31495597.06,28000000,43750000,3600000000,53,DIRECT,listing,metraj_all,3
aec3f10b-5053-e6a9-f7d5-7e30577f4ca3,272903:4,4,منطقه 4,MUNICIPAL_AREA,2022-12-22,1401-10,262,دی - 1401,36220238.1,36184502.23,29219321.53,44769338.31,4200000000,162,DIRECT,listing,metraj_all,3
aec3f10b-5053-e6a9-f7d5-7e30577f4ca3,272903:4,4,منطقه 4,MUNICIPAL_AREA,2023-01-21,1401-11,263,بهمن - 1401,39252336.45,39185237.6,30669115.3,50000000,4650000000,635,DIRECT,listing,metraj_all,3
aec3f10b-5053-e6a9-f7d5-7e30577f4ca3,272903:4,4,منطقه 4,MUNICIPAL_AREA,2023-02-20,1401-12,264,اسفند - 1401,41723744.3,41645194.72,32059151.79,52741228.07,5000000000,846,DIRECT,listing,metraj_all,3
aec3f10b-5053-e6a9-f7d5-7e30577f4ca3,272903:4,4,منطقه 4,MUNICIPAL_AREA,2023-03-21,1402-01,265,فروردین - 1402,42500000,42390751.95,33000000,53426624,5210000000,738,DIRECT,listing,metraj_all,3
aec3f10b-5053-e6a9-f7d5-7e30577f4ca3,272903:4,4,منطقه 4,MUNICIPAL_AREA,2023-04-21,1402-02,266,اردیبهشت - 1402,52307692.31,52124370.97,40000000,65000000,6615000000,823,DIRECT,listing,metraj_all,3
aec3f10b-5053-e6a9-f7d5-7e30577f4ca3,272903:4,4,منطقه 4,MUNICIPAL_AREA,2023-05-22,1402-03,267,خرداد - 1402,55000000,54858432.48,43962403.34,67961005.37,7000000000,1178,DIRECT,listing,metraj_all,3
aec3f10b-5053-e6a9-f7d5-7e30577f4ca3,272903:4,4,منطقه 4,MUNICIPAL_AREA,2023-06-22,1402-04,268,تیر - 1402,55789473.68,55695319.53,44755244.76,69565217.39,7200000000,1865,DIRECT,listing,metraj_all,3
aec3f10b-5053-e6a9-f7d5-7e30577f4ca3,272903:4,4,منطقه 4,MUNICIPAL_AREA,2023-07-23,1402-05,269,مرداد - 1402,56410256.41,56316086.24,45000000,70000000,7300000000,1945,DIRECT,listing,metraj_all,3
aec3f10b-5053-e6a9-f7d5-7e30577f4ca3,272903:4,4,منطقه 4,MUNICIPAL_AREA,2023-08-23,1402-06,270,شهریور - 1402,56092938.74,55990926.47,45000000,70000000,7205000000,1770,DIRECT,listing,metraj_all,3
aec3f10b-5053-e6a9-f7d5-7e30577f4ca3,272903:4,4,منطقه 4,MUNICIPAL_AREA,2023-09-23,1402-07,271,مهر - 1402,55555555.56,55447471.99,44251472.22,70000000,7089000000,1624,DIRECT,listing,metraj_all,3
aec3f10b-5053-e6a9-f7d5-7e30577f4ca3,272903:4,4,منطقه 4,MUNICIPAL_AREA,2023-10-23,1402-08,272,آبان - 1402,55976000,55873689.23,45000000,70966101.7,7200000000,1747,DIRECT,listing,metraj_all,3
aec3f10b-5053-e6a9-f7d5-7e30577f4ca3,272903:4,4,منطقه 4,MUNICIPAL_AREA,2023-11-22,1402-09,273,آذر - 1402,59210526.32,59103618.68,45723684.21,75000000,7500000000,1957,DIRECT,listing,metraj_all,3
aec3f10b-5053-e6a9-f7d5-7e30577f4ca3,272903:4,4,منطقه 4,MUNICIPAL_AREA,2023-12-22,1402-10,274,دی - 1402,60227272.73,60130702.86,47356776.9,77712418.3,8000000000,2251,DIRECT,listing,metraj_all,3
aec3f10b-5053-e6a9-f7d5-7e30577f4ca3,272903:4,4,منطقه 4,MUNICIPAL_AREA,2024-01-21,1402-11,275,بهمن - 1402,63108108.11,63005775.34,48387096.77,81818181.82,8380000000,2351,DIRECT,listing,metraj_all,3
aec3f10b-5053-e6a9-f7d5-7e30577f4ca3,272903:4,4,منطقه 4,MUNICIPAL_AREA,2024-02-20,1402-12,276,اسفند - 1402,63414634.15,63305692.56,49258893.28,80576285.25,8400000000,2191,DIRECT,listing,metraj_all,3
aec3f10b-5053-e6a9-f7d5-7e30577f4ca3,272903:4,4,منطقه 4,MUNICIPAL_AREA,2024-03-20,1403-01,277,فروردین - 1403,63703703.7,63571869.99,48888888.89,82314285.72,8300000000,1788,DIRECT,listing,metraj_all,3
aec3f10b-5053-e6a9-f7d5-7e30577f4ca3,272903:4,4,منطقه 4,MUNICIPAL_AREA,2024-04-20,1403-02,278,اردیبهشت - 1403,64705882.35,64559693.7,50000000,80692307.7,8187000000,1680,DIRECT,listing,metraj_all,3
aec3f10b-5053-e6a9-f7d5-7e30577f4ca3,272903:4,4,منطقه 4,MUNICIPAL_AREA,2024-05-21,1403-03,279,خرداد - 1403,65586885.25,65451061.7,50000000,81081081.08,8325000000,1848,DIRECT,listing,metraj_all,3
aec3f10b-5053-e6a9-f7d5-7e30577f4ca3,272903:4,4,منطقه 4,MUNICIPAL_AREA,2024-06-21,1403-04,280,تیر - 1403,66359986.62,66223153.85,50752009.19,82011603.18,8500000000,1850,DIRECT,listing,metraj_all,3
aec3f10b-5053-e6a9-f7d5-7e30577f4ca3,272903:4,4,منطقه 4,MUNICIPAL_AREA,2024-07-22,1403-05,281,مرداد - 1403,66250000,66021666.25,50000000,81315789.47,8500000000,1097,DIRECT,listing,metraj_all,3
aec3f10b-5053-e6a9-f7d5-7e30577f4ca3,272903:4,4,منطقه 4,MUNICIPAL_AREA,2024-08-22,1403-06,282,شهریور - 1403,66666666.67,66095506.75,51753685.51,83955383.96,8500000000,435,DIRECT,listing,metraj_all,3
aec3f10b-5053-e6a9-f7d5-7e30577f4ca3,272903:4,4,منطقه 4,MUNICIPAL_AREA,2024-11-21,1403-09,285,آذر - 1403,63047617.53,62757345.36,49801614.9,80836965.57,7995000064,784,DIRECT,listing,metraj_all,3
aec3f10b-5053-e6a9-f7d5-7e30577f4ca3,272903:4,4,منطقه 4,MUNICIPAL_AREA,2024-12-21,1403-10,286,دی - 1403,62500001.58,62339287.29,48056143.62,80000000,7990000128,1390,DIRECT,listing,metraj_all,3
aec3f10b-5053-e6a9-f7d5-7e30577f4ca3,272903:4,4,منطقه 4,MUNICIPAL_AREA,2025-01-20,1403-11,287,بهمن - 1403,62999998.84,62896112.45,48657656.81,80000000,8000000000,2163,DIRECT,listing,metraj_all,3
aec3f10b-5053-e6a9-f7d5-7e30577f4ca3,272903:4,4,منطقه 4,MUNICIPAL_AREA,2025-02-19,1403-12,288,اسفند - 1403,64662916.65,64541101.16,48775842.04,81752620.92,8400000000,1912,DIRECT,listing,metraj_all,3
aec3f10b-5053-e6a9-f7d5-7e30577f4ca3,272903:4,4,منطقه 4,MUNICIPAL_AREA,2025-03-21,1404-01,289,فروردین - 1404,65240275.71,65104983.09,49179363.55,84999997.75,8499999744,1700,DIRECT,listing,metraj_all,3
aec3f10b-5053-e6a9-f7d5-7e30577f4ca3,272903:4,4,منطقه 4,MUNICIPAL_AREA,2025-04-21,1404-02,290,اردیبهشت - 1404,66666666.67,66550901.69,49411764.71,89506172.84,8800000000,1885,DIRECT,listing,metraj_all,3
aec3f10b-5053-e6a9-f7d5-7e30577f4ca3,272903:4,4,منطقه 4,MUNICIPAL_AREA,2025-05-22,1404-03,291,خرداد - 1404,67980581.5,67880553.17,50000000,90624998.4,8999999488,2216,DIRECT,listing,metraj_all,3
aec3f10b-5053-e6a9-f7d5-7e30577f4ca3,272903:4,4,منطقه 4,MUNICIPAL_AREA,2025-06-22,1404-04,292,تیر - 1404,68846153.85,68764038.44,50000000,91339285.72,8950000000,2775,DIRECT,listing,metraj_all,3
aec3f10b-5053-e6a9-f7d5-7e30577f4ca3,272903:4,4,منطقه 4,MUNICIPAL_AREA,2025-07-23,1404-05,293,مرداد - 1404,70000000,69910780.67,50675602.41,94474637.68,8900000000,2680,DIRECT,listing,metraj_all,3
aec3f10b-5053-e6a9-f7d5-7e30577f4ca3,272903:4,4,منطقه 4,MUNICIPAL_AREA,2025-08-23,1404-06,294,شهریور - 1404,71250000,71166976,52469262.29,96774193.55,8900000000,2966,DIRECT,listing,metraj_all,3
aec3f10b-5053-e6a9-f7d5-7e30577f4ca3,272903:4,4,منطقه 4,MUNICIPAL_AREA,2025-09-23,1404-07,295,مهر - 1404,73913043.48,73829200.71,55555555.56,98941387.56,9000000000,3156,DIRECT,listing,metraj_all,3
aec3f10b-5053-e6a9-f7d5-7e30577f4ca3,272903:4,4,منطقه 4,MUNICIPAL_AREA,2025-10-23,1404-08,296,آبان - 1404,75152873.56,75078832.34,57424775.68,100000000,9305000000,3596,DIRECT,listing,metraj_all,3
aec3f10b-5053-e6a9-f7d5-7e30577f4ca3,272903:4,4,منطقه 4,MUNICIPAL_AREA,2025-11-22,1404-09,297,آذر - 1404,77105263.16,77033688.66,60000000,101562500,9500000000,3777,DIRECT,listing,metraj_all,3
aec3f10b-5053-e6a9-f7d5-7e30577f4ca3,272903:4,4,منطقه 4,MUNICIPAL_AREA,2025-12-22,1404-10,298,دی - 1404,79927007.3,79854784.4,61403508.77,105263157.89,10000000000,3837,DIRECT,listing,metraj_all,3
aec3f10b-5053-e6a9-f7d5-7e30577f4ca3,272903:4,4,منطقه 4,MUNICIPAL_AREA,2026-01-21,1404-11,299,بهمن - 1404,86956521.74,86889245.17,65508620.69,116822429.91,11500000000,4451,DIRECT,listing,metraj_all,3
aec3f10b-5053-e6a9-f7d5-7e30577f4ca3,272903:4,4,منطقه 4,MUNICIPAL_AREA,2026-02-20,1404-12,300,اسفند - 1404,90909090.91,90824529.23,68965517.24,120000000,12000000000,3637,DIRECT,listing,metraj_all,3
aec3f10b-5053-e6a9-f7d5-7e30577f4ca3,272903:4,4,منطقه 4,MUNICIPAL_AREA,2026-03-21,1405-01,301,فروردین - 1405,97500000,97384387.12,71851851.85,129464285.71,12700000000,2788,DIRECT,listing,metraj_all,3
aec3f10b-5053-e6a9-f7d5-7e30577f4ca3,272903:4,4,منطقه 4,MUNICIPAL_AREA,2026-04-21,1405-02,302,اردیبهشت - 1405,118243243.24,118079521.98,84183673.47,166666666.67,15600000000,2585,DIRECT,listing,metraj_all,3
aec3f10b-5053-e6a9-f7d5-7e30577f4ca3,272903:4,4,منطقه 4,MUNICIPAL_AREA,2026-05-22,1405-03,303,خرداد - 1405,136363636.36,136231718.99,97413024.09,179411764.71,18200000000,3931,DIRECT,listing,metraj_all,3
aec3f10b-5053-e6a9-f7d5-7e30577f4ca3,272903:4,4,منطقه 4,MUNICIPAL_AREA,2026-06-22,1405-04,304,تیر - 1405,140540540.54,140415235.17,100189393.94,182925386.72,19000000000,4183,DIRECT,listing,metraj_all,3
aec3f10b-5053-e6a9-f7d5-7e30577f4ca3,272903:4,4,منطقه 4,MUNICIPAL_AREA,2026-07-23,1405-05,305,مرداد - 1405,141379310.34,141232729.58,103260869.57,183333333.33,18900000000,3197,DIRECT,listing,metraj_all,3
161a0ad3-70be-d74e-5f66-83317bf881f0,272903:5,5,منطقه 5,MUNICIPAL_AREA,2021-08-23,1400-06,246,شهریور - 1400,27446236.56,21800683.16,24700000,33250000,3000000000,8,MODELED,listing,metraj_all,3
161a0ad3-70be-d74e-5f66-83317bf881f0,272903:5,5,منطقه 5,MUNICIPAL_AREA,2021-09-23,1400-07,247,مهر - 1400,26133333.34,21897207.31,25454878.05,42888257.58,4725000000,6,MODELED,listing,metraj_all,3
161a0ad3-70be-d74e-5f66-83317bf881f0,272903:5,5,منطقه 5,MUNICIPAL_AREA,2021-10-23,1400-08,248,آبان - 1400,30833333.34,25406125.27,25454878.05,35265151.51,3430000000,10,MODELED,listing,metraj_all,3
161a0ad3-70be-d74e-5f66-83317bf881f0,272903:5,5,منطقه 5,MUNICIPAL_AREA,2021-11-22,1400-09,249,آذر - 1400,35000000,27797697.14,25589849.98,35176767.68,3430000000,7,MODELED,listing,metraj_all,3
161a0ad3-70be-d74e-5f66-83317bf881f0,272903:5,5,منطقه 5,MUNICIPAL_AREA,2021-12-22,1400-10,250,دی - 1400,33898305.08,25680943,26139609.99,35000000,3430000000,7,MODELED,listing,metraj_all,3
161a0ad3-70be-d74e-5f66-83317bf881f0,272903:5,5,منطقه 5,MUNICIPAL_AREA,2022-01-21,1400-11,251,بهمن - 1400,26139609.99,21180324.39,19392396.91,28354094.35,2350000000,4,MODELED,listing,metraj_all,3
161a0ad3-70be-d74e-5f66-83317bf881f0,272903:5,5,منطقه 5,MUNICIPAL_AREA,2022-02-20,1400-12,252,اسفند - 1400,26506024.1,20846259.87,13378012.05,30202164.59,2200000000,3,MODELED,listing,metraj_all,3
161a0ad3-70be-d74e-5f66-83317bf881f0,272903:5,5,منطقه 5,MUNICIPAL_AREA,2022-03-21,1401-01,253,فروردین - 1401,4125000,16713708.69,2187500,6062500,1125000000,2,MODELED,listing,metraj_all,3
161a0ad3-70be-d74e-5f66-83317bf881f0,272903:5,5,منطقه 5,MUNICIPAL_AREA,2022-04-21,1401-02,254,اردیبهشت - 1401,8000000,21859401.99,8000000,8000000,2000000000,1,MODELED,listing,metraj_all,3
161a0ad3-70be-d74e-5f66-83317bf881f0,272903:5,5,منطقه 5,MUNICIPAL_AREA,2022-05-22,1401-03,255,خرداد - 1401,8000000,21100394.54,8000000,8000000,2000000000,1,MODELED,listing,metraj_all,3
161a0ad3-70be-d74e-5f66-83317bf881f0,272903:5,5,منطقه 5,MUNICIPAL_AREA,2022-11-22,1401-09,261,آذر - 1401,66995934.96,65952938.42,52315359,79785589.12,7170000000,356,DIRECT,listing,metraj_all,3
161a0ad3-70be-d74e-5f66-83317bf881f0,272903:5,5,منطقه 5,MUNICIPAL_AREA,2022-12-22,1401-10,262,دی - 1401,68642083.7,68275825.36,51696329.26,82517857.14,7495000000,892,DIRECT,listing,metraj_all,3
161a0ad3-70be-d74e-5f66-83317bf881f0,272903:5,5,منطقه 5,MUNICIPAL_AREA,2023-01-21,1401-11,263,بهمن - 1401,64864864.86,64740475.98,41666666.67,81000000,7000000000,2397,DIRECT,listing,metraj_all,3
161a0ad3-70be-d74e-5f66-83317bf881f0,272903:5,5,منطقه 5,MUNICIPAL_AREA,2023-02-20,1401-12,264,اسفند - 1401,61666666.67,61565999.38,40000000,80976190.48,6800000000,2639,DIRECT,listing,metraj_all,3
161a0ad3-70be-d74e-5f66-83317bf881f0,272903:5,5,منطقه 5,MUNICIPAL_AREA,2023-03-21,1402-01,265,فروردین - 1402,59170338.73,59052826.47,38221925.14,80000000,6500000000,2104,DIRECT,listing,metraj_all,3
161a0ad3-70be-d74e-5f66-83317bf881f0,272903:5,5,منطقه 5,MUNICIPAL_AREA,2023-04-21,1402-02,266,اردیبهشت - 1402,58017857.15,57913991.64,43780241.94,85057471.26,6745500000,2010,DIRECT,listing,metraj_all,3
161a0ad3-70be-d74e-5f66-83317bf881f0,272903:5,5,منطقه 5,MUNICIPAL_AREA,2023-05-22,1402-03,267,خرداد - 1402,58000000,57926463,45327102.8,82222222.22,6750000000,2685,DIRECT,listing,metraj_all,3
161a0ad3-70be-d74e-5f66-83317bf881f0,272903:5,5,منطقه 5,MUNICIPAL_AREA,2023-06-22,1402-04,268,تیر - 1402,57142857.14,57094504.85,45283018.87,80000000,6500000000,3921,DIRECT,listing,metraj_all,3
161a0ad3-70be-d74e-5f66-83317bf881f0,272903:5,5,منطقه 5,MUNICIPAL_AREA,2023-07-23,1402-05,269,مرداد - 1402,55555555.56,55507219.75,45000000,75167189.13,6250000000,3622,DIRECT,listing,metraj_all,3
161a0ad3-70be-d74e-5f66-83317bf881f0,272903:5,5,منطقه 5,MUNICIPAL_AREA,2023-08-23,1402-06,270,شهریور - 1402,55087283.06,55034408.43,45000000,75000000,6100000000,3234,DIRECT,listing,metraj_all,3
161a0ad3-70be-d74e-5f66-83317bf881f0,272903:5,5,منطقه 5,MUNICIPAL_AREA,2023-09-23,1402-07,271,مهر - 1402,56553878.19,56489933.1,45238095.24,76666666.67,6350000000,2908,DIRECT,listing,metraj_all,3
161a0ad3-70be-d74e-5f66-83317bf881f0,272903:5,5,منطقه 5,MUNICIPAL_AREA,2023-10-23,1402-08,272,آبان - 1402,59023809.53,58946345.23,45755494.51,80000000,6670000000,2704,DIRECT,listing,metraj_all,3
161a0ad3-70be-d74e-5f66-83317bf881f0,272903:5,5,منطقه 5,MUNICIPAL_AREA,2023-11-22,1402-09,273,آذر - 1402,61538461.54,61448662.74,46666666.67,84855435.09,7000000000,2591,DIRECT,listing,metraj_all,3
161a0ad3-70be-d74e-5f66-83317bf881f0,272903:5,5,منطقه 5,MUNICIPAL_AREA,2023-12-22,1402-10,274,دی - 1402,62500000,62400506.91,47422680.41,85102040.82,7200000000,2413,DIRECT,listing,metraj_all,3
161a0ad3-70be-d74e-5f66-83317bf881f0,272903:5,5,منطقه 5,MUNICIPAL_AREA,2024-01-21,1402-11,275,بهمن - 1402,64666666.67,64556140.99,49473684.21,88709677.42,7500000000,2317,DIRECT,listing,metraj_all,3
161a0ad3-70be-d74e-5f66-83317bf881f0,272903:5,5,منطقه 5,MUNICIPAL_AREA,2024-02-20,1402-12,276,اسفند - 1402,65044597.05,64914607.16,50000000,88571428.57,7600000000,1960,DIRECT,listing,metraj_all,3
161a0ad3-70be-d74e-5f66-83317bf881f0,272903:5,5,منطقه 5,MUNICIPAL_AREA,2024-03-20,1403-01,277,فروردین - 1403,65517241.38,65372831.42,50000000,89820359.28,7600000000,1757,DIRECT,listing,metraj_all,3
161a0ad3-70be-d74e-5f66-83317bf881f0,272903:5,5,منطقه 5,MUNICIPAL_AREA,2024-04-20,1403-02,278,اردیبهشت - 1403,65217391.3,65075640.93,50450450.45,89285714.29,7500000000,1769,DIRECT,listing,metraj_all,3
161a0ad3-70be-d74e-5f66-83317bf881f0,272903:5,5,منطقه 5,MUNICIPAL_AREA,2024-05-21,1403-03,279,خرداد - 1403,65420560.75,65299275.36,51428571.43,89636363.64,7200000000,2057,DIRECT,listing,metraj_all,3
161a0ad3-70be-d74e-5f66-83317bf881f0,272903:5,5,منطقه 5,MUNICIPAL_AREA,2024-06-21,1403-04,280,تیر - 1403,65217391.3,65100242.87,51428571.43,88888888.89,7200000000,2065,DIRECT,listing,metraj_all,3
161a0ad3-70be-d74e-5f66-83317bf881f0,272903:5,5,منطقه 5,MUNICIPAL_AREA,2024-07-22,1403-05,281,مرداد - 1403,65000000,64807941.28,51470588.24,87058823.53,7000000000,1241,DIRECT,listing,metraj_all,3
161a0ad3-70be-d74e-5f66-83317bf881f0,272903:5,5,منطقه 5,MUNICIPAL_AREA,2024-08-22,1403-06,282,شهریور - 1403,64423841.72,64000962.31,50834052.34,85146373.92,7000000000,538,DIRECT,listing,metraj_all,3
161a0ad3-70be-d74e-5f66-83317bf881f0,272903:5,5,منطقه 5,MUNICIPAL_AREA,2024-11-21,1403-09,285,آذر - 1403,58199279.16,58005257.07,47785153.12,79386364.92,6790000128,928,DIRECT,listing,metraj_all,3
161a0ad3-70be-d74e-5f66-83317bf881f0,272903:5,5,منطقه 5,MUNICIPAL_AREA,2024-12-21,1403-10,286,دی - 1403,60000000,59885123.5,48445555.85,84178432.33,7000000000,1731,DIRECT,listing,metraj_all,3
161a0ad3-70be-d74e-5f66-83317bf881f0,272903:5,5,منطقه 5,MUNICIPAL_AREA,2025-01-20,1403-11,287,بهمن - 1403,61111111.11,61033954.73,48989794.64,84869462.5,7000000000,2671,DIRECT,listing,metraj_all,3
161a0ad3-70be-d74e-5f66-83317bf881f0,272903:5,5,منطقه 5,MUNICIPAL_AREA,2025-02-19,1403-12,288,اسفند - 1403,63571426.74,63478070.62,49999998.03,88000004.1,7200000000,2381,DIRECT,listing,metraj_all,3
161a0ad3-70be-d74e-5f66-83317bf881f0,272903:5,5,منطقه 5,MUNICIPAL_AREA,2025-03-21,1404-01,289,فروردین - 1404,63829785.42,63723500.94,50000000,89130434.78,7200000000,2034,DIRECT,listing,metraj_all,3
161a0ad3-70be-d74e-5f66-83317bf881f0,272903:5,5,منطقه 5,MUNICIPAL_AREA,2025-04-21,1404-02,290,اردیبهشت - 1404,66666666.67,66556428.16,51962603.62,96656217.35,7700000000,1980,DIRECT,listing,metraj_all,3
161a0ad3-70be-d74e-5f66-83317bf881f0,272903:5,5,منطقه 5,MUNICIPAL_AREA,2025-05-22,1404-03,291,خرداد - 1404,70362407.86,70247765.38,55000000,100000000,8099999872,2140,DIRECT,listing,metraj_all,3
161a0ad3-70be-d74e-5f66-83317bf881f0,272903:5,5,منطقه 5,MUNICIPAL_AREA,2025-06-22,1404-04,292,تیر - 1404,72958333.34,72850838.03,56091862.33,102441025.64,8500000000,2500,DIRECT,listing,metraj_all,3
161a0ad3-70be-d74e-5f66-83317bf881f0,272903:5,5,منطقه 5,MUNICIPAL_AREA,2025-07-23,1404-05,293,مرداد - 1404,75000000,74881050.04,56836124.4,105911764.71,8900000000,2428,DIRECT,listing,metraj_all,3
161a0ad3-70be-d74e-5f66-83317bf881f0,272903:5,5,منطقه 5,MUNICIPAL_AREA,2025-08-23,1404-06,294,شهریور - 1404,75987012.99,75874541.8,57050000,110000000,9000000000,2608,DIRECT,listing,metraj_all,3
161a0ad3-70be-d74e-5f66-83317bf881f0,272903:5,5,منطقه 5,MUNICIPAL_AREA,2025-09-23,1404-07,295,مهر - 1404,76923076.92,76824330.99,57809568.48,112160661.58,9000000000,2983,DIRECT,listing,metraj_all,3
161a0ad3-70be-d74e-5f66-83317bf881f0,272903:5,5,منطقه 5,MUNICIPAL_AREA,2025-10-23,1404-08,296,آبان - 1404,78571428.57,78482585.44,58234774.93,116583924.35,9000000000,3380,DIRECT,listing,metraj_all,3
161a0ad3-70be-d74e-5f66-83317bf881f0,272903:5,5,منطقه 5,MUNICIPAL_AREA,2025-11-22,1404-09,297,آذر - 1404,80291970.8,80210034.17,59758560.99,119047619.05,9250000000,3687,DIRECT,listing,metraj_all,3
161a0ad3-70be-d74e-5f66-83317bf881f0,272903:5,5,منطقه 5,MUNICIPAL_AREA,2025-12-22,1404-10,298,دی - 1404,84433962.26,84344883.35,61111111.11,121913109.76,10000000000,3615,DIRECT,listing,metraj_all,3
161a0ad3-70be-d74e-5f66-83317bf881f0,272903:5,5,منطقه 5,MUNICIPAL_AREA,2026-01-21,1404-11,299,بهمن - 1404,92142501.06,92059643.11,67811743.34,130118077.15,11000000000,4238,DIRECT,listing,metraj_all,3
161a0ad3-70be-d74e-5f66-83317bf881f0,272903:5,5,منطقه 5,MUNICIPAL_AREA,2026-02-20,1404-12,300,اسفند - 1404,100000000,99883753.84,71951219.51,140000000,12000000000,3425,DIRECT,listing,metraj_all,3
161a0ad3-70be-d74e-5f66-83317bf881f0,272903:5,5,منطقه 5,MUNICIPAL_AREA,2026-03-21,1405-01,301,فروردین - 1405,104653679.66,104509194.79,76666666.67,150793650.79,12800000000,2724,DIRECT,listing,metraj_all,3
161a0ad3-70be-d74e-5f66-83317bf881f0,272903:5,5,منطقه 5,MUNICIPAL_AREA,2026-04-21,1405-02,302,اردیبهشت - 1405,127500000,127299292.38,91200711.06,183421052.63,15600000000,2568,DIRECT,listing,metraj_all,3
161a0ad3-70be-d74e-5f66-83317bf881f0,272903:5,5,منطقه 5,MUNICIPAL_AREA,2026-05-22,1405-03,303,خرداد - 1405,140000000,139863228.43,102564102.56,200000000,17500000000,4057,DIRECT,listing,metraj_all,3
161a0ad3-70be-d74e-5f66-83317bf881f0,272903:5,5,منطقه 5,MUNICIPAL_AREA,2026-06-22,1405-04,304,تیر - 1405,144230769.23,144096854.56,105277777.78,200000000,17800000000,4189,DIRECT,listing,metraj_all,3
161a0ad3-70be-d74e-5f66-83317bf881f0,272903:5,5,منطقه 5,MUNICIPAL_AREA,2026-07-23,1405-05,305,مرداد - 1405,148421052.63,148263241.85,109330357.15,207671290.46,18000000000,3415,DIRECT,listing,metraj_all,3
2b1f6ddd-fdb1-b3f0-870d-815af9ba66b2,272903:6,6,منطقه 6,MUNICIPAL_AREA,2021-08-23,1400-06,246,شهریور - 1400,24916666.67,18556311.48,17458333.33,32375000,4140000000,2,MODELED,listing,metraj_all,3
2b1f6ddd-fdb1-b3f0-870d-815af9ba66b2,272903:6,6,منطقه 6,MUNICIPAL_AREA,2021-09-23,1400-07,247,مهر - 1400,10000000,17196562.84,8888888.89,45965517.24,3500000000,3,MODELED,listing,metraj_all,3
2b1f6ddd-fdb1-b3f0-870d-815af9ba66b2,272903:6,6,منطقه 6,MUNICIPAL_AREA,2021-10-23,1400-08,248,آبان - 1400,22779733.96,21029223.48,9652777.78,30281690.14,2850000000,6,MODELED,listing,metraj_all,3
2b1f6ddd-fdb1-b3f0-870d-815af9ba66b2,272903:6,6,منطقه 6,MUNICIPAL_AREA,2021-11-22,1400-09,249,آذر - 1400,30281690.14,26100798.47,13402777.78,62482758.62,4300000000,8,MODELED,listing,metraj_all,3
2b1f6ddd-fdb1-b3f0-870d-815af9ba66b2,272903:6,6,منطقه 6,MUNICIPAL_AREA,2021-12-22,1400-10,250,دی - 1400,30281690.14,24191748.61,22779733.96,46000000,4300000000,7,MODELED,listing,metraj_all,3
2b1f6ddd-fdb1-b3f0-870d-815af9ba66b2,272903:6,6,منطقه 6,MUNICIPAL_AREA,2022-01-21,1400-11,251,بهمن - 1400,46000000,26854721.54,29631578.95,117000000,6300000000,4,MODELED,listing,metraj_all,3
2b1f6ddd-fdb1-b3f0-870d-815af9ba66b2,272903:6,6,منطقه 6,MUNICIPAL_AREA,2022-02-20,1400-12,252,اسفند - 1400,17857142.86,18850364.2,14191729.33,26928571.43,1000000000,3,MODELED,listing,metraj_all,3
2b1f6ddd-fdb1-b3f0-870d-815af9ba66b2,272903:6,6,منطقه 6,MUNICIPAL_AREA,2022-03-21,1401-01,253,فروردین - 1401,14191729.33,18391496.91,12359022.56,16024436.09,875000000,2,MODELED,listing,metraj_all,3
2b1f6ddd-fdb1-b3f0-870d-815af9ba66b2,272903:6,6,منطقه 6,MUNICIPAL_AREA,2022-04-21,1401-02,254,اردیبهشت - 1401,17857142.86,22755505.89,17857142.86,17857142.86,750000000,1,MODELED,listing,metraj_all,3
2b1f6ddd-fdb1-b3f0-870d-815af9ba66b2,272903:6,6,منطقه 6,MUNICIPAL_AREA,2022-11-22,1401-09,261,آذر - 1401,70833333.33,67975437.28,25471698.11,99909090.91,9300000000,137,DIRECT,listing,metraj_all,3
2b1f6ddd-fdb1-b3f0-870d-815af9ba66b2,272903:6,6,منطقه 6,MUNICIPAL_AREA,2022-12-22,1401-10,262,دی - 1401,106578947.37,106101012.24,85222332.02,139857606.16,14400000000,1475,DIRECT,listing,metraj_all,3
2b1f6ddd-fdb1-b3f0-870d-815af9ba66b2,272903:6,6,منطقه 6,MUNICIPAL_AREA,2023-01-21,1401-11,263,بهمن - 1401,106511627.91,106340325.76,83870967.74,137500000,14100000000,4169,DIRECT,listing,metraj_all,3
2b1f6ddd-fdb1-b3f0-870d-815af9ba66b2,272903:6,6,منطقه 6,MUNICIPAL_AREA,2023-02-20,1401-12,264,اسفند - 1401,106349206.35,106203714.29,82137500,137500000,14000000000,4894,DIRECT,listing,metraj_all,3
2b1f6ddd-fdb1-b3f0-870d-815af9ba66b2,272903:6,6,منطقه 6,MUNICIPAL_AREA,2023-03-21,1402-01,265,فروردین - 1402,105000000,104802482.52,78048780.49,135303921.57,13905000000,3568,DIRECT,listing,metraj_all,3
2b1f6ddd-fdb1-b3f0-870d-815af9ba66b2,272903:6,6,منطقه 6,MUNICIPAL_AREA,2023-04-21,1402-02,266,اردیبهشت - 1402,102000000,101708162.74,62124875.38,145000000,14000000000,2216,DIRECT,listing,metraj_all,3
2b1f6ddd-fdb1-b3f0-870d-815af9ba66b2,272903:6,6,منطقه 6,MUNICIPAL_AREA,2023-05-22,1402-03,267,خرداد - 1402,93750000,93505744.08,50212765.96,140000000,13410000000,2265,DIRECT,listing,metraj_all,3
2b1f6ddd-fdb1-b3f0-870d-815af9ba66b2,272903:6,6,منطقه 6,MUNICIPAL_AREA,2023-06-22,1402-04,268,تیر - 1402,90000000,89835141.68,49500000,135000000,13000000000,3136,DIRECT,listing,metraj_all,3
2b1f6ddd-fdb1-b3f0-870d-815af9ba66b2,272903:6,6,منطقه 6,MUNICIPAL_AREA,2023-07-23,1402-05,269,مرداد - 1402,84062500,83890624.96,44000000,120000000,11500000000,2670,DIRECT,listing,metraj_all,3
2b1f6ddd-fdb1-b3f0-870d-815af9ba66b2,272903:6,6,منطقه 6,MUNICIPAL_AREA,2023-08-23,1402-06,270,شهریور - 1402,83916083.92,83729471.38,43410806.18,122560483.87,11500000000,2454,DIRECT,listing,metraj_all,3
2b1f6ddd-fdb1-b3f0-870d-815af9ba66b2,272903:6,6,منطقه 6,MUNICIPAL_AREA,2023-09-23,1402-07,271,مهر - 1402,80172659.82,79981874.81,42000000,120000000,10999500000,2206,DIRECT,listing,metraj_all,3
2b1f6ddd-fdb1-b3f0-870d-815af9ba66b2,272903:6,6,منطقه 6,MUNICIPAL_AREA,2023-10-23,1402-08,272,آبان - 1402,76785714.29,76605566.98,42215909.09,120000000,10000000000,2143,DIRECT,listing,metraj_all,3
2b1f6ddd-fdb1-b3f0-870d-815af9ba66b2,272903:6,6,منطقه 6,MUNICIPAL_AREA,2023-11-22,1402-09,273,آذر - 1402,75000000,74829308.26,43985815.61,119017040.36,9500000000,2147,DIRECT,listing,metraj_all,3
2b1f6ddd-fdb1-b3f0-870d-815af9ba66b2,272903:6,6,منطقه 6,MUNICIPAL_AREA,2023-12-22,1402-10,274,دی - 1402,75000000,74849166.98,45000000,120000000,9900000000,2417,DIRECT,listing,metraj_all,3
2b1f6ddd-fdb1-b3f0-870d-815af9ba66b2,272903:6,6,منطقه 6,MUNICIPAL_AREA,2024-01-21,1402-11,275,بهمن - 1402,72982836.85,72843003.26,42056074.77,119117647.06,9200000000,2424,DIRECT,listing,metraj_all,3
2b1f6ddd-fdb1-b3f0-870d-815af9ba66b2,272903:6,6,منطقه 6,MUNICIPAL_AREA,2024-02-20,1402-12,276,اسفند - 1402,72222222.22,72075530.35,41176470.59,117777777.78,9135000000,2225,DIRECT,listing,metraj_all,3
2b1f6ddd-fdb1-b3f0-870d-815af9ba66b2,272903:6,6,منطقه 6,MUNICIPAL_AREA,2024-03-20,1403-01,277,فروردین - 1403,70000000,69834619.64,39408581,110000000,8395000000,1804,DIRECT,listing,metraj_all,3
2b1f6ddd-fdb1-b3f0-870d-815af9ba66b2,272903:6,6,منطقه 6,MUNICIPAL_AREA,2024-04-20,1403-02,278,اردیبهشت - 1403,70967741.94,70794641.1,40045045.05,110000000,8500000000,1779,DIRECT,listing,metraj_all,3
2b1f6ddd-fdb1-b3f0-870d-815af9ba66b2,272903:6,6,منطقه 6,MUNICIPAL_AREA,2024-05-21,1403-03,279,خرداد - 1403,69148936.17,69004149.51,40000000,110000000,8000000000,1979,DIRECT,listing,metraj_all,3
2b1f6ddd-fdb1-b3f0-870d-815af9ba66b2,272903:6,6,منطقه 6,MUNICIPAL_AREA,2024-06-21,1403-04,280,تیر - 1403,70087719.3,69937623.48,40162753.09,110000000,8000000000,1934,DIRECT,listing,metraj_all,3
2b1f6ddd-fdb1-b3f0-870d-815af9ba66b2,272903:6,6,منطقه 6,MUNICIPAL_AREA,2024-07-22,1403-05,281,مرداد - 1403,66666666.67,66443247.43,39329625.3,110000000,7500000000,1140,DIRECT,listing,metraj_all,3
2b1f6ddd-fdb1-b3f0-870d-815af9ba66b2,272903:6,6,منطقه 6,MUNICIPAL_AREA,2024-08-22,1403-06,282,شهریور - 1403,69308531.36,68685009.56,40000000,110277777.78,7725000000,440,DIRECT,listing,metraj_all,3
2b1f6ddd-fdb1-b3f0-870d-815af9ba66b2,272903:6,6,منطقه 6,MUNICIPAL_AREA,2024-09-22,1403-07,283,مهر - 1403,44347826.09,60772946.86,44347826.09,44347826.09,5100000000,1,MODELED,listing,metraj_all,3
2b1f6ddd-fdb1-b3f0-870d-815af9ba66b2,272903:6,6,منطقه 6,MUNICIPAL_AREA,2024-11-21,1403-09,285,آذر - 1403,59541984.73,59142353.29,35247058.83,100000000.7,7000000000,479,DIRECT,listing,metraj_all,3
2b1f6ddd-fdb1-b3f0-870d-815af9ba66b2,272903:6,6,منطقه 6,MUNICIPAL_AREA,2024-12-21,1403-10,286,دی - 1403,58691042.83,58477674.77,35714286.02,99999996.53,7000000000,866,DIRECT,listing,metraj_all,3
2b1f6ddd-fdb1-b3f0-870d-815af9ba66b2,272903:6,6,منطقه 6,MUNICIPAL_AREA,2025-01-20,1403-11,287,بهمن - 1403,59090906.76,58963844.68,35770186.95,100000004.55,7000000000,1459,DIRECT,listing,metraj_all,3
2b1f6ddd-fdb1-b3f0-870d-815af9ba66b2,272903:6,6,منطقه 6,MUNICIPAL_AREA,2025-02-19,1403-12,288,اسفند - 1403,60606060.61,60467108.12,36385702.3,107727277.38,7299999744,1383,DIRECT,listing,metraj_all,3
2b1f6ddd-fdb1-b3f0-870d-815af9ba66b2,272903:6,6,منطقه 6,MUNICIPAL_AREA,2025-03-21,1404-01,289,فروردین - 1404,59999999.11,59858426.64,35441305.33,107988638.63,7000000000,1254,DIRECT,listing,metraj_all,3
2b1f6ddd-fdb1-b3f0-870d-815af9ba66b2,272903:6,6,منطقه 6,MUNICIPAL_AREA,2025-04-21,1404-02,290,اردیبهشت - 1404,67647060.33,67511210.56,37500001.28,120000000,8200000000,1677,DIRECT,listing,metraj_all,3
2b1f6ddd-fdb1-b3f0-870d-815af9ba66b2,272903:6,6,منطقه 6,MUNICIPAL_AREA,2025-05-22,1404-03,291,خرداد - 1404,69230769.23,69119051.92,38811764.2,120000000,8500000000,2095,DIRECT,listing,metraj_all,3
2b1f6ddd-fdb1-b3f0-870d-815af9ba66b2,272903:6,6,منطقه 6,MUNICIPAL_AREA,2025-06-22,1404-04,292,تیر - 1404,71428571.43,71335784.12,40000000,120000000,8500000000,2733,DIRECT,listing,metraj_all,3
2b1f6ddd-fdb1-b3f0-870d-815af9ba66b2,272903:6,6,منطقه 6,MUNICIPAL_AREA,2025-07-23,1404-05,293,مرداد - 1404,72207425.35,72106316.46,40964285.71,120000000,8700000000,2582,DIRECT,listing,metraj_all,3
2b1f6ddd-fdb1-b3f0-870d-815af9ba66b2,272903:6,6,منطقه 6,MUNICIPAL_AREA,2025-08-23,1404-06,294,شهریور - 1404,74193548.39,74097636.17,41592920.35,123529411.76,8500000000,2873,DIRECT,listing,metraj_all,3
2b1f6ddd-fdb1-b3f0-870d-815af9ba66b2,272903:6,6,منطقه 6,MUNICIPAL_AREA,2025-09-23,1404-07,295,مهر - 1404,79289318.76,79184591.41,42730938.42,130401844.53,8975000000,3038,DIRECT,listing,metraj_all,3
2b1f6ddd-fdb1-b3f0-870d-815af9ba66b2,272903:6,6,منطقه 6,MUNICIPAL_AREA,2025-10-23,1404-08,296,آبان - 1404,81944444.44,81846374.64,43714285.71,132530120.48,9000000000,3405,DIRECT,listing,metraj_all,3
2b1f6ddd-fdb1-b3f0-870d-815af9ba66b2,272903:6,6,منطقه 6,MUNICIPAL_AREA,2025-11-22,1404-09,297,آذر - 1404,84009345.8,83914453.65,45454545.45,135231152.2,9570000000,3574,DIRECT,listing,metraj_all,3
2b1f6ddd-fdb1-b3f0-870d-815af9ba66b2,272903:6,6,منطقه 6,MUNICIPAL_AREA,2025-12-22,1404-10,298,دی - 1404,87500000,87404284.94,47493686.87,140000000,10390000000,3684,DIRECT,listing,metraj_all,3
2b1f6ddd-fdb1-b3f0-870d-815af9ba66b2,272903:6,6,منطقه 6,MUNICIPAL_AREA,2026-01-21,1404-11,299,بهمن - 1404,99082568.81,98982502.02,52343750,155000000,12000000000,4201,DIRECT,listing,metraj_all,3
2b1f6ddd-fdb1-b3f0-870d-815af9ba66b2,272903:6,6,منطقه 6,MUNICIPAL_AREA,2026-02-20,1404-12,300,اسفند - 1404,104329085.46,104202194.29,55555555.56,162445175.44,13000000000,3478,DIRECT,listing,metraj_all,3
2b1f6ddd-fdb1-b3f0-870d-815af9ba66b2,272903:6,6,منطقه 6,MUNICIPAL_AREA,2026-03-21,1405-01,301,فروردین - 1405,105607476.64,105464472.18,56094932.36,172885375.5,13000000000,2819,DIRECT,listing,metraj_all,3
2b1f6ddd-fdb1-b3f0-870d-815af9ba66b2,272903:6,6,منطقه 6,MUNICIPAL_AREA,2026-04-21,1405-02,302,اردیبهشت - 1405,128301435.41,128109669.5,69000000,224103448.27,15725000000,2730,DIRECT,listing,metraj_all,3
2b1f6ddd-fdb1-b3f0-870d-815af9ba66b2,272903:6,6,منطقه 6,MUNICIPAL_AREA,2026-05-22,1405-03,303,خرداد - 1405,151376146.79,151210752.7,85185185.19,245341614.91,20000000000,4041,DIRECT,listing,metraj_all,3
2b1f6ddd-fdb1-b3f0-870d-815af9ba66b2,272903:6,6,منطقه 6,MUNICIPAL_AREA,2026-06-22,1405-04,304,تیر - 1405,159327979.33,159153583.29,94800627.24,250000000,21000000000,4080,DIRECT,listing,metraj_all,3
2b1f6ddd-fdb1-b3f0-870d-815af9ba66b2,272903:6,6,منطقه 6,MUNICIPAL_AREA,2026-07-23,1405-05,305,مرداد - 1405,157142857.14,156947366.65,98461538.46,258064516.13,20500000000,3201,DIRECT,listing,metraj_all,3
1ef0ae93-e7bb-f064-5e48-e0f61e55e841,272903:7,7,منطقه 7,MUNICIPAL_AREA,2021-08-23,1400-06,246,شهریور - 1400,16250000,16767120.22,12694966.33,20454545.45,2562500000,10,MODELED,listing,metraj_all,3
1ef0ae93-e7bb-f064-5e48-e0f61e55e841,272903:7,7,منطقه 7,MUNICIPAL_AREA,2021-09-23,1400-07,247,مهر - 1400,15000000,17292385.1,10161290.32,18750000,2325000000,9,MODELED,listing,metraj_all,3
1ef0ae93-e7bb-f064-5e48-e0f61e55e841,272903:7,7,منطقه 7,MUNICIPAL_AREA,2021-10-23,1400-08,248,آبان - 1400,10161290.32,15936364.95,8061728.4,15772727.28,945000000,7,MODELED,listing,metraj_all,3
1ef0ae93-e7bb-f064-5e48-e0f61e55e841,272903:7,7,منطقه 7,MUNICIPAL_AREA,2021-11-22,1400-09,249,آذر - 1400,13402061.86,19638077.37,10123456.79,14545454.55,1300000000,5,MODELED,listing,metraj_all,3
1ef0ae93-e7bb-f064-5e48-e0f61e55e841,272903:7,7,منطقه 7,MUNICIPAL_AREA,2021-12-22,1400-10,250,دی - 1400,11762759.33,17595638.05,8306878.31,13687910.03,1450000000,4,MODELED,listing,metraj_all,3
1ef0ae93-e7bb-f064-5e48-e0f61e55e841,272903:7,7,منطقه 7,MUNICIPAL_AREA,2022-01-21,1400-11,251,بهمن - 1400,8129602.36,17352108.85,5493372.61,10765832.11,1650000000,2,MODELED,listing,metraj_all,3
1ef0ae93-e7bb-f064-5e48-e0f61e55e841,272903:7,7,منطقه 7,MUNICIPAL_AREA,2022-02-20,1400-12,252,اسفند - 1400,2857142.86,17667313.53,2857142.86,2857142.86,2000000000,1,MODELED,listing,metraj_all,3
1ef0ae93-e7bb-f064-5e48-e0f61e55e841,272903:7,7,منطقه 7,MUNICIPAL_AREA,2022-03-21,1401-01,253,فروردین - 1401,10526315.79,18440074.55,10526315.79,10526315.79,1600000000,1,MODELED,listing,metraj_all,3
1ef0ae93-e7bb-f064-5e48-e0f61e55e841,272903:7,7,منطقه 7,MUNICIPAL_AREA,2022-04-21,1401-02,254,اردیبهشت - 1401,16708941.03,22155942,13617628.41,19800253.65,1750000000,2,MODELED,listing,metraj_all,3
1ef0ae93-e7bb-f064-5e48-e0f61e55e841,272903:7,7,منطقه 7,MUNICIPAL_AREA,2022-05-22,1401-03,255,خرداد - 1401,10526315.79,19667945.17,5313157.9,16708941.03,1600000000,3,MODELED,listing,metraj_all,3
1ef0ae93-e7bb-f064-5e48-e0f61e55e841,272903:7,7,منطقه 7,MUNICIPAL_AREA,2022-06-22,1401-04,256,تیر - 1401,11495783.14,24133254.32,5797891.57,17193674.7,1000000000,2,MODELED,listing,metraj_all,3
1ef0ae93-e7bb-f064-5e48-e0f61e55e841,272903:7,7,منطقه 7,MUNICIPAL_AREA,2022-07-23,1401-05,257,مرداد - 1401,100000,24876050.4,100000,100000,100000000,1,MODELED,listing,metraj_all,3
1ef0ae93-e7bb-f064-5e48-e0f61e55e841,272903:7,7,منطقه 7,MUNICIPAL_AREA,2022-11-22,1401-09,261,آذر - 1401,20242296.92,21195626.31,17234708.74,23007042.25,2200000000,80,DIRECT,listing,metraj_all,3
1ef0ae93-e7bb-f064-5e48-e0f61e55e841,272903:7,7,منطقه 7,MUNICIPAL_AREA,2022-12-22,1401-10,262,دی - 1401,20190476.19,20794990.11,17482517.48,23076923.08,2100000000,245,DIRECT,listing,metraj_all,3
1ef0ae93-e7bb-f064-5e48-e0f61e55e841,272903:7,7,منطقه 7,MUNICIPAL_AREA,2023-01-21,1401-11,263,بهمن - 1401,22444962.24,22606196.07,18901724.91,25454545.45,2355000000,764,DIRECT,listing,metraj_all,3
1ef0ae93-e7bb-f064-5e48-e0f61e55e841,272903:7,7,منطقه 7,MUNICIPAL_AREA,2023-02-20,1401-12,264,اسفند - 1401,23644859.81,23759441.45,20000000,26692307.69,2562000000,981,DIRECT,listing,metraj_all,3
1ef0ae93-e7bb-f064-5e48-e0f61e55e841,272903:7,7,منطقه 7,MUNICIPAL_AREA,2023-03-21,1402-01,265,فروردین - 1402,24333333.33,24454190.8,21181818.18,27500000,2682500000,817,DIRECT,listing,metraj_all,3
1ef0ae93-e7bb-f064-5e48-e0f61e55e841,272903:7,7,منطقه 7,MUNICIPAL_AREA,2023-04-21,1402-02,266,اردیبهشت - 1402,30000000,30054466.14,25623219.37,34375000,3200000000,1282,DIRECT,listing,metraj_all,3
1ef0ae93-e7bb-f064-5e48-e0f61e55e841,272903:7,7,منطقه 7,MUNICIPAL_AREA,2023-05-22,1402-03,267,خرداد - 1402,31368092.69,31400232.72,27619047.62,36147631.07,3320000000,2110,DIRECT,listing,metraj_all,3
1ef0ae93-e7bb-f064-5e48-e0f61e55e841,272903:7,7,منطقه 7,MUNICIPAL_AREA,2023-06-22,1402-04,268,تیر - 1402,31509727.18,31530002.1,27943834.16,36086956.52,3300000000,3258,DIRECT,listing,metraj_all,3
1ef0ae93-e7bb-f064-5e48-e0f61e55e841,272903:7,7,منطقه 7,MUNICIPAL_AREA,2023-07-23,1402-05,269,مرداد - 1402,31875000,31892550.11,28235294.12,36500000,3350000000,3480,DIRECT,listing,metraj_all,3
1ef0ae93-e7bb-f064-5e48-e0f61e55e841,272903:7,7,منطقه 7,MUNICIPAL_AREA,2023-08-23,1402-06,270,شهریور - 1402,31764705.88,31785062.36,28311688.31,36222222.22,3400000000,3021,DIRECT,listing,metraj_all,3
1ef0ae93-e7bb-f064-5e48-e0f61e55e841,272903:7,7,منطقه 7,MUNICIPAL_AREA,2023-09-23,1402-07,271,مهر - 1402,31756756.76,31779892.62,28351081.91,36261332.42,3400000000,2643,DIRECT,listing,metraj_all,3
1ef0ae93-e7bb-f064-5e48-e0f61e55e841,272903:7,7,منطقه 7,MUNICIPAL_AREA,2023-10-23,1402-08,272,آبان - 1402,31937500,31962666.04,28181818.18,36363636.36,3300000000,2399,DIRECT,listing,metraj_all,3
1ef0ae93-e7bb-f064-5e48-e0f61e55e841,272903:7,7,منطقه 7,MUNICIPAL_AREA,2023-11-22,1402-09,273,آذر - 1402,32000000,32022528.4,28381241.41,36666666.67,3295000000,2734,DIRECT,listing,metraj_all,3
1ef0ae93-e7bb-f064-5e48-e0f61e55e841,272903:7,7,منطقه 7,MUNICIPAL_AREA,2023-12-22,1402-10,274,دی - 1402,32456737.59,32475861.58,28666666.67,37500000,3300000000,3094,DIRECT,listing,metraj_all,3
1ef0ae93-e7bb-f064-5e48-e0f61e55e841,272903:7,7,منطقه 7,MUNICIPAL_AREA,2024-01-21,1402-11,275,بهمن - 1402,32937500,32956146.73,29166666.67,38000000,3450000000,3213,DIRECT,listing,metraj_all,3
1ef0ae93-e7bb-f064-5e48-e0f61e55e841,272903:7,7,منطقه 7,MUNICIPAL_AREA,2024-02-20,1402-12,276,اسفند - 1402,33333333.33,33354379.04,29680283.49,38539277.53,3500000000,2890,DIRECT,listing,metraj_all,3
1ef0ae93-e7bb-f064-5e48-e0f61e55e841,272903:7,7,منطقه 7,MUNICIPAL_AREA,2024-03-20,1403-01,277,فروردین - 1403,33935088.64,33960108.91,30000000,39285714.29,3550000000,2414,DIRECT,listing,metraj_all,3
1ef0ae93-e7bb-f064-5e48-e0f61e55e841,272903:7,7,منطقه 7,MUNICIPAL_AREA,2024-04-20,1403-02,278,اردیبهشت - 1403,35000000,35019282.69,31028190.29,40645161.29,3700000000,2583,DIRECT,listing,metraj_all,3
1ef0ae93-e7bb-f064-5e48-e0f61e55e841,272903:7,7,منطقه 7,MUNICIPAL_AREA,2024-05-21,1403-03,279,خرداد - 1403,35563492.07,35580034.49,31666666.67,41000000,3700000000,2884,DIRECT,listing,metraj_all,3
1ef0ae93-e7bb-f064-5e48-e0f61e55e841,272903:7,7,منطقه 7,MUNICIPAL_AREA,2024-06-21,1403-04,280,تیر - 1403,36000000,36016418.37,32000000,41000000,3700000000,2980,DIRECT,listing,metraj_all,3
1ef0ae93-e7bb-f064-5e48-e0f61e55e841,272903:7,7,منطقه 7,MUNICIPAL_AREA,2024-07-22,1403-05,281,مرداد - 1403,36000000,36028583.07,32183908.05,40786280.02,3635000000,1730,DIRECT,listing,metraj_all,3
1ef0ae93-e7bb-f064-5e48-e0f61e55e841,272903:7,7,منطقه 7,MUNICIPAL_AREA,2024-08-22,1403-06,282,شهریور - 1403,36046511.63,36114889.27,32423112.77,40733719.89,3680000000,751,DIRECT,listing,metraj_all,3
1ef0ae93-e7bb-f064-5e48-e0f61e55e841,272903:7,7,منطقه 7,MUNICIPAL_AREA,2024-09-22,1403-07,283,مهر - 1403,100000000,65832235.4,100000000,100000000,3500000000,1,MODELED,listing,metraj_all,3
1ef0ae93-e7bb-f064-5e48-e0f61e55e841,272903:7,7,منطقه 7,MUNICIPAL_AREA,2024-10-22,1403-08,284,آبان - 1403,100000000,57044250.79,100000000,100000000,3500000000,1,MODELED,listing,metraj_all,3
1ef0ae93-e7bb-f064-5e48-e0f61e55e841,272903:7,7,منطقه 7,MUNICIPAL_AREA,2024-11-21,1403-09,285,آذر - 1403,37500000,37516778.57,33000000,43458257.99,3900000000,1480,DIRECT,listing,metraj_all,3
1ef0ae93-e7bb-f064-5e48-e0f61e55e841,272903:7,7,منطقه 7,MUNICIPAL_AREA,2024-12-21,1403-10,286,دی - 1403,37894736.84,37902675.24,33000000,44213684.7,3950000128,2642,DIRECT,listing,metraj_all,3
1ef0ae93-e7bb-f064-5e48-e0f61e55e841,272903:7,7,منطقه 7,MUNICIPAL_AREA,2025-01-20,1403-11,287,بهمن - 1403,37999998.29,38005953.33,33009434.24,44660194.17,4000000000,4063,DIRECT,listing,metraj_all,3
1ef0ae93-e7bb-f064-5e48-e0f61e55e841,272903:7,7,منطقه 7,MUNICIPAL_AREA,2025-02-19,1403-12,288,اسفند - 1403,39000000,39006544.44,33333333.33,45393425.09,4100000000,3428,DIRECT,listing,metraj_all,3
1ef0ae93-e7bb-f064-5e48-e0f61e55e841,272903:7,7,منطقه 7,MUNICIPAL_AREA,2025-03-21,1404-01,289,فروردین - 1404,39622641.51,39631337.12,33478259.76,46296295.35,4200000000,2845,DIRECT,listing,metraj_all,3
1ef0ae93-e7bb-f064-5e48-e0f61e55e841,272903:7,7,منطقه 7,MUNICIPAL_AREA,2025-04-21,1404-02,290,اردیبهشت - 1404,40618749.2,40632478.17,34736842.11,47739901.16,4400000000,2984,DIRECT,listing,metraj_all,3
1ef0ae93-e7bb-f064-5e48-e0f61e55e841,272903:7,7,منطقه 7,MUNICIPAL_AREA,2025-05-22,1404-03,291,خرداد - 1404,40976189.77,40989506.48,34950434.34,48337912.09,4400000000,3548,DIRECT,listing,metraj_all,3
1ef0ae93-e7bb-f064-5e48-e0f61e55e841,272903:7,7,منطقه 7,MUNICIPAL_AREA,2025-06-22,1404-04,292,تیر - 1404,41020633.02,41031045.58,35000000,48000000,4400000000,4750,DIRECT,listing,metraj_all,3
1ef0ae93-e7bb-f064-5e48-e0f61e55e841,272903:7,7,منطقه 7,MUNICIPAL_AREA,2025-07-23,1404-05,293,مرداد - 1404,41512711.87,41522123.13,35000000,48421052.63,4350000000,4758,DIRECT,listing,metraj_all,3
1ef0ae93-e7bb-f064-5e48-e0f61e55e841,272903:7,7,منطقه 7,MUNICIPAL_AREA,2025-08-23,1404-06,294,شهریور - 1404,42000000,42008553.78,35814535.28,49033808.93,4395000000,5300,DIRECT,listing,metraj_all,3
1ef0ae93-e7bb-f064-5e48-e0f61e55e841,272903:7,7,منطقه 7,MUNICIPAL_AREA,2025-09-23,1404-07,295,مهر - 1404,42375000,42383802.08,36470588.24,49618320.61,4400000000,5663,DIRECT,listing,metraj_all,3
1ef0ae93-e7bb-f064-5e48-e0f61e55e841,272903:7,7,منطقه 7,MUNICIPAL_AREA,2025-10-23,1404-08,296,آبان - 1404,43041739.13,43050321.23,37142857.14,50000000,4500000000,6296,DIRECT,listing,metraj_all,3
1ef0ae93-e7bb-f064-5e48-e0f61e55e841,272903:7,7,منطقه 7,MUNICIPAL_AREA,2025-11-22,1404-09,297,آذر - 1404,44038461.54,44047201.52,38000000,51128074.64,4560000000,6811,DIRECT,listing,metraj_all,3
1ef0ae93-e7bb-f064-5e48-e0f61e55e841,272903:7,7,منطقه 7,MUNICIPAL_AREA,2025-12-22,1404-10,298,دی - 1404,45571428.57,45581499.73,39012195.12,53757352.94,4800000000,6515,DIRECT,listing,metraj_all,3
1ef0ae93-e7bb-f064-5e48-e0f61e55e841,272903:7,7,منطقه 7,MUNICIPAL_AREA,2026-01-21,1404-11,299,بهمن - 1404,50000000,50009233.41,41578947.37,60000000,5500000000,7511,DIRECT,listing,metraj_all,3
1ef0ae93-e7bb-f064-5e48-e0f61e55e841,272903:7,7,منطقه 7,MUNICIPAL_AREA,2026-02-20,1404-12,300,اسفند - 1404,53571428.57,53582380.9,44444444.44,64556191.84,6000000000,5923,DIRECT,listing,metraj_all,3
1ef0ae93-e7bb-f064-5e48-e0f61e55e841,272903:7,7,منطقه 7,MUNICIPAL_AREA,2026-03-21,1405-01,301,فروردین - 1405,56666666.67,56684266.44,47333333.33,68039405.69,6480000000,4811,DIRECT,listing,metraj_all,3
1ef0ae93-e7bb-f064-5e48-e0f61e55e841,272903:7,7,منطقه 7,MUNICIPAL_AREA,2026-04-21,1405-02,302,اردیبهشت - 1405,68646540.03,68663495.29,55000000,82480670.1,7500000000,4184,DIRECT,listing,metraj_all,3
1ef0ae93-e7bb-f064-5e48-e0f61e55e841,272903:7,7,منطقه 7,MUNICIPAL_AREA,2026-05-22,1405-03,303,خرداد - 1405,76923076.92,76934110.27,62500000,91840513.98,8500000000,6744,DIRECT,listing,metraj_all,3
1ef0ae93-e7bb-f064-5e48-e0f61e55e841,272903:7,7,منطقه 7,MUNICIPAL_AREA,2026-06-22,1405-04,304,تیر - 1405,79569892.47,79581638.48,66000000,94117647.06,8700000000,7167,DIRECT,listing,metraj_all,3
1ef0ae93-e7bb-f064-5e48-e0f61e55e841,272903:7,7,منطقه 7,MUNICIPAL_AREA,2026-07-23,1405-05,305,مرداد - 1405,82600644.12,82619500.6,69565217.39,97410922.41,9000000000,6232,DIRECT,listing,metraj_all,3
22e657d6-c8ce-4c4c-391c-6d9f729ab57f,272903:8,8,منطقه 8,MUNICIPAL_AREA,2021-08-23,1400-06,246,شهریور - 1400,19868421.06,18693793.51,12002314.82,25833333.33,2900000000,12,MODELED,listing,metraj_all,3
22e657d6-c8ce-4c4c-391c-6d9f729ab57f,272903:8,8,منطقه 8,MUNICIPAL_AREA,2021-09-23,1400-07,247,مهر - 1400,20000000,19620900.99,15525227.47,22500000,2800000000,7,MODELED,listing,metraj_all,3
22e657d6-c8ce-4c4c-391c-6d9f729ab57f,272903:8,8,منطقه 8,MUNICIPAL_AREA,2021-10-23,1400-08,248,آبان - 1400,20000000,19989458.6,16676075.27,20972222.23,2380000000,10,MODELED,listing,metraj_all,3
22e657d6-c8ce-4c4c-391c-6d9f729ab57f,272903:8,8,منطقه 8,MUNICIPAL_AREA,2021-11-22,1400-09,249,آذر - 1400,20000000,21312421.49,15858695.65,22076719.58,2300000000,11,MODELED,listing,metraj_all,3
22e657d6-c8ce-4c4c-391c-6d9f729ab57f,272903:8,8,منطقه 8,MUNICIPAL_AREA,2021-12-22,1400-10,250,دی - 1400,20648148.15,20321166.96,16179347.83,26770423.92,2220000000,12,MODELED,listing,metraj_all,3
22e657d6-c8ce-4c4c-391c-6d9f729ab57f,272903:8,8,منطقه 8,MUNICIPAL_AREA,2022-01-21,1400-11,251,بهمن - 1400,22857142.86,21114032.05,14553140.1,25599816.85,2400000000,11,MODELED,listing,metraj_all,3
22e657d6-c8ce-4c4c-391c-6d9f729ab57f,272903:8,8,منطقه 8,MUNICIPAL_AREA,2022-02-20,1400-12,252,اسفند - 1400,25238095.24,21655880.75,16944444.45,25599816.85,2500000000,7,MODELED,listing,metraj_all,3
22e657d6-c8ce-4c4c-391c-6d9f729ab57f,272903:8,8,منطقه 8,MUNICIPAL_AREA,2022-03-21,1401-01,253,فروردین - 1401,17692108,18654197.02,11860380.12,24302403.21,2400000000,6,MODELED,listing,metraj_all,3
22e657d6-c8ce-4c4c-391c-6d9f729ab57f,272903:8,8,منطقه 8,MUNICIPAL_AREA,2022-04-21,1401-02,254,اردیبهشت - 1401,16339768.82,22094413.3,13761989.67,18917547.96,1575000000,2,MODELED,listing,metraj_all,3
22e657d6-c8ce-4c4c-391c-6d9f729ab57f,272903:8,8,منطقه 8,MUNICIPAL_AREA,2022-05-22,1401-03,255,خرداد - 1401,16339768.82,21398656.46,13761989.67,18917547.96,1575000000,2,MODELED,listing,metraj_all,3
22e657d6-c8ce-4c4c-391c-6d9f729ab57f,272903:8,8,منطقه 8,MUNICIPAL_AREA,2022-11-22,1401-09,261,آذر - 1401,25000000,25283130.48,20000000,31159420.29,2850000000,125,DIRECT,listing,metraj_all,3
22e657d6-c8ce-4c4c-391c-6d9f729ab57f,272903:8,8,منطقه 8,MUNICIPAL_AREA,2022-12-22,1401-10,262,دی - 1401,25000000,25247216.34,18921052.63,30174339.63,2772900000,419,DIRECT,listing,metraj_all,3
22e657d6-c8ce-4c4c-391c-6d9f729ab57f,272903:8,8,منطقه 8,MUNICIPAL_AREA,2023-01-21,1401-11,263,بهمن - 1401,26756756.76,26804105.77,21232476.64,33096972.96,3000000000,1715,DIRECT,listing,metraj_all,3
22e657d6-c8ce-4c4c-391c-6d9f729ab57f,272903:8,8,منطقه 8,MUNICIPAL_AREA,2023-02-20,1401-12,264,اسفند - 1401,27819548.87,27849024.86,22193260.37,34913533.84,3150000000,2426,DIRECT,listing,metraj_all,3
22e657d6-c8ce-4c4c-391c-6d9f729ab57f,272903:8,8,منطقه 8,MUNICIPAL_AREA,2023-03-21,1402-01,265,فروردین - 1402,28159536.54,28188308.51,22848731.89,35000000,3200000000,2134,DIRECT,listing,metraj_all,3
22e657d6-c8ce-4c4c-391c-6d9f729ab57f,272903:8,8,منطقه 8,MUNICIPAL_AREA,2023-04-21,1402-02,266,اردیبهشت - 1402,33125000,33139548.25,25943396.23,41889880.95,3850000000,2679,DIRECT,listing,metraj_all,3
22e657d6-c8ce-4c4c-391c-6d9f729ab57f,272903:8,8,منطقه 8,MUNICIPAL_AREA,2023-05-22,1402-03,267,خرداد - 1402,35333333.33,35340888.89,27272727.27,44000000,4100000000,3760,DIRECT,listing,metraj_all,3
22e657d6-c8ce-4c4c-391c-6d9f729ab57f,272903:8,8,منطقه 8,MUNICIPAL_AREA,2023-06-22,1402-04,268,تیر - 1402,35123966.94,35129207.25,27160493.83,43636363.64,4000000000,5737,DIRECT,listing,metraj_all,3
22e657d6-c8ce-4c4c-391c-6d9f729ab57f,272903:8,8,منطقه 8,MUNICIPAL_AREA,2023-07-23,1402-05,269,مرداد - 1402,35407620.74,35412119.82,27181827.78,43723214.28,4000000000,5752,DIRECT,listing,metraj_all,3
22e657d6-c8ce-4c4c-391c-6d9f729ab57f,272903:8,8,منطقه 8,MUNICIPAL_AREA,2023-08-23,1402-06,270,شهریور - 1402,35294117.65,35299108.46,27049180.33,44000000,3900000000,5281,DIRECT,listing,metraj_all,3
22e657d6-c8ce-4c4c-391c-6d9f729ab57f,272903:8,8,منطقه 8,MUNICIPAL_AREA,2023-09-23,1402-07,271,مهر - 1402,35652173.91,35657007.98,27272727.27,44571428.57,3978000000,4629,DIRECT,listing,metraj_all,3
22e657d6-c8ce-4c4c-391c-6d9f729ab57f,272903:8,8,منطقه 8,MUNICIPAL_AREA,2023-10-23,1402-08,272,آبان - 1402,35714285.71,35719581.61,27500000,45000000,4000000000,4306,DIRECT,listing,metraj_all,3
22e657d6-c8ce-4c4c-391c-6d9f729ab57f,272903:8,8,منطقه 8,MUNICIPAL_AREA,2023-11-22,1402-09,273,آذر - 1402,36184210.53,36189238.42,28136574.08,45424641.15,4100000000,3963,DIRECT,listing,metraj_all,3
22e657d6-c8ce-4c4c-391c-6d9f729ab57f,272903:8,8,منطقه 8,MUNICIPAL_AREA,2023-12-22,1402-10,274,دی - 1402,36931818.18,36935815.46,28421052.63,45977011.49,4150000000,3645,DIRECT,listing,metraj_all,3
22e657d6-c8ce-4c4c-391c-6d9f729ab57f,272903:8,8,منطقه 8,MUNICIPAL_AREA,2024-01-21,1402-11,275,بهمن - 1402,37882251.09,37885596.22,29142060.37,46419366.72,4200000000,3174,DIRECT,listing,metraj_all,3
22e657d6-c8ce-4c4c-391c-6d9f729ab57f,272903:8,8,منطقه 8,MUNICIPAL_AREA,2024-02-20,1402-12,276,اسفند - 1402,38086080.59,38090963.12,29530895.34,45625000,4100000000,2756,DIRECT,listing,metraj_all,3
22e657d6-c8ce-4c4c-391c-6d9f729ab57f,272903:8,8,منطقه 8,MUNICIPAL_AREA,2024-03-20,1403-01,277,فروردین - 1403,38947368.42,38951472.25,30000000,46621146.92,4174000000,2555,DIRECT,listing,metraj_all,3
22e657d6-c8ce-4c4c-391c-6d9f729ab57f,272903:8,8,منطقه 8,MUNICIPAL_AREA,2024-04-20,1403-02,278,اردیبهشت - 1403,40206185.57,40205486.88,30927835.05,49583333.33,4300000000,2941,DIRECT,listing,metraj_all,3
22e657d6-c8ce-4c4c-391c-6d9f729ab57f,272903:8,8,منطقه 8,MUNICIPAL_AREA,2024-05-21,1403-03,279,خرداد - 1403,41428571.43,41425392.37,31843434.34,50000000,4500000000,3380,DIRECT,listing,metraj_all,3
22e657d6-c8ce-4c4c-391c-6d9f729ab57f,272903:8,8,منطقه 8,MUNICIPAL_AREA,2024-06-21,1403-04,280,تیر - 1403,42129213.48,42125694.24,32833333.33,50000000,4500000000,3457,DIRECT,listing,metraj_all,3
22e657d6-c8ce-4c4c-391c-6d9f729ab57f,272903:8,8,منطقه 8,MUNICIPAL_AREA,2024-07-22,1403-05,281,مرداد - 1403,42307692.31,42301083.9,33333333.33,50000000,4500000000,2009,DIRECT,listing,metraj_all,3
22e657d6-c8ce-4c4c-391c-6d9f729ab57f,272903:8,8,منطقه 8,MUNICIPAL_AREA,2024-08-22,1403-06,282,شهریور - 1403,42741935.48,42725266.37,33333333.33,50000000,4490000000,885,DIRECT,listing,metraj_all,3
22e657d6-c8ce-4c4c-391c-6d9f729ab57f,272903:8,8,منطقه 8,MUNICIPAL_AREA,2024-11-21,1403-09,285,آذر - 1403,41904761.9,41895327.75,33035714.29,50000001.35,4400000000,2009,DIRECT,listing,metraj_all,3
22e657d6-c8ce-4c4c-391c-6d9f729ab57f,272903:8,8,منطقه 8,MUNICIPAL_AREA,2024-12-21,1403-10,286,دی - 1403,42000000,41994594.6,33333331.44,50575379.84,4499999744,3690,DIRECT,listing,metraj_all,3
22e657d6-c8ce-4c4c-391c-6d9f729ab57f,272903:8,8,منطقه 8,MUNICIPAL_AREA,2025-01-20,1403-11,287,بهمن - 1403,42222222.22,42219160.3,33165716.92,51666666.67,4550000128,5858,DIRECT,listing,metraj_all,3
22e657d6-c8ce-4c4c-391c-6d9f729ab57f,272903:8,8,منطقه 8,MUNICIPAL_AREA,2025-02-19,1403-12,288,اسفند - 1403,43023255.81,43019910.64,33514705.77,52941173.46,4729999872,5291,DIRECT,listing,metraj_all,3
22e657d6-c8ce-4c4c-391c-6d9f729ab57f,272903:8,8,منطقه 8,MUNICIPAL_AREA,2025-03-21,1404-01,289,فروردین - 1404,43859649.12,43855769.4,33571430.4,54166665.07,4800000000,4512,DIRECT,listing,metraj_all,3
22e657d6-c8ce-4c4c-391c-6d9f729ab57f,272903:8,8,منطقه 8,MUNICIPAL_AREA,2025-04-21,1404-02,290,اردیبهشت - 1404,45652173.91,45650078.16,35000000,56837606.84,5100000256,4394,DIRECT,listing,metraj_all,3
22e657d6-c8ce-4c4c-391c-6d9f729ab57f,272903:8,8,منطقه 8,MUNICIPAL_AREA,2025-05-22,1404-03,291,خرداد - 1404,46666666.67,46664633.38,35529034.89,58953840.97,5400000000,4674,DIRECT,listing,metraj_all,3
22e657d6-c8ce-4c4c-391c-6d9f729ab57f,272903:8,8,منطقه 8,MUNICIPAL_AREA,2025-06-22,1404-04,292,تیر - 1404,47058823.53,47056973.65,35836538.46,59758141.76,5500000000,5838,DIRECT,listing,metraj_all,3
22e657d6-c8ce-4c4c-391c-6d9f729ab57f,272903:8,8,منطقه 8,MUNICIPAL_AREA,2025-07-23,1404-05,293,مرداد - 1404,47272727.27,47270407.74,36000000,59565217.39,5400000000,5477,DIRECT,listing,metraj_all,3
22e657d6-c8ce-4c4c-391c-6d9f729ab57f,272903:8,8,منطقه 8,MUNICIPAL_AREA,2025-08-23,1404-06,294,شهریور - 1404,47857142.86,47854974.18,36470588.24,60000000,5400000000,6054,DIRECT,listing,metraj_all,3
22e657d6-c8ce-4c4c-391c-6d9f729ab57f,272903:8,8,منطقه 8,MUNICIPAL_AREA,2025-09-23,1404-07,295,مهر - 1404,48818897.64,48816632.69,37500000,60344827.59,5450000000,6394,DIRECT,listing,metraj_all,3
22e657d6-c8ce-4c4c-391c-6d9f729ab57f,272903:8,8,منطقه 8,MUNICIPAL_AREA,2025-10-23,1404-08,296,آبان - 1404,49551488.34,49549956.27,37777777.78,61538461.54,5500000000,7156,DIRECT,listing,metraj_all,3
22e657d6-c8ce-4c4c-391c-6d9f729ab57f,272903:8,8,منطقه 8,MUNICIPAL_AREA,2025-11-22,1404-09,297,آذر - 1404,50000000,50000000,38235294.12,63184315.69,5550000000,7383,DIRECT,listing,metraj_all,3
22e657d6-c8ce-4c4c-391c-6d9f729ab57f,272903:8,8,منطقه 8,MUNICIPAL_AREA,2025-12-22,1404-10,298,دی - 1404,52000000,52000200.31,39130434.78,65217391.3,5900000000,7122,DIRECT,listing,metraj_all,3
22e657d6-c8ce-4c4c-391c-6d9f729ab57f,272903:8,8,منطقه 8,MUNICIPAL_AREA,2026-01-21,1404-11,299,بهمن - 1404,55944055.94,55945307.36,42250888.51,71546003.02,6390000000,7984,DIRECT,listing,metraj_all,3
22e657d6-c8ce-4c4c-391c-6d9f729ab57f,272903:8,8,منطقه 8,MUNICIPAL_AREA,2026-02-20,1404-12,300,اسفند - 1404,59259259.26,59260494.3,44717864.37,75396825.4,6800000000,6550,DIRECT,listing,metraj_all,3
22e657d6-c8ce-4c4c-391c-6d9f729ab57f,272903:8,8,منطقه 8,MUNICIPAL_AREA,2026-03-21,1405-01,301,فروردین - 1405,63000000,63003914.69,46666666.67,82051282.05,7200000000,5486,DIRECT,listing,metraj_all,3
22e657d6-c8ce-4c4c-391c-6d9f729ab57f,272903:8,8,منطقه 8,MUNICIPAL_AREA,2026-04-21,1405-02,302,اردیبهشت - 1405,75000000,75001453.8,55128205.13,100000000,8800000000,5201,DIRECT,listing,metraj_all,3
22e657d6-c8ce-4c4c-391c-6d9f729ab57f,272903:8,8,منطقه 8,MUNICIPAL_AREA,2026-05-22,1405-03,303,خرداد - 1405,85000000,84999188.63,63380281.69,110000000,10000000000,7693,DIRECT,listing,metraj_all,3
22e657d6-c8ce-4c4c-391c-6d9f729ab57f,272903:8,8,منطقه 8,MUNICIPAL_AREA,2026-06-22,1405-04,304,تیر - 1405,88000000,88000000,66000000,112903225.81,10500000000,7713,DIRECT,listing,metraj_all,3
22e657d6-c8ce-4c4c-391c-6d9f729ab57f,272903:8,8,منطقه 8,MUNICIPAL_AREA,2026-07-23,1405-05,305,مرداد - 1405,91666666.67,91670680.62,68181818.18,118294714.52,10760000000,6727,DIRECT,listing,metraj_all,3
a6c208ce-1a7e-682f-fc3a-f81b8f800f17,272903:9,9,منطقه 9,MUNICIPAL_AREA,2021-08-23,1400-06,246,شهریور - 1400,1500000,12022826.96,100000,20000000,1500000000,5,MODELED,listing,metraj_all,3
a6c208ce-1a7e-682f-fc3a-f81b8f800f17,272903:9,9,منطقه 9,MUNICIPAL_AREA,2021-09-23,1400-07,247,مهر - 1400,3941489.36,13575265.82,450000,18747384.03,1650000000,6,MODELED,listing,metraj_all,3
a6c208ce-1a7e-682f-fc3a-f81b8f800f17,272903:9,9,منطقه 9,MUNICIPAL_AREA,2021-10-23,1400-08,248,آبان - 1400,6382978.72,15446937.7,100000,22868852.46,1800000000,5,MODELED,listing,metraj_all,3
a6c208ce-1a7e-682f-fc3a-f81b8f800f17,272903:9,9,منطقه 9,MUNICIPAL_AREA,2021-11-22,1400-09,249,آذر - 1400,23934426.23,23092754.02,18747384.03,26442307.69,2720000000,4,MODELED,listing,metraj_all,3
a6c208ce-1a7e-682f-fc3a-f81b8f800f17,272903:9,9,منطقه 9,MUNICIPAL_AREA,2021-12-22,1400-10,250,دی - 1400,13152173.92,18799353.6,7228260.87,19076086.96,1775000000,2,MODELED,listing,metraj_all,3
a6c208ce-1a7e-682f-fc3a-f81b8f800f17,272903:9,9,منطقه 9,MUNICIPAL_AREA,2022-01-21,1400-11,251,بهمن - 1400,17391304.35,18780001.12,9347826.09,21195652.18,2000000000,3,MODELED,listing,metraj_all,3
a6c208ce-1a7e-682f-fc3a-f81b8f800f17,272903:9,9,منطقه 9,MUNICIPAL_AREA,2022-02-20,1400-12,252,اسفند - 1400,17391304.35,18742863,9347826.09,23913043.48,2000000000,3,MODELED,listing,metraj_all,3
a6c208ce-1a7e-682f-fc3a-f81b8f800f17,272903:9,9,منطقه 9,MUNICIPAL_AREA,2022-03-21,1401-01,253,فروردین - 1401,25000000,20879607.45,19347826.09,30108695.65,3150000000,4,MODELED,listing,metraj_all,3
a6c208ce-1a7e-682f-fc3a-f81b8f800f17,272903:9,9,منطقه 9,MUNICIPAL_AREA,2022-04-21,1401-02,254,اردیبهشت - 1401,30000000,24804109.38,25000000,30217391.31,4020000000,3,MODELED,listing,metraj_all,3
a6c208ce-1a7e-682f-fc3a-f81b8f800f17,272903:9,9,منطقه 9,MUNICIPAL_AREA,2022-05-22,1401-03,255,خرداد - 1401,25000000,22842028.33,22500000,27500000,3150000000,2,MODELED,listing,metraj_all,3
a6c208ce-1a7e-682f-fc3a-f81b8f800f17,272903:9,9,منطقه 9,MUNICIPAL_AREA,2022-11-22,1401-09,261,آذر - 1401,28963414.63,28940274.76,25942125.99,37262622.34,3920000000,51,DIRECT,listing,metraj_all,3
a6c208ce-1a7e-682f-fc3a-f81b8f800f17,272903:9,9,منطقه 9,MUNICIPAL_AREA,2022-12-22,1401-10,262,دی - 1401,31034482.76,31250100.61,26021739.13,37959459.46,3803500000,202,DIRECT,listing,metraj_all,3
a6c208ce-1a7e-682f-fc3a-f81b8f800f17,272903:9,9,منطقه 9,MUNICIPAL_AREA,2023-01-21,1401-11,263,بهمن - 1401,33000000,33032728.92,27000000,39709914.46,3800000000,578,DIRECT,listing,metraj_all,3
a6c208ce-1a7e-682f-fc3a-f81b8f800f17,272903:9,9,منطقه 9,MUNICIPAL_AREA,2023-02-20,1401-12,264,اسفند - 1401,34210526.32,34220480.6,27045454.55,40439124.31,3900000000,783,DIRECT,listing,metraj_all,3
a6c208ce-1a7e-682f-fc3a-f81b8f800f17,272903:9,9,منطقه 9,MUNICIPAL_AREA,2023-03-21,1402-01,265,فروردین - 1402,35000000,34989536.54,27397450.11,41135239.15,3950000000,632,DIRECT,listing,metraj_all,3
a6c208ce-1a7e-682f-fc3a-f81b8f800f17,272903:9,9,منطقه 9,MUNICIPAL_AREA,2023-04-21,1402-02,266,اردیبهشت - 1402,39855072.46,39825930.29,31500000,48500000,4500000000,957,DIRECT,listing,metraj_all,3
a6c208ce-1a7e-682f-fc3a-f81b8f800f17,272903:9,9,منطقه 9,MUNICIPAL_AREA,2023-05-22,1402-03,267,خرداد - 1402,41444212.72,41419719.97,33000000,50000000,4850000000,1322,DIRECT,listing,metraj_all,3
a6c208ce-1a7e-682f-fc3a-f81b8f800f17,272903:9,9,منطقه 9,MUNICIPAL_AREA,2023-06-22,1402-04,268,تیر - 1402,42000000,41981676.49,33333333.33,50000000,4850000000,2099,DIRECT,listing,metraj_all,3
a6c208ce-1a7e-682f-fc3a-f81b8f800f17,272903:9,9,منطقه 9,MUNICIPAL_AREA,2023-07-23,1402-05,269,مرداد - 1402,42727272.73,42702600.06,34673469.39,50515463.92,5000000000,1906,DIRECT,listing,metraj_all,3
a6c208ce-1a7e-682f-fc3a-f81b8f800f17,272903:9,9,منطقه 9,MUNICIPAL_AREA,2023-08-23,1402-06,270,شهریور - 1402,43076923.08,43050886.78,35578947.37,51578947.37,5200000000,1965,DIRECT,listing,metraj_all,3
a6c208ce-1a7e-682f-fc3a-f81b8f800f17,272903:9,9,منطقه 9,MUNICIPAL_AREA,2023-09-23,1402-07,271,مهر - 1402,43750000,43718887.89,36521739.13,53044803.82,5300000000,1872,DIRECT,listing,metraj_all,3
a6c208ce-1a7e-682f-fc3a-f81b8f800f17,272903:9,9,منطقه 9,MUNICIPAL_AREA,2023-10-23,1402-08,272,آبان - 1402,44000000,43975718.32,36585365.85,53543307.09,5400000000,2461,DIRECT,listing,metraj_all,3
a6c208ce-1a7e-682f-fc3a-f81b8f800f17,272903:9,9,منطقه 9,MUNICIPAL_AREA,2023-11-22,1402-09,273,آذر - 1402,43589743.59,43568919.75,36016949.15,52280154.49,5300000000,2587,DIRECT,listing,metraj_all,3
a6c208ce-1a7e-682f-fc3a-f81b8f800f17,272903:9,9,منطقه 9,MUNICIPAL_AREA,2023-12-22,1402-10,274,دی - 1402,43478260.87,43457453.03,35759868.42,51980769.23,5250000000,2434,DIRECT,listing,metraj_all,3
a6c208ce-1a7e-682f-fc3a-f81b8f800f17,272903:9,9,منطقه 9,MUNICIPAL_AREA,2024-01-21,1402-11,275,بهمن - 1402,44118951.23,44093967.61,35802207.13,51761853.45,5025000000,2060,DIRECT,listing,metraj_all,3
a6c208ce-1a7e-682f-fc3a-f81b8f800f17,272903:9,9,منطقه 9,MUNICIPAL_AREA,2024-02-20,1402-12,276,اسفند - 1402,45379798.88,45347846.14,36875276.43,54520202.02,5350000000,1850,DIRECT,listing,metraj_all,3
a6c208ce-1a7e-682f-fc3a-f81b8f800f17,272903:9,9,منطقه 9,MUNICIPAL_AREA,2024-03-20,1403-01,277,فروردین - 1403,45312500,45279666.27,37060259.2,55000000,5350000000,1608,DIRECT,listing,metraj_all,3
a6c208ce-1a7e-682f-fc3a-f81b8f800f17,272903:9,9,منطقه 9,MUNICIPAL_AREA,2024-04-20,1403-02,278,اردیبهشت - 1403,46093750,46051868.57,37254901.96,56122448.98,5500000000,1445,DIRECT,listing,metraj_all,3
a6c208ce-1a7e-682f-fc3a-f81b8f800f17,272903:9,9,منطقه 9,MUNICIPAL_AREA,2024-05-21,1403-03,279,خرداد - 1403,47435710.11,47384370.69,38000000,58142536.48,5800000000,1370,DIRECT,listing,metraj_all,3
a6c208ce-1a7e-682f-fc3a-f81b8f800f17,272903:9,9,منطقه 9,MUNICIPAL_AREA,2024-06-21,1403-04,280,تیر - 1403,49582608.7,49529134.49,40000000,60000000,6196000000,1612,DIRECT,listing,metraj_all,3
a6c208ce-1a7e-682f-fc3a-f81b8f800f17,272903:9,9,منطقه 9,MUNICIPAL_AREA,2024-07-22,1403-05,281,مرداد - 1403,50360383.72,50271994.55,41558441.56,60740740.74,6400000000,1052,DIRECT,listing,metraj_all,3
a6c208ce-1a7e-682f-fc3a-f81b8f800f17,272903:9,9,منطقه 9,MUNICIPAL_AREA,2024-08-22,1403-06,282,شهریور - 1403,50588235.29,50415625.58,41583333.34,61569230.77,6500000000,531,DIRECT,listing,metraj_all,3
a6c208ce-1a7e-682f-fc3a-f81b8f800f17,272903:9,9,منطقه 9,MUNICIPAL_AREA,2024-11-21,1403-09,285,آذر - 1403,53484743.13,53220336.54,39962962.49,70364448.74,6400000000,500,DIRECT,listing,metraj_all,3
a6c208ce-1a7e-682f-fc3a-f81b8f800f17,272903:9,9,منطقه 9,MUNICIPAL_AREA,2024-12-21,1403-10,286,دی - 1403,53333333.33,53171127.34,38898026.32,69377242.89,6200000000,812,DIRECT,listing,metraj_all,3
a6c208ce-1a7e-682f-fc3a-f81b8f800f17,272903:9,9,منطقه 9,MUNICIPAL_AREA,2025-01-20,1403-11,287,بهمن - 1403,54226188.19,54137380.59,40000000,68714215.43,6224999936,1544,DIRECT,listing,metraj_all,3
a6c208ce-1a7e-682f-fc3a-f81b8f800f17,272903:9,9,منطقه 9,MUNICIPAL_AREA,2025-02-19,1403-12,288,اسفند - 1403,54300000.46,54206451.92,40000000,68376068.38,6200000000,1385,DIRECT,listing,metraj_all,3
a6c208ce-1a7e-682f-fc3a-f81b8f800f17,272903:9,9,منطقه 9,MUNICIPAL_AREA,2025-03-21,1404-01,289,فروردین - 1404,54862199.75,54760144.06,40105632.45,69261784.68,6350000128,1240,DIRECT,listing,metraj_all,3
a6c208ce-1a7e-682f-fc3a-f81b8f800f17,272903:9,9,منطقه 9,MUNICIPAL_AREA,2025-04-21,1404-02,290,اردیبهشت - 1404,57142857.14,57035379.62,42335766.42,73333333.33,6900000000,1145,DIRECT,listing,metraj_all,3
a6c208ce-1a7e-682f-fc3a-f81b8f800f17,272903:9,9,منطقه 9,MUNICIPAL_AREA,2025-05-22,1404-03,291,خرداد - 1404,57000001.54,56912583.05,40909090.91,73333333.33,6850000000,1281,DIRECT,listing,metraj_all,3
a6c208ce-1a7e-682f-fc3a-f81b8f800f17,272903:9,9,منطقه 9,MUNICIPAL_AREA,2025-06-22,1404-04,292,تیر - 1404,55294117.65,55237513.12,40978668.78,72727272.73,6660000000,1636,DIRECT,listing,metraj_all,3
a6c208ce-1a7e-682f-fc3a-f81b8f800f17,272903:9,9,منطقه 9,MUNICIPAL_AREA,2025-07-23,1404-05,293,مرداد - 1404,53571428.57,53521812.39,39246894.41,72222222.22,6500000000,1516,DIRECT,listing,metraj_all,3
a6c208ce-1a7e-682f-fc3a-f81b8f800f17,272903:9,9,منطقه 9,MUNICIPAL_AREA,2025-08-23,1404-06,294,شهریور - 1404,53905228.76,53856140.94,39590597.76,71690421.16,6525000000,1490,DIRECT,listing,metraj_all,3
a6c208ce-1a7e-682f-fc3a-f81b8f800f17,272903:9,9,منطقه 9,MUNICIPAL_AREA,2025-09-23,1404-07,295,مهر - 1404,55500000,55447368.42,39506637.17,71428571.43,6750000000,1535,DIRECT,listing,metraj_all,3
a6c208ce-1a7e-682f-fc3a-f81b8f800f17,272903:9,9,منطقه 9,MUNICIPAL_AREA,2025-10-23,1404-08,296,آبان - 1404,56666666.67,56613883.52,40325268.82,71663385.83,6900000000,1546,DIRECT,listing,metraj_all,3
a6c208ce-1a7e-682f-fc3a-f81b8f800f17,272903:9,9,منطقه 9,MUNICIPAL_AREA,2025-11-22,1404-09,297,آذر - 1404,59867127.06,59815030.3,43175837.32,75000000,7145000000,1884,DIRECT,listing,metraj_all,3
a6c208ce-1a7e-682f-fc3a-f81b8f800f17,272903:9,9,منطقه 9,MUNICIPAL_AREA,2025-12-22,1404-10,298,دی - 1404,63333333.33,63278957.84,47435897.44,77548076.92,7600000000,2048,DIRECT,listing,metraj_all,3
a6c208ce-1a7e-682f-fc3a-f81b8f800f17,272903:9,9,منطقه 9,MUNICIPAL_AREA,2026-01-21,1404-11,299,بهمن - 1404,67320261.44,67281181.15,51000000,83214285.71,8000000000,2645,DIRECT,listing,metraj_all,3
a6c208ce-1a7e-682f-fc3a-f81b8f800f17,272903:9,9,منطقه 9,MUNICIPAL_AREA,2026-02-20,1404-12,300,اسفند - 1404,69930069.93,69886991.62,53876201.93,87500000,8500000000,2279,DIRECT,listing,metraj_all,3
a6c208ce-1a7e-682f-fc3a-f81b8f800f17,272903:9,9,منطقه 9,MUNICIPAL_AREA,2026-03-21,1405-01,301,فروردین - 1405,72928921.57,72891019.98,56323918.8,92307692.31,9000000000,2042,DIRECT,listing,metraj_all,3
a6c208ce-1a7e-682f-fc3a-f81b8f800f17,272903:9,9,منطقه 9,MUNICIPAL_AREA,2026-04-21,1405-02,302,اردیبهشت - 1405,80000000,79976880.53,59000000,104000000,9940000000,1825,DIRECT,listing,metraj_all,3
a6c208ce-1a7e-682f-fc3a-f81b8f800f17,272903:9,9,منطقه 9,MUNICIPAL_AREA,2026-05-22,1405-03,303,خرداد - 1405,90000000,89976195.52,64285714.29,115354330.71,11000000000,2353,DIRECT,listing,metraj_all,3
a6c208ce-1a7e-682f-fc3a-f81b8f800f17,272903:9,9,منطقه 9,MUNICIPAL_AREA,2026-06-22,1405-04,304,تیر - 1405,96858552.63,96818468.69,67380212.96,122460377.36,11675000000,2200,DIRECT,listing,metraj_all,3
a6c208ce-1a7e-682f-fc3a-f81b8f800f17,272903:9,9,منطقه 9,MUNICIPAL_AREA,2026-07-23,1405-05,305,مرداد - 1405,103315047.02,103275749.19,80000000,130000000,12500000000,2266,DIRECT,listing,metraj_all,3
a28ec970-cfb3-c6db-c5db-3e2eaaba5083,272903:10,10,منطقه 10,MUNICIPAL_AREA,2021-08-23,1400-06,246,شهریور - 1400,26530612.24,20366364.37,19491525.42,30000000,2300000000,5,MODELED,listing,metraj_all,3
a28ec970-cfb3-c6db-c5db-3e2eaaba5083,272903:10,10,منطقه 10,MUNICIPAL_AREA,2021-09-23,1400-07,247,مهر - 1400,28779069.77,22496711.05,24000000,30000000,4200000000,5,MODELED,listing,metraj_all,3
a28ec970-cfb3-c6db-c5db-3e2eaaba5083,272903:10,10,منطقه 10,MUNICIPAL_AREA,2021-10-23,1400-08,248,آبان - 1400,28779069.77,22912301.38,24000000,30000000,4200000000,5,MODELED,listing,metraj_all,3
a28ec970-cfb3-c6db-c5db-3e2eaaba5083,272903:10,10,منطقه 10,MUNICIPAL_AREA,2021-11-22,1400-09,249,آذر - 1400,31056201.55,25127546.96,27584302.33,34962406.01,5125000000,4,MODELED,listing,metraj_all,3
a28ec970-cfb3-c6db-c5db-3e2eaaba5083,272903:10,10,منطقه 10,MUNICIPAL_AREA,2021-12-22,1400-10,250,دی - 1400,36591478.7,22705904.4,34962406.01,38220551.38,8650000000,2,MODELED,listing,metraj_all,3
a28ec970-cfb3-c6db-c5db-3e2eaaba5083,272903:10,10,منطقه 10,MUNICIPAL_AREA,2022-01-21,1400-11,251,بهمن - 1400,33333333.33,20481766.8,33333333.33,33333333.33,12000000000,1,MODELED,listing,metraj_all,3
a28ec970-cfb3-c6db-c5db-3e2eaaba5083,272903:10,10,منطقه 10,MUNICIPAL_AREA,2022-11-22,1401-09,261,آذر - 1401,24271844.66,24731482.72,20714285.71,32744360.9,2600000000,89,DIRECT,listing,metraj_all,3
a28ec970-cfb3-c6db-c5db-3e2eaaba5083,272903:10,10,منطقه 10,MUNICIPAL_AREA,2022-12-22,1401-10,262,دی - 1401,25550000,25935271.31,21401785.72,33541666.67,2870000000,251,DIRECT,listing,metraj_all,3
a28ec970-cfb3-c6db-c5db-3e2eaaba5083,272903:10,10,منطقه 10,MUNICIPAL_AREA,2023-01-21,1401-11,263,بهمن - 1401,28421052.63,28486021.74,23571428.57,36000000,3200000000,991,DIRECT,listing,metraj_all,3
a28ec970-cfb3-c6db-c5db-3e2eaaba5083,272903:10,10,منطقه 10,MUNICIPAL_AREA,2023-02-20,1401-12,264,اسفند - 1401,30000000,30036736.96,25000000,40000000,3500000000,1351,DIRECT,listing,metraj_all,3
a28ec970-cfb3-c6db-c5db-3e2eaaba5083,272903:10,10,منطقه 10,MUNICIPAL_AREA,2023-03-21,1402-01,265,فروردین - 1402,30095238.1,30130542.59,25500000,40000000,3500000000,1189,DIRECT,listing,metraj_all,3
a28ec970-cfb3-c6db-c5db-3e2eaaba5083,272903:10,10,منطقه 10,MUNICIPAL_AREA,2023-04-21,1402-02,266,اردیبهشت - 1402,37037037.04,37037036.97,30000000,47614285.72,4200000000,1834,DIRECT,listing,metraj_all,3
a28ec970-cfb3-c6db-c5db-3e2eaaba5083,272903:10,10,منطقه 10,MUNICIPAL_AREA,2023-05-22,1402-03,267,خرداد - 1402,39000000,38997447.84,32809375,49065180.1,4350000000,3196,DIRECT,listing,metraj_all,3
a28ec970-cfb3-c6db-c5db-3e2eaaba5083,272903:10,10,منطقه 10,MUNICIPAL_AREA,2023-06-22,1402-04,268,تیر - 1402,39221102.81,39218888.34,32809375,49527992.28,4400000000,4892,DIRECT,listing,metraj_all,3
a28ec970-cfb3-c6db-c5db-3e2eaaba5083,272903:10,10,منطقه 10,MUNICIPAL_AREA,2023-07-23,1402-05,269,مرداد - 1402,39285714.29,39283220.64,32956649.83,48982555.78,4400000000,5146,DIRECT,listing,metraj_all,3
a28ec970-cfb3-c6db-c5db-3e2eaaba5083,272903:10,10,منطقه 10,MUNICIPAL_AREA,2023-08-23,1402-06,270,شهریور - 1402,39047619.05,39045268.26,32500000,48484848.48,4320000000,4724,DIRECT,listing,metraj_all,3
a28ec970-cfb3-c6db-c5db-3e2eaaba5083,272903:10,10,منطقه 10,MUNICIPAL_AREA,2023-09-23,1402-07,271,مهر - 1402,38666666.67,38664814.1,32222222.22,47826086.96,4268000000,4157,DIRECT,listing,metraj_all,3
a28ec970-cfb3-c6db-c5db-3e2eaaba5083,272903:10,10,منطقه 10,MUNICIPAL_AREA,2023-10-23,1402-08,272,آبان - 1402,39433811.8,39429963.67,32000000,50000000,4300000000,3716,DIRECT,listing,metraj_all,3
a28ec970-cfb3-c6db-c5db-3e2eaaba5083,272903:10,10,منطقه 10,MUNICIPAL_AREA,2023-11-22,1402-09,273,آذر - 1402,40000000,39994205.84,31818181.82,51847996.86,4335000000,3128,DIRECT,listing,metraj_all,3
a28ec970-cfb3-c6db-c5db-3e2eaaba5083,272903:10,10,منطقه 10,MUNICIPAL_AREA,2023-12-22,1402-10,274,دی - 1402,40000000,39994382.47,31386861.31,52344322.35,4200000000,2851,DIRECT,listing,metraj_all,3
a28ec970-cfb3-c6db-c5db-3e2eaaba5083,272903:10,10,منطقه 10,MUNICIPAL_AREA,2024-01-21,1402-11,275,بهمن - 1402,39333333.33,39331773.77,31111111.11,51351351.35,4104000000,2465,DIRECT,listing,metraj_all,3
a28ec970-cfb3-c6db-c5db-3e2eaaba5083,272903:10,10,منطقه 10,MUNICIPAL_AREA,2024-02-20,1402-12,276,اسفند - 1402,39166666.67,39167930.95,31071428.57,50375939.85,4150000000,2125,DIRECT,listing,metraj_all,3
a28ec970-cfb3-c6db-c5db-3e2eaaba5083,272903:10,10,منطقه 10,MUNICIPAL_AREA,2024-03-20,1403-01,277,فروردین - 1403,40000000,40000000.01,31578947.37,53079178.89,4250000000,1772,DIRECT,listing,metraj_all,3
a28ec970-cfb3-c6db-c5db-3e2eaaba5083,272903:10,10,منطقه 10,MUNICIPAL_AREA,2024-04-20,1403-02,278,اردیبهشت - 1403,40212981.75,40211773.01,32023437.5,55032051.28,4150000000,1752,DIRECT,listing,metraj_all,3
a28ec970-cfb3-c6db-c5db-3e2eaaba5083,272903:10,10,منطقه 10,MUNICIPAL_AREA,2024-05-21,1403-03,279,خرداد - 1403,42222222.22,42212698.8,32863354.04,56961538.46,4200000000,1955,DIRECT,listing,metraj_all,3
a28ec970-cfb3-c6db-c5db-3e2eaaba5083,272903:10,10,منطقه 10,MUNICIPAL_AREA,2024-06-21,1403-04,280,تیر - 1403,43005376.35,42994261.37,33060908.77,59130434.78,4300000000,1876,DIRECT,listing,metraj_all,3
a28ec970-cfb3-c6db-c5db-3e2eaaba5083,272903:10,10,منطقه 10,MUNICIPAL_AREA,2024-07-22,1403-05,281,مرداد - 1403,43333333.33,43311762.22,33026785.72,60000000,4350000000,1084,DIRECT,listing,metraj_all,3
a28ec970-cfb3-c6db-c5db-3e2eaaba5083,272903:10,10,منطقه 10,MUNICIPAL_AREA,2024-08-22,1403-06,282,شهریور - 1403,43019943.02,42978782.72,32991758.24,60902173.92,4575000000,420,DIRECT,listing,metraj_all,3
a28ec970-cfb3-c6db-c5db-3e2eaaba5083,272903:10,10,منطقه 10,MUNICIPAL_AREA,2024-11-21,1403-09,285,آذر - 1403,44886365.09,44852074.86,35714285.71,56733333.63,5200000000,1415,DIRECT,listing,metraj_all,3
a28ec970-cfb3-c6db-c5db-3e2eaaba5083,272903:10,10,منطقه 10,MUNICIPAL_AREA,2024-12-21,1403-10,286,دی - 1403,45477274.15,45457614.16,36666666.67,57992267.55,5374999808,2776,DIRECT,listing,metraj_all,3
a28ec970-cfb3-c6db-c5db-3e2eaaba5083,272903:10,10,منطقه 10,MUNICIPAL_AREA,2025-01-20,1403-11,287,بهمن - 1403,46006136.74,45992505.45,36853383.84,59335275.83,5400000000,4084,DIRECT,listing,metraj_all,3
a28ec970-cfb3-c6db-c5db-3e2eaaba5083,272903:10,10,منطقه 10,MUNICIPAL_AREA,2025-02-19,1403-12,288,اسفند - 1403,47572813.05,47555141.63,37925887.99,60395317.69,5500000256,3568,DIRECT,listing,metraj_all,3
a28ec970-cfb3-c6db-c5db-3e2eaaba5083,272903:10,10,منطقه 10,MUNICIPAL_AREA,2025-03-21,1404-01,289,فروردین - 1404,48333334.76,48310546.26,38333333.33,62370296.5,5779999744,2723,DIRECT,listing,metraj_all,3
a28ec970-cfb3-c6db-c5db-3e2eaaba5083,272903:10,10,منطقه 10,MUNICIPAL_AREA,2025-04-21,1404-02,290,اردیبهشت - 1404,50000000,49980985.58,38461538.46,64888043.07,5860000064,2762,DIRECT,listing,metraj_all,3
a28ec970-cfb3-c6db-c5db-3e2eaaba5083,272903:10,10,منطقه 10,MUNICIPAL_AREA,2025-05-22,1404-03,291,خرداد - 1404,50000000,49986544.03,37692306.71,67500000,5900000000,3175,DIRECT,listing,metraj_all,3
a28ec970-cfb3-c6db-c5db-3e2eaaba5083,272903:10,10,منطقه 10,MUNICIPAL_AREA,2025-06-22,1404-04,292,تیر - 1404,50000000,49989995.05,36363636.36,67857142.86,5800000000,4011,DIRECT,listing,metraj_all,3
a28ec970-cfb3-c6db-c5db-3e2eaaba5083,272903:10,10,منطقه 10,MUNICIPAL_AREA,2025-07-23,1404-05,293,مرداد - 1404,50658008.66,50645757.19,36016129.04,69110518.3,5900000000,3792,DIRECT,listing,metraj_all,3
a28ec970-cfb3-c6db-c5db-3e2eaaba5083,272903:10,10,منطقه 10,MUNICIPAL_AREA,2025-08-23,1404-06,294,شهریور - 1404,51000000,50989263.14,36363636.36,68729166.67,5945000000,4142,DIRECT,listing,metraj_all,3
a28ec970-cfb3-c6db-c5db-3e2eaaba5083,272903:10,10,منطقه 10,MUNICIPAL_AREA,2025-09-23,1404-07,295,مهر - 1404,51960784.31,51950746.36,37692307.69,69000000,5900000000,4565,DIRECT,listing,metraj_all,3
a28ec970-cfb3-c6db-c5db-3e2eaaba5083,272903:10,10,منطقه 10,MUNICIPAL_AREA,2025-10-23,1404-08,296,آبان - 1404,51960784.31,51954358.56,38461538.46,68341836.73,5900000000,5448,DIRECT,listing,metraj_all,3
a28ec970-cfb3-c6db-c5db-3e2eaaba5083,272903:10,10,منطقه 10,MUNICIPAL_AREA,2025-11-22,1404-09,297,آذر - 1404,52272727.27,52268749.1,39545454.55,68813353.44,6000000000,5703,DIRECT,listing,metraj_all,3
a28ec970-cfb3-c6db-c5db-3e2eaaba5083,272903:10,10,منطقه 10,MUNICIPAL_AREA,2025-12-22,1404-10,298,دی - 1404,54216867.47,54213108.16,40645284.63,70412414.97,6200000000,5507,DIRECT,listing,metraj_all,3
a28ec970-cfb3-c6db-c5db-3e2eaaba5083,272903:10,10,منطقه 10,MUNICIPAL_AREA,2026-01-21,1404-11,299,بهمن - 1404,58421052.63,58418427.08,43521241.83,77765151.52,6890000000,5614,DIRECT,listing,metraj_all,3
a28ec970-cfb3-c6db-c5db-3e2eaaba5083,272903:10,10,منطقه 10,MUNICIPAL_AREA,2026-02-20,1404-12,300,اسفند - 1404,63141447.37,63134459.19,46666666.67,83721590.91,7500000000,4386,DIRECT,listing,metraj_all,3
a28ec970-cfb3-c6db-c5db-3e2eaaba5083,272903:10,10,منطقه 10,MUNICIPAL_AREA,2026-03-21,1405-01,301,فروردین - 1405,70652173.91,70636206.83,50990196.08,93085106.38,8500000000,3435,DIRECT,listing,metraj_all,3
a28ec970-cfb3-c6db-c5db-3e2eaaba5083,272903:10,10,منطقه 10,MUNICIPAL_AREA,2026-04-21,1405-02,302,اردیبهشت - 1405,84838035.53,84810351.2,61967391.31,118181818.18,10500000000,3270,DIRECT,listing,metraj_all,3
a28ec970-cfb3-c6db-c5db-3e2eaaba5083,272903:10,10,منطقه 10,MUNICIPAL_AREA,2026-05-22,1405-03,303,خرداد - 1405,93043478.26,93025798.31,66666666.67,126582278.48,11300000000,4893,DIRECT,listing,metraj_all,3
a28ec970-cfb3-c6db-c5db-3e2eaaba5083,272903:10,10,منطقه 10,MUNICIPAL_AREA,2026-06-22,1405-04,304,تیر - 1405,94896834.94,94882935.64,67460317.46,128375799.58,11500000000,4952,DIRECT,listing,metraj_all,3
a28ec970-cfb3-c6db-c5db-3e2eaaba5083,272903:10,10,منطقه 10,MUNICIPAL_AREA,2026-07-23,1405-05,305,مرداد - 1405,100000000,99987754.76,73467611.34,131375050.02,12000000000,4587,DIRECT,listing,metraj_all,3
1509955c-e657-a3a0-0028-4a66e86441b5,272903:11,11,منطقه 11,MUNICIPAL_AREA,2022-11-22,1401-09,261,آذر - 1401,16314516.13,24131856.96,12532258.06,18735389.61,1675000000,6,MODELED,listing,metraj_all,3
1509955c-e657-a3a0-0028-4a66e86441b5,272903:11,11,منطقه 11,MUNICIPAL_AREA,2022-12-22,1401-10,262,دی - 1401,16500000,21958737.45,12500000,18425196.85,1780000000,25,MODELED,listing,metraj_all,3
1509955c-e657-a3a0-0028-4a66e86441b5,272903:11,11,منطقه 11,MUNICIPAL_AREA,2023-01-21,1401-11,263,بهمن - 1401,18181818.18,19717840.41,12916666.67,21008403.36,1900000000,99,DIRECT,listing,metraj_all,3
1509955c-e657-a3a0-0028-4a66e86441b5,272903:11,11,منطقه 11,MUNICIPAL_AREA,2023-02-20,1401-12,264,اسفند - 1401,18571428.57,19788352.41,14285714.29,22857142.86,2000000000,125,DIRECT,listing,metraj_all,3
1509955c-e657-a3a0-0028-4a66e86441b5,272903:11,11,منطقه 11,MUNICIPAL_AREA,2023-03-21,1402-01,265,فروردین - 1402,19045454.55,20362936.59,15178571.43,24312456.87,2000000000,106,DIRECT,listing,metraj_all,3
1509955c-e657-a3a0-0028-4a66e86441b5,272903:11,11,منطقه 11,MUNICIPAL_AREA,2023-04-21,1402-02,266,اردیبهشت - 1402,24603174.6,25472674.62,18333333.33,30000000,2205000000,133,DIRECT,listing,metraj_all,3
1509955c-e657-a3a0-0028-4a66e86441b5,272903:11,11,منطقه 11,MUNICIPAL_AREA,2023-05-22,1402-03,267,خرداد - 1402,25000000,25618862.83,20000000,30547579.99,2480000000,203,DIRECT,listing,metraj_all,3
1509955c-e657-a3a0-0028-4a66e86441b5,272903:11,11,منطقه 11,MUNICIPAL_AREA,2023-06-22,1402-04,268,تیر - 1402,25000000,25413068.28,20000000,30108695.65,2500000000,308,DIRECT,listing,metraj_all,3
1509955c-e657-a3a0-0028-4a66e86441b5,272903:11,11,منطقه 11,MUNICIPAL_AREA,2023-07-23,1402-05,269,مرداد - 1402,25000000,25396341.12,20023364.49,30000000,2600000000,318,DIRECT,listing,metraj_all,3
1509955c-e657-a3a0-0028-4a66e86441b5,272903:11,11,منطقه 11,MUNICIPAL_AREA,2023-08-23,1402-06,270,شهریور - 1402,25581395.35,25967437.82,20239077.98,30000000,2700000000,310,DIRECT,listing,metraj_all,3
1509955c-e657-a3a0-0028-4a66e86441b5,272903:11,11,منطقه 11,MUNICIPAL_AREA,2023-09-23,1402-07,271,مهر - 1402,25769230.77,26177495.75,20208850.29,30000000,2600000000,287,DIRECT,listing,metraj_all,3
1509955c-e657-a3a0-0028-4a66e86441b5,272903:11,11,منطقه 11,MUNICIPAL_AREA,2023-10-23,1402-08,272,آبان - 1402,25510204.08,25918367.28,20192307.7,30000000,2500000000,296,DIRECT,listing,metraj_all,3
1509955c-e657-a3a0-0028-4a66e86441b5,272903:11,11,منطقه 11,MUNICIPAL_AREA,2023-11-22,1402-09,273,آذر - 1402,25000000,25430777.54,20192307.7,29797297.3,2500000000,296,DIRECT,listing,metraj_all,3
1509955c-e657-a3a0-0028-4a66e86441b5,272903:11,11,منطقه 11,MUNICIPAL_AREA,2023-12-22,1402-10,274,دی - 1402,25000000,25413358.8,20515911.28,29976635.52,2535000000,314,DIRECT,listing,metraj_all,3
1509955c-e657-a3a0-0028-4a66e86441b5,272903:11,11,منطقه 11,MUNICIPAL_AREA,2024-01-21,1402-11,275,بهمن - 1402,25641025.64,26095166.12,20540019.29,30000000,2650000000,283,DIRECT,listing,metraj_all,3
1509955c-e657-a3a0-0028-4a66e86441b5,272903:11,11,منطقه 11,MUNICIPAL_AREA,2024-02-20,1402-12,276,اسفند - 1402,26282894.74,26796710.95,20852272.73,30769230.77,2700000000,246,DIRECT,listing,metraj_all,3
1509955c-e657-a3a0-0028-4a66e86441b5,272903:11,11,منطقه 11,MUNICIPAL_AREA,2024-03-20,1403-01,277,فروردین - 1403,27272727.27,27812018.57,22162698.41,31482142.86,2800000000,226,DIRECT,listing,metraj_all,3
1509955c-e657-a3a0-0028-4a66e86441b5,272903:11,11,منطقه 11,MUNICIPAL_AREA,2024-04-20,1403-02,278,اردیبهشت - 1403,27586206.9,28105612.53,22222222.22,31578947.37,2900000000,229,DIRECT,listing,metraj_all,3
1509955c-e657-a3a0-0028-4a66e86441b5,272903:11,11,منطقه 11,MUNICIPAL_AREA,2024-05-21,1403-03,279,خرداد - 1403,27718676.13,28219953.65,23252688.17,33166771.75,3000000000,242,DIRECT,listing,metraj_all,3
1509955c-e657-a3a0-0028-4a66e86441b5,272903:11,11,منطقه 11,MUNICIPAL_AREA,2024-06-21,1403-04,280,تیر - 1403,28767123.29,29326661.02,24252946.13,33389639.64,3050000000,207,DIRECT,listing,metraj_all,3
1509955c-e657-a3a0-0028-4a66e86441b5,272903:11,11,منطقه 11,MUNICIPAL_AREA,2024-07-22,1403-05,281,مرداد - 1403,29507575.76,30424846.03,25917508.42,35532786.89,3250000000,115,DIRECT,listing,metraj_all,3
1509955c-e657-a3a0-0028-4a66e86441b5,272903:11,11,منطقه 11,MUNICIPAL_AREA,2024-08-22,1403-06,282,شهریور - 1403,29605263.16,31722497.17,25000000,33593750,3250000000,45,DIRECT,listing,metraj_all,3
1509955c-e657-a3a0-0028-4a66e86441b5,272903:11,11,منطقه 11,MUNICIPAL_AREA,2024-11-21,1403-09,285,آذر - 1403,28923808.92,30054033.23,25000000,37152777.78,3200000000,88,DIRECT,listing,metraj_all,3
1509955c-e657-a3a0-0028-4a66e86441b5,272903:11,11,منطقه 11,MUNICIPAL_AREA,2024-12-21,1403-10,286,دی - 1403,30672184.35,31163122.06,24843750,36913932.5,3300000000,180,DIRECT,listing,metraj_all,3
1509955c-e657-a3a0-0028-4a66e86441b5,272903:11,11,منطقه 11,MUNICIPAL_AREA,2025-01-20,1403-11,287,بهمن - 1403,31389937.96,31699374.57,24999998.94,37499999.47,3500000000,282,DIRECT,listing,metraj_all,3
1509955c-e657-a3a0-0028-4a66e86441b5,272903:11,11,منطقه 11,MUNICIPAL_AREA,2025-02-19,1403-12,288,اسفند - 1403,31481480.53,31812616.08,25384615.38,37499997.87,3600000000,285,DIRECT,listing,metraj_all,3
1509955c-e657-a3a0-0028-4a66e86441b5,272903:11,11,منطقه 11,MUNICIPAL_AREA,2025-03-21,1404-01,289,فروردین - 1404,31782106.79,32185354.12,26898826.98,39750000,3649999872,246,DIRECT,listing,metraj_all,3
1509955c-e657-a3a0-0028-4a66e86441b5,272903:11,11,منطقه 11,MUNICIPAL_AREA,2025-04-21,1404-02,290,اردیبهشت - 1404,33011501.88,33404713.34,27325994.32,40000000,3600000000,288,DIRECT,listing,metraj_all,3
1509955c-e657-a3a0-0028-4a66e86441b5,272903:11,11,منطقه 11,MUNICIPAL_AREA,2025-05-22,1404-03,291,خرداد - 1404,33899769.59,34296229.49,26529151.49,42000000,3935000000,288,DIRECT,listing,metraj_all,3
1509955c-e657-a3a0-0028-4a66e86441b5,272903:11,11,منطقه 11,MUNICIPAL_AREA,2025-06-22,1404-04,292,تیر - 1404,33333333.33,33698757.56,24999999.76,40185989.01,3900000000,336,DIRECT,listing,metraj_all,3
1509955c-e657-a3a0-0028-4a66e86441b5,272903:11,11,منطقه 11,MUNICIPAL_AREA,2025-07-23,1404-05,293,مرداد - 1404,31972222.22,32375319.29,25454545.45,40310714.28,3750000000,338,DIRECT,listing,metraj_all,3
1509955c-e657-a3a0-0028-4a66e86441b5,272903:11,11,منطقه 11,MUNICIPAL_AREA,2025-08-23,1404-06,294,شهریور - 1404,31746031.75,32102562.46,26000000,40000000,3700000000,405,DIRECT,listing,metraj_all,3
1509955c-e657-a3a0-0028-4a66e86441b5,272903:11,11,منطقه 11,MUNICIPAL_AREA,2025-09-23,1404-07,295,مهر - 1404,32500000,32795594.86,26415094.34,40000000,3700000000,493,DIRECT,listing,metraj_all,3
1509955c-e657-a3a0-0028-4a66e86441b5,272903:11,11,منطقه 11,MUNICIPAL_AREA,2025-10-23,1404-08,296,آبان - 1404,33333333.33,33600004.85,27333333.33,41250000,3900000000,557,DIRECT,listing,metraj_all,3
1509955c-e657-a3a0-0028-4a66e86441b5,272903:11,11,منطقه 11,MUNICIPAL_AREA,2025-11-22,1404-09,297,آذر - 1404,34400000,34644131.46,27272727.27,40740740.74,4000000000,629,DIRECT,listing,metraj_all,3
1509955c-e657-a3a0-0028-4a66e86441b5,272903:11,11,منطقه 11,MUNICIPAL_AREA,2025-12-22,1404-10,298,دی - 1404,35000000,35285714.29,27587256.49,42777472.53,4000000000,590,DIRECT,listing,metraj_all,3
1509955c-e657-a3a0-0028-4a66e86441b5,272903:11,11,منطقه 11,MUNICIPAL_AREA,2026-01-21,1404-11,299,بهمن - 1404,37358255.45,37670137.45,29812500,45649350.65,4250000000,618,DIRECT,listing,metraj_all,3
1509955c-e657-a3a0-0028-4a66e86441b5,272903:11,11,منطقه 11,MUNICIPAL_AREA,2026-02-20,1404-12,300,اسفند - 1404,40669642.86,41082404.61,31636363.64,48355263.16,4600000000,460,DIRECT,listing,metraj_all,3
1509955c-e657-a3a0-0028-4a66e86441b5,272903:11,11,منطقه 11,MUNICIPAL_AREA,2026-03-21,1405-01,301,فروردین - 1405,42962264.15,43618750.89,34232274.41,50131578.95,5000000000,328,DIRECT,listing,metraj_all,3
1509955c-e657-a3a0-0028-4a66e86441b5,272903:11,11,منطقه 11,MUNICIPAL_AREA,2026-04-21,1405-02,302,اردیبهشت - 1405,51250000,52092184.76,39090909.09,66086956.52,6500000000,281,DIRECT,listing,metraj_all,3
1509955c-e657-a3a0-0028-4a66e86441b5,272903:11,11,منطقه 11,MUNICIPAL_AREA,2026-05-22,1405-03,303,خرداد - 1405,57947368.42,58547996.42,45000000,70813679.24,6950000000,430,DIRECT,listing,metraj_all,3
1509955c-e657-a3a0-0028-4a66e86441b5,272903:11,11,منطقه 11,MUNICIPAL_AREA,2026-06-22,1405-04,304,تیر - 1405,58424317.62,59035385.45,45049435.03,71397515.53,7000000000,474,DIRECT,listing,metraj_all,3
1509955c-e657-a3a0-0028-4a66e86441b5,272903:11,11,منطقه 11,MUNICIPAL_AREA,2026-07-23,1405-05,305,مرداد - 1405,61702127.66,62587459.21,48360215.05,73273155.42,6900000000,359,DIRECT,listing,metraj_all,3
f4cd0d06-ed3d-d7ba-33b2-45faa2684b47,272903:12,12,منطقه 12,MUNICIPAL_AREA,2021-08-23,1400-06,246,شهریور - 1400,14736842.11,15894750.44,12302984.3,15265932.52,1400000000,12,MODELED,listing,metraj_all,3
f4cd0d06-ed3d-d7ba-33b2-45faa2684b47,272903:12,12,منطقه 12,MUNICIPAL_AREA,2021-09-23,1400-07,247,مهر - 1400,14796650.72,17645951.33,12713088.03,23875231.91,1875000000,6,MODELED,listing,metraj_all,3
f4cd0d06-ed3d-d7ba-33b2-45faa2684b47,272903:12,12,منطقه 12,MUNICIPAL_AREA,2021-10-23,1400-08,248,آبان - 1400,15625000,17916535.36,13684210.53,17267267.27,1700000000,9,MODELED,listing,metraj_all,3
f4cd0d06-ed3d-d7ba-33b2-45faa2684b47,272903:12,12,منطقه 12,MUNICIPAL_AREA,2021-11-22,1400-09,249,آذر - 1400,15454545.45,19297461.07,12500000,17267267.27,1700000000,9,MODELED,listing,metraj_all,3
f4cd0d06-ed3d-d7ba-33b2-45faa2684b47,272903:12,12,منطقه 12,MUNICIPAL_AREA,2021-12-22,1400-10,250,دی - 1400,15539772.73,17734281.14,13078703.7,18227073.23,1800000000,10,MODELED,listing,metraj_all,3
f4cd0d06-ed3d-d7ba-33b2-45faa2684b47,272903:12,12,منطقه 12,MUNICIPAL_AREA,2022-01-21,1400-11,251,بهمن - 1400,16680911.68,18078521.94,11970628.42,19291871.93,2035000000,8,MODELED,listing,metraj_all,3
f4cd0d06-ed3d-d7ba-33b2-45faa2684b47,272903:12,12,منطقه 12,MUNICIPAL_AREA,2022-02-20,1400-12,252,اسفند - 1400,19298029.56,19191101.73,19101037.86,19482758.62,2750000000,4,MODELED,listing,metraj_all,3
f4cd0d06-ed3d-d7ba-33b2-45faa2684b47,272903:12,12,منطقه 12,MUNICIPAL_AREA,2022-03-21,1401-01,253,فروردین - 1401,18226600.99,19063975.52,17684729.06,18768472.91,2000000000,2,MODELED,listing,metraj_all,3
f4cd0d06-ed3d-d7ba-33b2-45faa2684b47,272903:12,12,منطقه 12,MUNICIPAL_AREA,2022-04-21,1401-02,254,اردیبهشت - 1401,17142857.14,22690570.82,17142857.14,17142857.14,1200000000,1,MODELED,listing,metraj_all,3
f4cd0d06-ed3d-d7ba-33b2-45faa2684b47,272903:12,12,منطقه 12,MUNICIPAL_AREA,2022-05-22,1401-03,255,خرداد - 1401,17142857.14,21931563.37,17142857.14,17142857.14,1200000000,1,MODELED,listing,metraj_all,3
f4cd0d06-ed3d-d7ba-33b2-45faa2684b47,272903:12,12,منطقه 12,MUNICIPAL_AREA,2022-11-22,1401-09,261,آذر - 1401,22834645.67,23236499.08,19419381.79,25216822.43,2270000000,139,DIRECT,listing,metraj_all,3
f4cd0d06-ed3d-d7ba-33b2-45faa2684b47,272903:12,12,منطقه 12,MUNICIPAL_AREA,2022-12-22,1401-10,262,دی - 1401,23928571.43,24197008.43,20000000,26870748.3,2520000000,425,DIRECT,listing,metraj_all,3
f4cd0d06-ed3d-d7ba-33b2-45faa2684b47,272903:12,12,منطقه 12,MUNICIPAL_AREA,2023-01-21,1401-11,263,بهمن - 1401,25221238.94,25280767.91,21424369.75,28969181.13,2700000000,1620,DIRECT,listing,metraj_all,3
f4cd0d06-ed3d-d7ba-33b2-45faa2684b47,272903:12,12,منطقه 12,MUNICIPAL_AREA,2023-02-20,1401-12,264,اسفند - 1401,26315789.47,26354714.22,22232142.86,30283687.94,2800000000,2221,DIRECT,listing,metraj_all,3
f4cd0d06-ed3d-d7ba-33b2-45faa2684b47,272903:12,12,منطقه 12,MUNICIPAL_AREA,2023-03-21,1402-01,265,فروردین - 1402,26666666.67,26705997.16,22622180.45,30661428.58,2850000000,1938,DIRECT,listing,metraj_all,3
f4cd0d06-ed3d-d7ba-33b2-45faa2684b47,272903:12,12,منطقه 12,MUNICIPAL_AREA,2023-04-21,1402-02,266,اردیبهشت - 1402,32000000,32018648.74,26701787.29,37009684.14,3450000000,2691,DIRECT,listing,metraj_all,3
f4cd0d06-ed3d-d7ba-33b2-45faa2684b47,272903:12,12,منطقه 12,MUNICIPAL_AREA,2023-05-22,1402-03,267,خرداد - 1402,33962264.15,33973266.79,28947368.42,38421052.63,3500000000,3825,DIRECT,listing,metraj_all,3
f4cd0d06-ed3d-d7ba-33b2-45faa2684b47,272903:12,12,منطقه 12,MUNICIPAL_AREA,2023-06-22,1402-04,268,تیر - 1402,34000000,34007353.43,28800670.96,38775510.2,3500000000,5614,DIRECT,listing,metraj_all,3
f4cd0d06-ed3d-d7ba-33b2-45faa2684b47,272903:12,12,منطقه 12,MUNICIPAL_AREA,2023-07-23,1402-05,269,مرداد - 1402,34473684.21,34480274.2,28970588.24,39000000,3450000000,5341,DIRECT,listing,metraj_all,3
f4cd0d06-ed3d-d7ba-33b2-45faa2684b47,272903:12,12,منطقه 12,MUNICIPAL_AREA,2023-08-23,1402-06,270,شهریور - 1402,34159953.26,34167723.54,28503504.68,38983050.85,3360000000,4848,DIRECT,listing,metraj_all,3
f4cd0d06-ed3d-d7ba-33b2-45faa2684b47,272903:12,12,منطقه 12,MUNICIPAL_AREA,2023-09-23,1402-07,271,مهر - 1402,34175170.07,34183724.65,28687500,38888888.89,3400000000,4338,DIRECT,listing,metraj_all,3
f4cd0d06-ed3d-d7ba-33b2-45faa2684b47,272903:12,12,منطقه 12,MUNICIPAL_AREA,2023-10-23,1402-08,272,آبان - 1402,34017112,34027014.75,28571428.57,38947368.42,3350000000,4012,DIRECT,listing,metraj_all,3
f4cd0d06-ed3d-d7ba-33b2-45faa2684b47,272903:12,12,منطقه 12,MUNICIPAL_AREA,2023-11-22,1402-09,273,آذر - 1402,34285714.29,34296485.86,28907670.46,39078787.88,3400000000,3607,DIRECT,listing,metraj_all,3
f4cd0d06-ed3d-d7ba-33b2-45faa2684b47,272903:12,12,منطقه 12,MUNICIPAL_AREA,2023-12-22,1402-10,274,دی - 1402,34328358.21,34340095.05,28636363.64,39000000,3400000000,3453,DIRECT,listing,metraj_all,3
f4cd0d06-ed3d-d7ba-33b2-45faa2684b47,272903:12,12,منطقه 12,MUNICIPAL_AREA,2024-01-21,1402-11,275,بهمن - 1402,34946236.56,34958882.28,29148809.52,39493421.05,3500000000,3154,DIRECT,listing,metraj_all,3
f4cd0d06-ed3d-d7ba-33b2-45faa2684b47,272903:12,12,منطقه 12,MUNICIPAL_AREA,2024-02-20,1402-12,276,اسفند - 1402,35294117.65,35308786.46,29481621.47,40000000,3565000000,2814,DIRECT,listing,metraj_all,3
f4cd0d06-ed3d-d7ba-33b2-45faa2684b47,272903:12,12,منطقه 12,MUNICIPAL_AREA,2024-03-20,1403-01,277,فروردین - 1403,35789473.68,35808647.31,30000000,41013473.05,3660000000,2186,DIRECT,listing,metraj_all,3
f4cd0d06-ed3d-d7ba-33b2-45faa2684b47,272903:12,12,منطقه 12,MUNICIPAL_AREA,2024-04-20,1403-02,278,اردیبهشت - 1403,37209302.33,37221766.37,30319148.94,43000000,3800000000,2229,DIRECT,listing,metraj_all,3
f4cd0d06-ed3d-d7ba-33b2-45faa2684b47,272903:12,12,منطقه 12,MUNICIPAL_AREA,2024-05-21,1403-03,279,خرداد - 1403,37795275.59,37805609.57,30120481.93,43288140,3730000000,2463,DIRECT,listing,metraj_all,3
f4cd0d06-ed3d-d7ba-33b2-45faa2684b47,272903:12,12,منطقه 12,MUNICIPAL_AREA,2024-06-21,1403-04,280,تیر - 1403,38151112.32,38161877.27,30648053.28,43539915.96,3800000000,2552,DIRECT,listing,metraj_all,3
f4cd0d06-ed3d-d7ba-33b2-45faa2684b47,272903:12,12,منطقه 12,MUNICIPAL_AREA,2024-07-22,1403-05,281,مرداد - 1403,38000000,38020241.35,30000000,43147574.82,3750000000,1459,DIRECT,listing,metraj_all,3
f4cd0d06-ed3d-d7ba-33b2-45faa2684b47,272903:12,12,منطقه 12,MUNICIPAL_AREA,2024-08-22,1403-06,282,شهریور - 1403,38461538.46,38508091.24,29473684.21,43884892.09,3800000000,589,DIRECT,listing,metraj_all,3
f4cd0d06-ed3d-d7ba-33b2-45faa2684b47,272903:12,12,منطقه 12,MUNICIPAL_AREA,2024-11-21,1403-09,285,آذر - 1403,37500000,37551020.55,30991935.49,42857141.03,3750000128,480,DIRECT,listing,metraj_all,3
f4cd0d06-ed3d-d7ba-33b2-45faa2684b47,272903:12,12,منطقه 12,MUNICIPAL_AREA,2024-12-21,1403-10,286,دی - 1403,37735849.06,37759360.5,30902776.89,43750000,3849999872,953,DIRECT,listing,metraj_all,3
f4cd0d06-ed3d-d7ba-33b2-45faa2684b47,272903:12,12,منطقه 12,MUNICIPAL_AREA,2025-01-20,1403-11,287,بهمن - 1403,38352941.18,38366050.26,31072796.05,44285714.29,3900000000,1571,DIRECT,listing,metraj_all,3
f4cd0d06-ed3d-d7ba-33b2-45faa2684b47,272903:12,12,منطقه 12,MUNICIPAL_AREA,2025-02-19,1403-12,288,اسفند - 1403,39444445.87,39456645.42,32185876.68,45348837.21,4000000000,1470,DIRECT,listing,metraj_all,3
f4cd0d06-ed3d-d7ba-33b2-45faa2684b47,272903:12,12,منطقه 12,MUNICIPAL_AREA,2025-03-21,1404-01,289,فروردین - 1404,40425531.91,40438937.39,32649121.96,46768582.02,4200000000,1243,DIRECT,listing,metraj_all,3
f4cd0d06-ed3d-d7ba-33b2-45faa2684b47,272903:12,12,منطقه 12,MUNICIPAL_AREA,2025-04-21,1404-02,290,اردیبهشت - 1404,42857142.86,42868620.85,34722222.22,50000000,4400000000,1621,DIRECT,listing,metraj_all,3
f4cd0d06-ed3d-d7ba-33b2-45faa2684b47,272903:12,12,منطقه 12,MUNICIPAL_AREA,2025-05-22,1404-03,291,خرداد - 1404,43489130.44,43499300.2,35000000,50921717.18,4500000000,2178,DIRECT,listing,metraj_all,3
f4cd0d06-ed3d-d7ba-33b2-45faa2684b47,272903:12,12,منطقه 12,MUNICIPAL_AREA,2025-06-22,1404-04,292,تیر - 1404,43678160.92,43685877.77,35294117.65,51250000,4500000000,2969,DIRECT,listing,metraj_all,3
f4cd0d06-ed3d-d7ba-33b2-45faa2684b47,272903:12,12,منطقه 12,MUNICIPAL_AREA,2025-07-23,1404-05,293,مرداد - 1404,43902439.02,43909352.54,35630387.93,52000000,4500000000,3024,DIRECT,listing,metraj_all,3
f4cd0d06-ed3d-d7ba-33b2-45faa2684b47,272903:12,12,منطقه 12,MUNICIPAL_AREA,2025-08-23,1404-06,294,شهریور - 1404,44357011.64,44363326.8,36363636.36,52173913.04,4500000000,3450,DIRECT,listing,metraj_all,3
f4cd0d06-ed3d-d7ba-33b2-45faa2684b47,272903:12,12,منطقه 12,MUNICIPAL_AREA,2025-09-23,1404-07,295,مهر - 1404,44800000,44806816.4,36276749.56,52515756.3,4500000000,3758,DIRECT,listing,metraj_all,3
f4cd0d06-ed3d-d7ba-33b2-45faa2684b47,272903:12,12,منطقه 12,MUNICIPAL_AREA,2025-10-23,1404-08,296,آبان - 1404,45277777.78,45285421.18,36986301.37,53157894.74,4500000000,4145,DIRECT,listing,metraj_all,3
f4cd0d06-ed3d-d7ba-33b2-45faa2684b47,272903:12,12,منطقه 12,MUNICIPAL_AREA,2025-11-22,1404-09,297,آذر - 1404,45833333.33,45843165.01,37094009.22,54545454.55,4600000000,4228,DIRECT,listing,metraj_all,3
f4cd0d06-ed3d-d7ba-33b2-45faa2684b47,272903:12,12,منطقه 12,MUNICIPAL_AREA,2025-12-22,1404-10,298,دی - 1404,47058823.53,47071000.86,38135593.22,56285714.29,4800000000,4165,DIRECT,listing,metraj_all,3
f4cd0d06-ed3d-d7ba-33b2-45faa2684b47,272903:12,12,منطقه 12,MUNICIPAL_AREA,2026-01-21,1404-11,299,بهمن - 1404,50520833.33,50534938.76,40000000,62000000,5300000000,4544,DIRECT,listing,metraj_all,3
f4cd0d06-ed3d-d7ba-33b2-45faa2684b47,272903:12,12,منطقه 12,MUNICIPAL_AREA,2026-02-20,1404-12,300,اسفند - 1404,53756720.43,53774512.78,42352941.18,66101190.48,5650000000,3538,DIRECT,listing,metraj_all,3
f4cd0d06-ed3d-d7ba-33b2-45faa2684b47,272903:12,12,منطقه 12,MUNICIPAL_AREA,2026-03-21,1405-01,301,فروردین - 1405,57692307.69,57722192.34,45555555.56,71064405.82,6200000000,2486,DIRECT,listing,metraj_all,3
f4cd0d06-ed3d-d7ba-33b2-45faa2684b47,272903:12,12,منطقه 12,MUNICIPAL_AREA,2026-04-21,1405-02,302,اردیبهشت - 1405,75000000,75003441.97,56000000,90000000,7800000000,2191,DIRECT,listing,metraj_all,3
f4cd0d06-ed3d-d7ba-33b2-45faa2684b47,272903:12,12,منطقه 12,MUNICIPAL_AREA,2026-05-22,1405-03,303,خرداد - 1405,83166666.67,83169728.07,65000000,98400000,8700000000,3937,DIRECT,listing,metraj_all,3
f4cd0d06-ed3d-d7ba-33b2-45faa2684b47,272903:12,12,منطقه 12,MUNICIPAL_AREA,2026-06-22,1405-04,304,تیر - 1405,84000000,84009235.74,66250000,99145299.15,8800000000,4321,DIRECT,listing,metraj_all,3
f4cd0d06-ed3d-d7ba-33b2-45faa2684b47,272903:12,12,منطقه 12,MUNICIPAL_AREA,2026-07-23,1405-05,305,مرداد - 1405,86379097.09,86401634.5,68241106.72,101086956.52,9100000000,3536,DIRECT,listing,metraj_all,3
19f40bbb-a7c2-78b0-0880-3cd52094356a,272903:13,13,منطقه 13,MUNICIPAL_AREA,2021-08-23,1400-06,246,شهریور - 1400,13362068.97,16379123.95,12395320.2,14181034.49,1550000000,3,MODELED,listing,metraj_all,3
19f40bbb-a7c2-78b0-0880-3cd52094356a,272903:13,13,منطقه 13,MUNICIPAL_AREA,2021-10-23,1400-08,248,آبان - 1400,26570048.31,20578110.93,26570048.31,26570048.31,5500000000,1,MODELED,listing,metraj_all,3
19f40bbb-a7c2-78b0-0880-3cd52094356a,272903:13,13,منطقه 13,MUNICIPAL_AREA,2021-11-22,1400-09,249,آذر - 1400,26570048.31,23102809.06,26570048.31,26570048.31,5500000000,1,MODELED,listing,metraj_all,3
19f40bbb-a7c2-78b0-0880-3cd52094356a,272903:13,13,منطقه 13,MUNICIPAL_AREA,2021-12-22,1400-10,250,دی - 1400,26570048.31,20532540.34,26570048.31,26570048.31,5500000000,1,MODELED,listing,metraj_all,3
19f40bbb-a7c2-78b0-0880-3cd52094356a,272903:13,13,منطقه 13,MUNICIPAL_AREA,2022-02-20,1400-12,252,اسفند - 1400,28191489.36,19970435.94,28191489.36,28191489.36,2650000000,1,MODELED,listing,metraj_all,3
19f40bbb-a7c2-78b0-0880-3cd52094356a,272903:13,13,منطقه 13,MUNICIPAL_AREA,2022-03-21,1401-01,253,فروردین - 1401,31608435.04,21294281.2,29899962.2,33316907.87,4775000000,2,MODELED,listing,metraj_all,3
19f40bbb-a7c2-78b0-0880-3cd52094356a,272903:13,13,منطقه 13,MUNICIPAL_AREA,2022-04-21,1401-02,254,اردیبهشت - 1401,31608435.04,24639191,29899962.2,33316907.87,4775000000,2,MODELED,listing,metraj_all,3
19f40bbb-a7c2-78b0-0880-3cd52094356a,272903:13,13,منطقه 13,MUNICIPAL_AREA,2022-05-22,1401-03,255,خرداد - 1401,35025380.71,23557247.33,35025380.71,35025380.71,6900000000,1,MODELED,listing,metraj_all,3
19f40bbb-a7c2-78b0-0880-3cd52094356a,272903:13,13,منطقه 13,MUNICIPAL_AREA,2022-11-22,1401-09,261,آذر - 1401,33810344.83,33054574.62,24517404.13,40250000,4100000000,56,DIRECT,listing,metraj_all,3
19f40bbb-a7c2-78b0-0880-3cd52094356a,272903:13,13,منطقه 13,MUNICIPAL_AREA,2022-12-22,1401-10,262,دی - 1401,37000000,36906414.84,26681547.62,44096590.91,4450000000,139,DIRECT,listing,metraj_all,3
19f40bbb-a7c2-78b0-0880-3cd52094356a,272903:13,13,منطقه 13,MUNICIPAL_AREA,2023-01-21,1401-11,263,بهمن - 1401,38000000,37948483.42,30961265.1,45081967.21,4600000000,587,DIRECT,listing,metraj_all,3
19f40bbb-a7c2-78b0-0880-3cd52094356a,272903:13,13,منطقه 13,MUNICIPAL_AREA,2023-02-20,1401-12,264,اسفند - 1401,39460227.28,39401071.75,32499242.43,47000000,4700000000,744,DIRECT,listing,metraj_all,3
19f40bbb-a7c2-78b0-0880-3cd52094356a,272903:13,13,منطقه 13,MUNICIPAL_AREA,2023-03-21,1402-01,265,فروردین - 1402,39843750,39761551.73,32500000,47000000,4750000000,661,DIRECT,listing,metraj_all,3
19f40bbb-a7c2-78b0-0880-3cd52094356a,272903:13,13,منطقه 13,MUNICIPAL_AREA,2023-04-21,1402-02,266,اردیبهشت - 1402,45769230.77,45659667.33,37018518.52,55555555.56,5600000000,787,DIRECT,listing,metraj_all,3
19f40bbb-a7c2-78b0-0880-3cd52094356a,272903:13,13,منطقه 13,MUNICIPAL_AREA,2023-05-22,1402-03,267,خرداد - 1402,49019607.84,48932135.45,39062500,59259259.26,6000000000,1229,DIRECT,listing,metraj_all,3
19f40bbb-a7c2-78b0-0880-3cd52094356a,272903:13,13,منطقه 13,MUNICIPAL_AREA,2023-06-22,1402-04,268,تیر - 1402,48875126.39,48817137.43,38888888.89,60000000,5985000000,1842,DIRECT,listing,metraj_all,3
19f40bbb-a7c2-78b0-0880-3cd52094356a,272903:13,13,منطقه 13,MUNICIPAL_AREA,2023-07-23,1402-05,269,مرداد - 1402,50000000,49931779.36,39252336.45,60714285.71,5980000000,1749,DIRECT,listing,metraj_all,3
19f40bbb-a7c2-78b0-0880-3cd52094356a,272903:13,13,منطقه 13,MUNICIPAL_AREA,2023-08-23,1402-06,270,شهریور - 1402,50000000,49918533.12,38608590.45,61332029.98,5700000000,1471,DIRECT,listing,metraj_all,3
19f40bbb-a7c2-78b0-0880-3cd52094356a,272903:13,13,منطقه 13,MUNICIPAL_AREA,2023-09-23,1402-07,271,مهر - 1402,50444706.81,50338350.82,39254067.15,62058053.26,5798000000,1170,DIRECT,listing,metraj_all,3
19f40bbb-a7c2-78b0-0880-3cd52094356a,272903:13,13,منطقه 13,MUNICIPAL_AREA,2023-10-23,1402-08,272,آبان - 1402,50000000,49889094.25,39248366.01,61497994.65,5600000000,1072,DIRECT,listing,metraj_all,3
19f40bbb-a7c2-78b0-0880-3cd52094356a,272903:13,13,منطقه 13,MUNICIPAL_AREA,2023-11-22,1402-09,273,آذر - 1402,50000000,49898469.01,40000000,63041666.67,5700000000,1154,DIRECT,listing,metraj_all,3
19f40bbb-a7c2-78b0-0880-3cd52094356a,272903:13,13,منطقه 13,MUNICIPAL_AREA,2023-12-22,1402-10,274,دی - 1402,50000000,49914084.57,40000000,63055555.56,5600000000,1341,DIRECT,listing,metraj_all,3
19f40bbb-a7c2-78b0-0880-3cd52094356a,272903:13,13,منطقه 13,MUNICIPAL_AREA,2024-01-21,1402-11,275,بهمن - 1402,51339285.72,51253468.93,40148859.13,64701286.76,5825000000,1434,DIRECT,listing,metraj_all,3
19f40bbb-a7c2-78b0-0880-3cd52094356a,272903:13,13,منطقه 13,MUNICIPAL_AREA,2024-02-20,1402-12,276,اسفند - 1402,50421052.63,50335835.69,40000000,64378217.82,5860000000,1279,DIRECT,listing,metraj_all,3
19f40bbb-a7c2-78b0-0880-3cd52094356a,272903:13,13,منطقه 13,MUNICIPAL_AREA,2024-03-20,1403-01,277,فروردین - 1403,50441857.8,50350262.57,40782828.28,64966216.22,6000000000,1130,DIRECT,listing,metraj_all,3
19f40bbb-a7c2-78b0-0880-3cd52094356a,272903:13,13,منطقه 13,MUNICIPAL_AREA,2024-04-20,1403-02,278,اردیبهشت - 1403,50505050.51,50415340.44,41666666.67,65254237.29,6000000000,1161,DIRECT,listing,metraj_all,3
19f40bbb-a7c2-78b0-0880-3cd52094356a,272903:13,13,منطقه 13,MUNICIPAL_AREA,2024-05-21,1403-03,279,خرداد - 1403,52693742.23,52597313.54,42857142.86,66390909.09,6062500000,1270,DIRECT,listing,metraj_all,3
19f40bbb-a7c2-78b0-0880-3cd52094356a,272903:13,13,منطقه 13,MUNICIPAL_AREA,2024-06-21,1403-04,280,تیر - 1403,53324829.93,53223228.15,43323170.73,67036088.91,6100000000,1212,DIRECT,listing,metraj_all,3
19f40bbb-a7c2-78b0-0880-3cd52094356a,272903:13,13,منطقه 13,MUNICIPAL_AREA,2024-07-22,1403-05,281,مرداد - 1403,53571428.57,53395233.12,43589743.59,66666666.67,6075000000,705,DIRECT,listing,metraj_all,3
19f40bbb-a7c2-78b0-0880-3cd52094356a,272903:13,13,منطقه 13,MUNICIPAL_AREA,2024-08-22,1403-06,282,شهریور - 1403,54833333.34,54383555.75,42936507.94,66505376.34,5960000000,292,DIRECT,listing,metraj_all,3
19f40bbb-a7c2-78b0-0880-3cd52094356a,272903:13,13,منطقه 13,MUNICIPAL_AREA,2024-11-21,1403-09,285,آذر - 1403,51999997.95,51731541.78,39000000,66444447.29,6000000000,437,DIRECT,listing,metraj_all,3
19f40bbb-a7c2-78b0-0880-3cd52094356a,272903:13,13,منطقه 13,MUNICIPAL_AREA,2024-12-21,1403-10,286,دی - 1403,51111111.11,50984126.99,38157894.06,67499997.87,5950000128,865,DIRECT,listing,metraj_all,3
19f40bbb-a7c2-78b0-0880-3cd52094356a,272903:13,13,منطقه 13,MUNICIPAL_AREA,2025-01-20,1403-11,287,بهمن - 1403,53061224.49,52971672.84,39919355.87,68306009.53,6000000000,1401,DIRECT,listing,metraj_all,3
19f40bbb-a7c2-78b0-0880-3cd52094356a,272903:13,13,منطقه 13,MUNICIPAL_AREA,2025-02-19,1403-12,288,اسفند - 1403,54000001.02,53901392.96,40000000,69473684.21,6200000000,1283,DIRECT,listing,metraj_all,3
19f40bbb-a7c2-78b0-0880-3cd52094356a,272903:13,13,منطقه 13,MUNICIPAL_AREA,2025-03-21,1404-01,289,فروردین - 1404,55496563.65,55378265.72,41502359.45,71175485.41,6499999744,1122,DIRECT,listing,metraj_all,3
19f40bbb-a7c2-78b0-0880-3cd52094356a,272903:13,13,منطقه 13,MUNICIPAL_AREA,2025-04-21,1404-02,290,اردیبهشت - 1404,56733334.76,56635740.2,40977272.73,73382355.5,6600000000,1220,DIRECT,listing,metraj_all,3
19f40bbb-a7c2-78b0-0880-3cd52094356a,272903:13,13,منطقه 13,MUNICIPAL_AREA,2025-05-22,1404-03,291,خرداد - 1404,55000000,54938788.89,39727633.48,71428571.43,6499999744,1507,DIRECT,listing,metraj_all,3
19f40bbb-a7c2-78b0-0880-3cd52094356a,272903:13,13,منطقه 13,MUNICIPAL_AREA,2025-06-22,1404-04,292,تیر - 1404,54274640.09,54232175.26,37500000,70503205.13,6250000000,1944,DIRECT,listing,metraj_all,3
19f40bbb-a7c2-78b0-0880-3cd52094356a,272903:13,13,منطقه 13,MUNICIPAL_AREA,2025-07-23,1404-05,293,مرداد - 1404,53750000,53711671.61,35000000,71042108.99,6000000000,2012,DIRECT,listing,metraj_all,3
19f40bbb-a7c2-78b0-0880-3cd52094356a,272903:13,13,منطقه 13,MUNICIPAL_AREA,2025-08-23,1404-06,294,شهریور - 1404,55000000,54961694.1,33333333.33,73043478.26,6000000000,2198,DIRECT,listing,metraj_all,3
19f40bbb-a7c2-78b0-0880-3cd52094356a,272903:13,13,منطقه 13,MUNICIPAL_AREA,2025-09-23,1404-07,295,مهر - 1404,55270467.84,55236784.78,33000000,74136622.39,6100000000,2336,DIRECT,listing,metraj_all,3
19f40bbb-a7c2-78b0-0880-3cd52094356a,272903:13,13,منطقه 13,MUNICIPAL_AREA,2025-10-23,1404-08,296,آبان - 1404,57142857.14,57109086.26,35135135.14,75000000,6400000000,2563,DIRECT,listing,metraj_all,3
19f40bbb-a7c2-78b0-0880-3cd52094356a,272903:13,13,منطقه 13,MUNICIPAL_AREA,2025-11-22,1404-09,297,آذر - 1404,60000000,59963807.46,40000000,77333333.33,6800000000,2753,DIRECT,listing,metraj_all,3
19f40bbb-a7c2-78b0-0880-3cd52094356a,272903:13,13,منطقه 13,MUNICIPAL_AREA,2025-12-22,1404-10,298,دی - 1404,63284313.73,63244522.82,42428646.93,80353327.23,7200000000,2790,DIRECT,listing,metraj_all,3
19f40bbb-a7c2-78b0-0880-3cd52094356a,272903:13,13,منطقه 13,MUNICIPAL_AREA,2026-01-21,1404-11,299,بهمن - 1404,66240638.23,66210514.47,44117647.06,85000000,7500000000,3076,DIRECT,listing,metraj_all,3
19f40bbb-a7c2-78b0-0880-3cd52094356a,272903:13,13,منطقه 13,MUNICIPAL_AREA,2026-02-20,1404-12,300,اسفند - 1404,67441860.47,67412662.79,38352713.18,87633053.22,7600000000,2515,DIRECT,listing,metraj_all,3
19f40bbb-a7c2-78b0-0880-3cd52094356a,272903:13,13,منطقه 13,MUNICIPAL_AREA,2026-03-21,1405-01,301,فروردین - 1405,65402588.07,65401377.5,11666666.67,90742136.3,7500000000,2064,DIRECT,listing,metraj_all,3
19f40bbb-a7c2-78b0-0880-3cd52094356a,272903:13,13,منطقه 13,MUNICIPAL_AREA,2026-04-21,1405-02,302,اردیبهشت - 1405,72107174.72,72124775.5,7770833.34,111906250,8075000000,2064,DIRECT,listing,metraj_all,3
19f40bbb-a7c2-78b0-0880-3cd52094356a,272903:13,13,منطقه 13,MUNICIPAL_AREA,2026-05-22,1405-03,303,خرداد - 1405,89163405.09,89147358.16,12896520.9,126446347.77,10000000000,2974,DIRECT,listing,metraj_all,3
19f40bbb-a7c2-78b0-0880-3cd52094356a,272903:13,13,منطقه 13,MUNICIPAL_AREA,2026-06-22,1405-04,304,تیر - 1405,95000000,94976798.15,33923076.93,130942773.3,11000000000,3007,DIRECT,listing,metraj_all,3
19f40bbb-a7c2-78b0-0880-3cd52094356a,272903:13,13,منطقه 13,MUNICIPAL_AREA,2026-07-23,1405-05,305,مرداد - 1405,100000000,99976901.36,43213562.76,138792270.53,11500000000,2427,DIRECT,listing,metraj_all,3
95e3ecd4-5c93-71a0-3779-f946ba217117,272903:14,14,منطقه 14,MUNICIPAL_AREA,2021-08-23,1400-06,246,شهریور - 1400,13333333.33,16925067.07,13333333.33,13333333.33,4000000000,1,MODELED,listing,metraj_all,3
95e3ecd4-5c93-71a0-3779-f946ba217117,272903:14,14,منطقه 14,MUNICIPAL_AREA,2021-12-22,1400-10,250,دی - 1400,14404761.91,18350495.93,11692194.41,17000000,1485000000,4,MODELED,listing,metraj_all,3
95e3ecd4-5c93-71a0-3779-f946ba217117,272903:14,14,منطقه 14,MUNICIPAL_AREA,2022-01-21,1400-11,251,بهمن - 1400,17000000,18464406.77,11809523.81,17000000,1870000000,5,MODELED,listing,metraj_all,3
95e3ecd4-5c93-71a0-3779-f946ba217117,272903:14,14,منطقه 14,MUNICIPAL_AREA,2022-02-20,1400-12,252,اسفند - 1400,17000000,18432220.4,11809523.81,17000000,1870000000,5,MODELED,listing,metraj_all,3
95e3ecd4-5c93-71a0-3779-f946ba217117,272903:14,14,منطقه 14,MUNICIPAL_AREA,2022-03-21,1401-01,253,فروردین - 1401,17483870.97,19072579.57,17483870.97,17483870.97,2710000000,1,MODELED,listing,metraj_all,3
95e3ecd4-5c93-71a0-3779-f946ba217117,272903:14,14,منطقه 14,MUNICIPAL_AREA,2022-11-22,1401-09,261,آذر - 1401,18611111.11,23473563.65,15446428.57,21449742.27,1700000000,11,MODELED,listing,metraj_all,3
95e3ecd4-5c93-71a0-3779-f946ba217117,272903:14,14,منطقه 14,MUNICIPAL_AREA,2022-12-22,1401-10,262,دی - 1401,21250000,25472229.73,16686303.39,25000000,1700000000,24,MODELED,listing,metraj_all,3
95e3ecd4-5c93-71a0-3779-f946ba217117,272903:14,14,منطقه 14,MUNICIPAL_AREA,2023-01-21,1401-11,263,بهمن - 1401,23032258.06,24031602.8,16867469.88,28421052.63,2000000000,109,DIRECT,listing,metraj_all,3
95e3ecd4-5c93-71a0-3779-f946ba217117,272903:14,14,منطقه 14,MUNICIPAL_AREA,2023-02-20,1401-12,264,اسفند - 1401,24358974.36,24953439.5,17500000,30000000,2200000000,169,DIRECT,listing,metraj_all,3
95e3ecd4-5c93-71a0-3779-f946ba217117,272903:14,14,منطقه 14,MUNICIPAL_AREA,2023-03-21,1402-01,265,فروردین - 1402,24340504.13,24942175.34,17435344.83,30000000,2200000000,156,DIRECT,listing,metraj_all,3
95e3ecd4-5c93-71a0-3779-f946ba217117,272903:14,14,منطقه 14,MUNICIPAL_AREA,2023-04-21,1402-02,266,اردیبهشت - 1402,29411764.71,29739029.09,22222222.22,34471109.04,2800000000,223,DIRECT,listing,metraj_all,3
95e3ecd4-5c93-71a0-3779-f946ba217117,272903:14,14,منطقه 14,MUNICIPAL_AREA,2023-05-22,1402-03,267,خرداد - 1402,30081989.25,30318825.19,24427083.33,35000000,2900000000,332,DIRECT,listing,metraj_all,3
95e3ecd4-5c93-71a0-3779-f946ba217117,272903:14,14,منطقه 14,MUNICIPAL_AREA,2023-06-22,1402-04,268,تیر - 1402,30841121.5,30978493.44,24545454.55,36086956.52,2950000000,521,DIRECT,listing,metraj_all,3
95e3ecd4-5c93-71a0-3779-f946ba217117,272903:14,14,منطقه 14,MUNICIPAL_AREA,2023-07-23,1402-05,269,مرداد - 1402,31345615.17,31465298.15,25000000,37000000,3000000000,546,DIRECT,listing,metraj_all,3
95e3ecd4-5c93-71a0-3779-f946ba217117,272903:14,14,منطقه 14,MUNICIPAL_AREA,2023-08-23,1402-06,270,شهریور - 1402,32075471.7,32198825.02,26000000,37500000,3095000000,465,DIRECT,listing,metraj_all,3
95e3ecd4-5c93-71a0-3779-f946ba217117,272903:14,14,منطقه 14,MUNICIPAL_AREA,2023-09-23,1402-07,271,مهر - 1402,32051282.05,32198471.43,26000000,37018518.52,3050000000,387,DIRECT,listing,metraj_all,3
95e3ecd4-5c93-71a0-3779-f946ba217117,272903:14,14,منطقه 14,MUNICIPAL_AREA,2023-10-23,1402-08,272,آبان - 1402,31866703.54,32033369.15,25473887.81,37053376.91,2900000000,358,DIRECT,listing,metraj_all,3
95e3ecd4-5c93-71a0-3779-f946ba217117,272903:14,14,منطقه 14,MUNICIPAL_AREA,2023-11-22,1402-09,273,آذر - 1402,31578947.37,31729697.26,24704411.76,37042483.66,2775500000,428,DIRECT,listing,metraj_all,3
95e3ecd4-5c93-71a0-3779-f946ba217117,272903:14,14,منطقه 14,MUNICIPAL_AREA,2023-12-22,1402-10,274,دی - 1402,31000000,31141896.83,24702941.18,36984848.49,2750000000,511,DIRECT,listing,metraj_all,3
95e3ecd4-5c93-71a0-3779-f946ba217117,272903:14,14,منطقه 14,MUNICIPAL_AREA,2024-01-21,1402-11,275,بهمن - 1402,30263157.89,30424573.95,23728956.23,36543090.06,2700000000,528,DIRECT,listing,metraj_all,3
95e3ecd4-5c93-71a0-3779-f946ba217117,272903:14,14,منطقه 14,MUNICIPAL_AREA,2024-02-20,1402-12,276,اسفند - 1402,29584650.76,29786534.75,23601391.12,36915306.92,2700000000,478,DIRECT,listing,metraj_all,3
95e3ecd4-5c93-71a0-3779-f946ba217117,272903:14,14,منطقه 14,MUNICIPAL_AREA,2024-03-20,1403-01,277,فروردین - 1403,28640776.7,28917156.87,22435897.44,38000000,2600000000,401,DIRECT,listing,metraj_all,3
95e3ecd4-5c93-71a0-3779-f946ba217117,272903:14,14,منطقه 14,MUNICIPAL_AREA,2024-04-20,1403-02,278,اردیبهشت - 1403,31707317.07,31888776.24,23750000,40916666.67,2700000000,447,DIRECT,listing,metraj_all,3
95e3ecd4-5c93-71a0-3779-f946ba217117,272903:14,14,منطقه 14,MUNICIPAL_AREA,2024-05-21,1403-03,279,خرداد - 1403,32543103.45,32693252.8,25000000,41634615.39,2750000000,510,DIRECT,listing,metraj_all,3
95e3ecd4-5c93-71a0-3779-f946ba217117,272903:14,14,منطقه 14,MUNICIPAL_AREA,2024-06-21,1403-04,280,تیر - 1403,33333333.33,33480721.63,25283730.16,41830303.03,2800000000,504,DIRECT,listing,metraj_all,3
95e3ecd4-5c93-71a0-3779-f946ba217117,272903:14,14,منطقه 14,MUNICIPAL_AREA,2024-07-22,1403-05,281,مرداد - 1403,32631578.95,32906888.36,25555555.56,41452991.45,2800000000,293,DIRECT,listing,metraj_all,3
95e3ecd4-5c93-71a0-3779-f946ba217117,272903:14,14,منطقه 14,MUNICIPAL_AREA,2024-08-22,1403-06,282,شهریور - 1403,30000000,30929756.22,24749373.44,40000000,2800000000,111,DIRECT,listing,metraj_all,3
95e3ecd4-5c93-71a0-3779-f946ba217117,272903:14,14,منطقه 14,MUNICIPAL_AREA,2024-09-22,1403-07,283,مهر - 1403,27722772.28,59261578.33,27722772.28,27722772.28,2800000000,1,MODELED,listing,metraj_all,3
95e3ecd4-5c93-71a0-3779-f946ba217117,272903:14,14,منطقه 14,MUNICIPAL_AREA,2024-10-22,1403-08,284,آبان - 1403,27722772.28,50473593.73,27722772.28,27722772.28,2800000000,1,MODELED,listing,metraj_all,3
95e3ecd4-5c93-71a0-3779-f946ba217117,272903:14,14,منطقه 14,MUNICIPAL_AREA,2024-11-21,1403-09,285,آذر - 1403,30434782.61,30777622.2,23750000.64,40000000,3000000000,269,DIRECT,listing,metraj_all,3
95e3ecd4-5c93-71a0-3779-f946ba217117,272903:14,14,منطقه 14,MUNICIPAL_AREA,2024-12-21,1403-10,286,دی - 1403,30757143.11,30936268.26,23750000,40000000,3000000000,506,DIRECT,listing,metraj_all,3
95e3ecd4-5c93-71a0-3779-f946ba217117,272903:14,14,منطقه 14,MUNICIPAL_AREA,2025-01-20,1403-11,287,بهمن - 1403,30395963.5,30518874.33,23000000.25,39989582.93,2988800000,806,DIRECT,listing,metraj_all,3
95e3ecd4-5c93-71a0-3779-f946ba217117,272903:14,14,منطقه 14,MUNICIPAL_AREA,2025-02-19,1403-12,288,اسفند - 1403,30481997.68,30626340.6,22423650.82,40000000,2978799872,736,DIRECT,listing,metraj_all,3
95e3ecd4-5c93-71a0-3779-f946ba217117,272903:14,14,منطقه 14,MUNICIPAL_AREA,2025-03-21,1404-01,289,فروردین - 1404,30487804.88,30669611.35,22421876,41176470.59,3000000000,629,DIRECT,listing,metraj_all,3
95e3ecd4-5c93-71a0-3779-f946ba217117,272903:14,14,منطقه 14,MUNICIPAL_AREA,2025-04-21,1404-02,290,اردیبهشت - 1404,32000000,32156570.77,23145604.4,43043478.82,3400000000,803,DIRECT,listing,metraj_all,3
95e3ecd4-5c93-71a0-3779-f946ba217117,272903:14,14,منطقه 14,MUNICIPAL_AREA,2025-05-22,1404-03,291,خرداد - 1404,31666666.67,31799819.35,23000000,42920353.98,3400000000,1045,DIRECT,listing,metraj_all,3
95e3ecd4-5c93-71a0-3779-f946ba217117,272903:14,14,منطقه 14,MUNICIPAL_AREA,2025-06-22,1404-04,292,تیر - 1404,31958762.89,32056044.28,23000000,43060200.67,3400000000,1431,DIRECT,listing,metraj_all,3
95e3ecd4-5c93-71a0-3779-f946ba217117,272903:14,14,منطقه 14,MUNICIPAL_AREA,2025-07-23,1404-05,293,مرداد - 1404,32158385.09,32255315.17,23069230.77,42857142.86,3250000000,1418,DIRECT,listing,metraj_all,3
95e3ecd4-5c93-71a0-3779-f946ba217117,272903:14,14,منطقه 14,MUNICIPAL_AREA,2025-08-23,1404-06,294,شهریور - 1404,34572727.28,34648291.23,24444444.44,44000000,3300000000,1574,DIRECT,listing,metraj_all,3
95e3ecd4-5c93-71a0-3779-f946ba217117,272903:14,14,منطقه 14,MUNICIPAL_AREA,2025-09-23,1404-07,295,مهر - 1404,35491935.49,35564708.07,24761904.76,44635989.01,3341500000,1622,DIRECT,listing,metraj_all,3
95e3ecd4-5c93-71a0-3779-f946ba217117,272903:14,14,منطقه 14,MUNICIPAL_AREA,2025-10-23,1404-08,296,آبان - 1404,35669642.86,35740902.42,25000000,45454545.45,3300000000,1784,DIRECT,listing,metraj_all,3
95e3ecd4-5c93-71a0-3779-f946ba217117,272903:14,14,منطقه 14,MUNICIPAL_AREA,2025-11-22,1404-09,297,آذر - 1404,36153846.15,36231589.86,25833333.33,46086956.52,3350000000,1771,DIRECT,listing,metraj_all,3
95e3ecd4-5c93-71a0-3779-f946ba217117,272903:14,14,منطقه 14,MUNICIPAL_AREA,2025-12-22,1404-10,298,دی - 1404,37553191.49,37639164.77,26666666.67,48103941.19,3450000000,1687,DIRECT,listing,metraj_all,3
95e3ecd4-5c93-71a0-3779-f946ba217117,272903:14,14,منطقه 14,MUNICIPAL_AREA,2026-01-21,1404-11,299,بهمن - 1404,40833333.33,40912581.3,28867521.37,52447552.45,3800000000,2023,DIRECT,listing,metraj_all,3
95e3ecd4-5c93-71a0-3779-f946ba217117,272903:14,14,منطقه 14,MUNICIPAL_AREA,2026-02-20,1404-12,300,اسفند - 1404,43333333.33,43432363.58,30000000,55000000,4000000000,1680,DIRECT,listing,metraj_all,3
95e3ecd4-5c93-71a0-3779-f946ba217117,272903:14,14,منطقه 14,MUNICIPAL_AREA,2026-03-21,1405-01,301,فروردین - 1405,45137036.14,45290993.68,31584210.53,57500000,4150000000,1290,DIRECT,listing,metraj_all,3
95e3ecd4-5c93-71a0-3779-f946ba217117,272903:14,14,منطقه 14,MUNICIPAL_AREA,2026-04-21,1405-02,302,اردیبهشت - 1405,52768018.02,53005023.78,36043269.23,72656947.89,4850000000,960,DIRECT,listing,metraj_all,3
95e3ecd4-5c93-71a0-3779-f946ba217117,272903:14,14,منطقه 14,MUNICIPAL_AREA,2026-05-22,1405-03,303,خرداد - 1405,58252427.18,58420634.35,40000000,80604629.92,5800000000,1543,DIRECT,listing,metraj_all,3
95e3ecd4-5c93-71a0-3779-f946ba217117,272903:14,14,منطقه 14,MUNICIPAL_AREA,2026-06-22,1405-04,304,تیر - 1405,60000000,60162885.4,40000000,82608695.65,6000000000,1709,DIRECT,listing,metraj_all,3
95e3ecd4-5c93-71a0-3779-f946ba217117,272903:14,14,منطقه 14,MUNICIPAL_AREA,2026-07-23,1405-05,305,مرداد - 1405,62500000,62730114.53,42182539.68,85120759.06,6000000000,1375,DIRECT,listing,metraj_all,3
ea4bce18-bc5d-933c-55e3-da2df6ee6e43,272903:15,15,منطقه 15,MUNICIPAL_AREA,2021-08-23,1400-06,246,شهریور - 1400,17090909.09,17229002.91,13000000,19136363.64,1795000000,4,MODELED,listing,metraj_all,3
ea4bce18-bc5d-933c-55e3-da2df6ee6e43,272903:15,15,منطقه 15,MUNICIPAL_AREA,2021-09-23,1400-07,247,مهر - 1400,21090909.09,19644761.26,19136363.64,23045454.55,2882500000,2,MODELED,listing,metraj_all,3
ea4bce18-bc5d-933c-55e3-da2df6ee6e43,272903:15,15,منطقه 15,MUNICIPAL_AREA,2021-10-23,1400-08,248,آبان - 1400,25000000,20435379.26,25000000,25000000,3875000000,1,MODELED,listing,metraj_all,3
ea4bce18-bc5d-933c-55e3-da2df6ee6e43,272903:15,15,منطقه 15,MUNICIPAL_AREA,2022-11-22,1401-09,261,آذر - 1401,17018315.02,23576063.04,7928082.19,20670560.75,2150000000,8,MODELED,listing,metraj_all,3
ea4bce18-bc5d-933c-55e3-da2df6ee6e43,272903:15,15,منطقه 15,MUNICIPAL_AREA,2022-12-22,1401-10,262,دی - 1401,18611683.85,22860158.16,12514478.76,26375000,2150000000,30,DIRECT,listing,metraj_all,3
ea4bce18-bc5d-933c-55e3-da2df6ee6e43,272903:15,15,منطقه 15,MUNICIPAL_AREA,2023-01-21,1401-11,263,بهمن - 1401,20900537.64,21996156.61,13021235.52,27326388.89,2250000000,118,DIRECT,listing,metraj_all,3
ea4bce18-bc5d-933c-55e3-da2df6ee6e43,272903:15,15,منطقه 15,MUNICIPAL_AREA,2023-02-20,1401-12,264,اسفند - 1401,22173913.04,22906826.6,14000000,28160919.54,2400000000,165,DIRECT,listing,metraj_all,3
ea4bce18-bc5d-933c-55e3-da2df6ee6e43,272903:15,15,منطقه 15,MUNICIPAL_AREA,2023-03-21,1402-01,265,فروردین - 1402,22727272.73,23485506.29,14272727.28,28099151.36,2450000000,143,DIRECT,listing,metraj_all,3
ea4bce18-bc5d-933c-55e3-da2df6ee6e43,272903:15,15,منطقه 15,MUNICIPAL_AREA,2023-04-21,1402-02,266,اردیبهشت - 1402,27376821.65,27772731.62,19334415.59,34093750,2500000000,234,DIRECT,listing,metraj_all,3
ea4bce18-bc5d-933c-55e3-da2df6ee6e43,272903:15,15,منطقه 15,MUNICIPAL_AREA,2023-05-22,1402-03,267,خرداد - 1402,29000000,29250184.7,20000000,36000000,2700000000,357,DIRECT,listing,metraj_all,3
ea4bce18-bc5d-933c-55e3-da2df6ee6e43,272903:15,15,منطقه 15,MUNICIPAL_AREA,2023-06-22,1402-04,268,تیر - 1402,29126213.59,29294612.8,21052631.58,36111111.11,2800000000,525,DIRECT,listing,metraj_all,3
ea4bce18-bc5d-933c-55e3-da2df6ee6e43,272903:15,15,منطقه 15,MUNICIPAL_AREA,2023-07-23,1402-05,269,مرداد - 1402,30000000,30152671.54,23929334.56,37116402.12,3000000000,514,DIRECT,listing,metraj_all,3
ea4bce18-bc5d-933c-55e3-da2df6ee6e43,272903:15,15,منطقه 15,MUNICIPAL_AREA,2023-08-23,1402-06,270,شهریور - 1402,31237541.53,31373663.74,24705882.35,39131443.3,3225000000,482,DIRECT,listing,metraj_all,3
ea4bce18-bc5d-933c-55e3-da2df6ee6e43,272903:15,15,منطقه 15,MUNICIPAL_AREA,2023-09-23,1402-07,271,مهر - 1402,31503496.51,31641834.26,25000000,37185501.07,3300000000,452,DIRECT,listing,metraj_all,3
ea4bce18-bc5d-933c-55e3-da2df6ee6e43,272903:15,15,منطقه 15,MUNICIPAL_AREA,2023-10-23,1402-08,272,آبان - 1402,30090916.57,30267458.57,21428571.43,35294117.65,3100000000,438,DIRECT,listing,metraj_all,3
ea4bce18-bc5d-933c-55e3-da2df6ee6e43,272903:15,15,منطقه 15,MUNICIPAL_AREA,2023-11-22,1402-09,273,آذر - 1402,29090909.09,29302817.8,20301939.47,33954022.99,3000000000,419,DIRECT,listing,metraj_all,3
ea4bce18-bc5d-933c-55e3-da2df6ee6e43,272903:15,15,منطقه 15,MUNICIPAL_AREA,2023-12-22,1402-10,274,دی - 1402,30000000,30195636.95,21380952.38,35000000,3100000000,419,DIRECT,listing,metraj_all,3
ea4bce18-bc5d-933c-55e3-da2df6ee6e43,272903:15,15,منطقه 15,MUNICIPAL_AREA,2024-01-21,1402-11,275,بهمن - 1402,30389393.94,30596107.65,23054818.75,37948275.86,3300000000,404,DIRECT,listing,metraj_all,3
ea4bce18-bc5d-933c-55e3-da2df6ee6e43,272903:15,15,منطقه 15,MUNICIPAL_AREA,2024-02-20,1402-12,276,اسفند - 1402,30824713.19,31047818.8,23999890.33,38888888.89,3300000000,376,DIRECT,listing,metraj_all,3
ea4bce18-bc5d-933c-55e3-da2df6ee6e43,272903:15,15,منطقه 15,MUNICIPAL_AREA,2024-03-20,1403-01,277,فروردین - 1403,31000000,31221130.27,22786458.33,39041095.89,3100000000,397,DIRECT,listing,metraj_all,3
ea4bce18-bc5d-933c-55e3-da2df6ee6e43,272903:15,15,منطقه 15,MUNICIPAL_AREA,2024-04-20,1403-02,278,اردیبهشت - 1403,31000000,31168539.35,22727272.73,36967391.31,3200000000,524,DIRECT,listing,metraj_all,3
ea4bce18-bc5d-933c-55e3-da2df6ee6e43,272903:15,15,منطقه 15,MUNICIPAL_AREA,2024-05-21,1403-03,279,خرداد - 1403,31589473.69,31723439.99,22712121.22,37180390.03,3200000000,644,DIRECT,listing,metraj_all,3
ea4bce18-bc5d-933c-55e3-da2df6ee6e43,272903:15,15,منطقه 15,MUNICIPAL_AREA,2024-06-21,1403-04,280,تیر - 1403,31707317.07,31856454.43,22988505.75,37280431.43,3300000000,607,DIRECT,listing,metraj_all,3
ea4bce18-bc5d-933c-55e3-da2df6ee6e43,272903:15,15,منطقه 15,MUNICIPAL_AREA,2024-07-22,1403-05,281,مرداد - 1403,32000000,32254927.68,22681818.19,37759562.84,3200000000,342,DIRECT,listing,metraj_all,3
ea4bce18-bc5d-933c-55e3-da2df6ee6e43,272903:15,15,منطقه 15,MUNICIPAL_AREA,2024-08-22,1403-06,282,شهریور - 1403,31494623.66,32228114.38,23071852.34,39756097.56,3200000000,123,DIRECT,listing,metraj_all,3
ea4bce18-bc5d-933c-55e3-da2df6ee6e43,272903:15,15,منطقه 15,MUNICIPAL_AREA,2024-09-22,1403-07,283,مهر - 1403,52083333.33,61476174.79,52083333.33,52083333.33,2500000000,1,MODELED,listing,metraj_all,3
ea4bce18-bc5d-933c-55e3-da2df6ee6e43,272903:15,15,منطقه 15,MUNICIPAL_AREA,2024-11-21,1403-09,285,آذر - 1403,31000000,31303030.54,22046511.63,38159767.99,3449999872,287,DIRECT,listing,metraj_all,3
ea4bce18-bc5d-933c-55e3-da2df6ee6e43,272903:15,15,منطقه 15,MUNICIPAL_AREA,2024-12-21,1403-10,286,دی - 1403,31578947.37,31745700.91,22093023.26,38898550.73,3500000000,495,DIRECT,listing,metraj_all,3
ea4bce18-bc5d-933c-55e3-da2df6ee6e43,272903:15,15,منطقه 15,MUNICIPAL_AREA,2025-01-20,1403-11,287,بهمن - 1403,30690477.11,30809196.74,21340909.38,40000000,3500000000,810,DIRECT,listing,metraj_all,3
ea4bce18-bc5d-933c-55e3-da2df6ee6e43,272903:15,15,منطقه 15,MUNICIPAL_AREA,2025-02-19,1403-12,288,اسفند - 1403,31339285.72,31476173.75,21250000,40167660.89,3600000000,714,DIRECT,listing,metraj_all,3
ea4bce18-bc5d-933c-55e3-da2df6ee6e43,272903:15,15,منطقه 15,MUNICIPAL_AREA,2025-03-21,1404-01,289,فروردین - 1404,31538461.54,31704867.47,21000000.67,40999998.97,3649999872,625,DIRECT,listing,metraj_all,3
ea4bce18-bc5d-933c-55e3-da2df6ee6e43,272903:15,15,منطقه 15,MUNICIPAL_AREA,2025-04-21,1404-02,290,اردیبهشت - 1404,32247898.25,32431988.3,22341628.96,42185989.5,3800000000,668,DIRECT,listing,metraj_all,3
ea4bce18-bc5d-933c-55e3-da2df6ee6e43,272903:15,15,منطقه 15,MUNICIPAL_AREA,2025-05-22,1404-03,291,خرداد - 1404,34000000,34152331.27,23636363.64,44133291.62,3800000000,759,DIRECT,listing,metraj_all,3
ea4bce18-bc5d-933c-55e3-da2df6ee6e43,272903:15,15,منطقه 15,MUNICIPAL_AREA,2025-06-22,1404-04,292,تیر - 1404,34000000,34118116.48,24285714.29,44653420.64,3950000064,1004,DIRECT,listing,metraj_all,3
ea4bce18-bc5d-933c-55e3-da2df6ee6e43,272903:15,15,منطقه 15,MUNICIPAL_AREA,2025-07-23,1404-05,293,مرداد - 1404,35384615.38,35491302.66,25000000,45000000,4000000000,985,DIRECT,listing,metraj_all,3
ea4bce18-bc5d-933c-55e3-da2df6ee6e43,272903:15,15,منطقه 15,MUNICIPAL_AREA,2025-08-23,1404-06,294,شهریور - 1404,35526315.79,35625111.67,24090909.09,45000000,4100000000,1105,DIRECT,listing,metraj_all,3
ea4bce18-bc5d-933c-55e3-da2df6ee6e43,272903:15,15,منطقه 15,MUNICIPAL_AREA,2025-09-23,1404-07,295,مهر - 1404,36538461.54,36631742.85,23529411.76,45584415.58,4200000000,1151,DIRECT,listing,metraj_all,3
ea4bce18-bc5d-933c-55e3-da2df6ee6e43,272903:15,15,منطقه 15,MUNICIPAL_AREA,2025-10-23,1404-08,296,آبان - 1404,37383177.57,37470690.86,23971830.99,47000000,4320000000,1255,DIRECT,listing,metraj_all,3
ea4bce18-bc5d-933c-55e3-da2df6ee6e43,272903:15,15,منطقه 15,MUNICIPAL_AREA,2025-11-22,1404-09,297,آذر - 1404,38501824.82,38591935.91,25000000,48849257.29,4455000000,1266,DIRECT,listing,metraj_all,3
ea4bce18-bc5d-933c-55e3-da2df6ee6e43,272903:15,15,منطقه 15,MUNICIPAL_AREA,2025-12-22,1404-10,298,دی - 1404,40223638.18,40319451.84,27507022.47,50989130.44,4600000000,1234,DIRECT,listing,metraj_all,3
ea4bce18-bc5d-933c-55e3-da2df6ee6e43,272903:15,15,منطقه 15,MUNICIPAL_AREA,2026-01-21,1404-11,299,بهمن - 1404,43059162.51,43154397.64,30000000,54947183.1,5000000000,1448,DIRECT,listing,metraj_all,3
ea4bce18-bc5d-933c-55e3-da2df6ee6e43,272903:15,15,منطقه 15,MUNICIPAL_AREA,2026-02-20,1404-12,300,اسفند - 1404,45454545.45,45571464.65,31138433.51,59043560.61,5280000000,1240,DIRECT,listing,metraj_all,3
ea4bce18-bc5d-933c-55e3-da2df6ee6e43,272903:15,15,منطقه 15,MUNICIPAL_AREA,2026-03-21,1405-01,301,فروردین - 1405,48543689.32,48702312.3,32038834.95,65040650.41,5760000000,1037,DIRECT,listing,metraj_all,3
ea4bce18-bc5d-933c-55e3-da2df6ee6e43,272903:15,15,منطقه 15,MUNICIPAL_AREA,2026-04-21,1405-02,302,اردیبهشت - 1405,59107142.86,59280946.97,38308823.53,74380341.88,6800000000,948,DIRECT,listing,metraj_all,3
ea4bce18-bc5d-933c-55e3-da2df6ee6e43,272903:15,15,منطقه 15,MUNICIPAL_AREA,2026-05-22,1405-03,303,خرداد - 1405,61538461.54,61702281.76,40000000,76347222.22,7200000000,1384,DIRECT,listing,metraj_all,3
ea4bce18-bc5d-933c-55e3-da2df6ee6e43,272903:15,15,منطقه 15,MUNICIPAL_AREA,2026-06-22,1405-04,304,تیر - 1405,62500000,62682926.84,40000000,79077380.96,7250000000,1384,DIRECT,listing,metraj_all,3
ea4bce18-bc5d-933c-55e3-da2df6ee6e43,272903:15,15,منطقه 15,MUNICIPAL_AREA,2026-07-23,1405-05,305,مرداد - 1405,72198067.63,72372108.4,50650602.41,90173950.55,8480000000,1264,DIRECT,listing,metraj_all,3
